t,a0_d0.025,a0_d0.05,a0_d0.1,a0_d0.15,a0_d0.2,a0_d0.3,a0_d0.4,a0_d0.6,a0_d0.8,a0_d1.2,a0_d1.6,a0_d2.4,a0.1_d0.025,a0.1_d0.05,a0.1_d0.1,a0.1_d0.15,a0.1_d0.2,a0.1_d0.3,a0.1_d0.4,a0.1_d0.6,a0.1_d0.8,a0.1_d1.2,a0.1_d1.6,a0.1_d2.4,a0.2_d0.025,a0.2_d0.05,a0.2_d0.1,a0.2_d0.15,a0.2_d0.2,a0.2_d0.3,a0.2_d0.4,a0.2_d0.6,a0.2_d0.8,a0.2_d1.2,a0.2_d1.6,a0.2_d2.4,a0.3_d0.025,a0.3_d0.05,a0.3_d0.1,a0.3_d0.15,a0.3_d0.2,a0.3_d0.3,a0.3_d0.4,a0.3_d0.6,a0.3_d0.8,a0.3_d1.2,a0.3_d1.6,a0.3_d2.4,a0.4_d0.025,a0.4_d0.05,a0.4_d0.1,a0.4_d0.15,a0.4_d0.2,a0.4_d0.3,a0.4_d0.4,a0.4_d0.6,a0.4_d0.8,a0.4_d1.2,a0.4_d1.6,a0.4_d2.4,a0.5_d0.025,a0.5_d0.05,a0.5_d0.1,a0.5_d0.15,a0.5_d0.2,a0.5_d0.3,a0.5_d0.4,a0.5_d0.6,a0.5_d0.8,a0.5_d1.2,a0.5_d1.6,a0.5_d2.4,a0.6_d0.025,a0.6_d0.05,a0.6_d0.1,a0.6_d0.15,a0.6_d0.2,a0.6_d0.3,a0.6_d0.4,a0.6_d0.6,a0.6_d0.8,a0.6_d1.2,a0.6_d1.6,a0.6_d2.4,a0.7_d0.025,a0.7_d0.05,a0.7_d0.1,a0.7_d0.15,a0.7_d0.2,a0.7_d0.3,a0.7_d0.4,a0.7_d0.6,a0.7_d0.8,a0.7_d1.2,a0.7_d1.6,a0.7_d2.4,a0.75_d0.025,a0.75_d0.05,a0.75_d0.1,a0.75_d0.15,a0.75_d0.2,a0.75_d0.3,a0.75_d0.4,a0.75_d0.6,a0.75_d0.8,a0.75_d1.2,a0.75_d1.6,a0.75_d2.4,a0.8_d0.025,a0.8_d0.05,a0.8_d0.1,a0.8_d0.15,a0.8_d0.2,a0.8_d0.3,a0.8_d0.4,a0.8_d0.6,a0.8_d0.8,a0.8_d1.2,a0.8_d1.6,a0.8_d2.4,a0.81_d0.025,a0.81_d0.05,a0.81_d0.1,a0.81_d0.15,a0.81_d0.2,a0.81_d0.3,a0.81_d0.4,a0.81_d0.6,a0.81_d0.8,a0.81_d1.2,a0.81_d1.6,a0.81_d2.4,a0.82_d0.025,a0.82_d0.05,a0.82_d0.1,a0.82_d0.15,a0.82_d0.2,a0.82_d0.3,a0.82_d0.4,a0.82_d0.6,a0.82_d0.8,a0.82_d1.2,a0.82_d1.6,a0.82_d2.4,a0.83_d0.025,a0.83_d0.05,a0.83_d0.1,a0.83_d0.15,a0.83_d0.2,a0.83_d0.3,a0.83_d0.4,a0.83_d0.6,a0.83_d0.8,a0.83_d1.2,a0.83_d1.6,a0.83_d2.4,a0.84_d0.025,a0.84_d0.05,a0.84_d0.1,a0.84_d0.15,a0.84_d0.2,a0.84_d0.3,a0.84_d0.4,a0.84_d0.6,a0.84_d0.8,a0.84_d1.2,a0.84_d1.6,a0.84_d2.4,a0.85_d0.025,a0.85_d0.05,a0.85_d0.1,a0.85_d0.15,a0.85_d0.2,a0.85_d0.3,a0.85_d0.4,a0.85_d0.6,a0.85_d0.8,a0.85_d1.2,a0.85_d1.6,a0.85_d2.4,a0.86_d0.025,a0.86_d0.05,a0.86_d0.1,a0.86_d0.15,a0.86_d0.2,a0.86_d0.3,a0.86_d0.4,a0.86_d0.6,a0.86_d0.8,a0.86_d1.2,a0.86_d1.6,a0.86_d2.4,a0.87_d0.025,a0.87_d0.05,a0.87_d0.1,a0.87_d0.15,a0.87_d0.2,a0.87_d0.3,a0.87_d0.4,a0.87_d0.6,a0.87_d0.8,a0.87_d1.2,a0.87_d1.6,a0.87_d2.4,a0.88_d0.025,a0.88_d0.05,a0.88_d0.1,a0.88_d0.15,a0.88_d0.2,a0.88_d0.3,a0.88_d0.4,a0.88_d0.6,a0.88_d0.8,a0.88_d1.2,a0.88_d1.6,a0.88_d2.4,a0.89_d0.025,a0.89_d0.05,a0.89_d0.1,a0.89_d0.15,a0.89_d0.2,a0.89_d0.3,a0.89_d0.4,a0.89_d0.6,a0.89_d0.8,a0.89_d1.2,a0.89_d1.6,a0.89_d2.4,a0.9_d0.025,a0.9_d0.05,a0.9_d0.1,a0.9_d0.15,a0.9_d0.2,a0.9_d0.3,a0.9_d0.4,a0.9_d0.6,a0.9_d0.8,a0.9_d1.2,a0.9_d1.6,a0.9_d2.4,a0.92_d0.025,a0.92_d0.05,a0.92_d0.1,a0.92_d0.15,a0.92_d0.2,a0.92_d0.3,a0.92_d0.4,a0.92_d0.6,a0.92_d0.8,a0.92_d1.2,a0.92_d1.6,a0.92_d2.4,a0.94_d0.025,a0.94_d0.05,a0.94_d0.1,a0.94_d0.15,a0.94_d0.2,a0.94_d0.3,a0.94_d0.4,a0.94_d0.6,a0.94_d0.8,a0.94_d1.2,a0.94_d1.6,a0.94_d2.4,a0.96_d0.025,a0.96_d0.05,a0.96_d0.1,a0.96_d0.15,a0.96_d0.2,a0.96_d0.3,a0.96_d0.4,a0.96_d0.6,a0.96_d0.8,a0.96_d1.2,a0.96_d1.6,a0.96_d2.4,a0.98_d0.025,a0.98_d0.05,a0.98_d0.1,a0.98_d0.15,a0.98_d0.2,a0.98_d0.3,a0.98_d0.4,a0.98_d0.6,a0.98_d0.8,a0.98_d1.2,a0.98_d1.6,a0.98_d2.4,a1_d0.025,a1_d0.05,a1_d0.1,a1_d0.15,a1_d0.2,a1_d0.3,a1_d0.4,a1_d0.6,a1_d0.8,a1_d1.2,a1_d1.6,a1_d2.4
0,1.13333,1.18891,2.15714,2.26662,3.28,4.31333,5.3,0,0,0,0,0,1.13333,1.18891,2.15714,2.26662,3.28,4.31333,5.3,0,0,0,0,0,1.13333,1.18891,2.15714,2.26662,3.28,4.31333,5.3,0,0,0,0,0,1.13333,1.18891,2.15714,2.26662,3.28,4.31333,5.3,0,0,0,0,0,1.13333,1.18891,2.15714,2.26662,3.28,4.31333,5.3,0,0,0,0,0,1.13333,1.18891,2.15714,2.26662,3.28,4.31333,5.3,0,0,0,0,0,1.13333,1.18891,2.15714,2.26662,3.28,4.31333,5.3,0,0,0,0,0,1.13333,1.18891,2.15714,2.26662,3.28,4.31333,5.3,0,0,0,0,0,1.07407,1.15446,2.17857,2.2591,3.3,4.4,5.38889,0,0,0,0,0,1.13333,1.18891,2.15714,2.26662,3.28,4.31333,5.3,0,0,0,0,0,1.07407,1.15446,2.17857,2.2591,3.3,4.4,5.38889,0,0,0,0,0,1.07407,1.15446,2.17857,2.2591,3.3,4.4,5.38889,0,0,0,0,0,1.07407,1.15446,2.17857,2.2591,3.3,4.4,5.38889,0,0,0,0,0,1.07407,1.15446,2.17857,2.2591,3.3,4.4,5.38889,0,0,0,0,0,1.07407,1.15446,2.17857,2.2591,3.3,4.4,5.38889,0,0,0,0,0,1.07407,1.15446,2.17857,2.2591,3.3,4.4,5.38889,0,0,0,0,0,1.07407,1.15446,2.17857,2.2591,3.3,4.4,5.38889,0,0,0,0,0,1.07407,1.15446,2.17857,2.2591,3.3,4.4,5.38889,0,0,0,0,0,1.07407,1.15446,2.17857,2.2591,3.3,4.4,5.38889,0,0,0,0,0,1.13333,1.18891,2.15714,2.26662,3.28,4.31333,5.3,0,0,0,0,0,1.07407,1.15446,2.17857,2.2591,3.3,4.4,5.38889,0,0,0,0,0,1.07407,1.15446,2.17857,2.2591,3.3,4.4,5.38889,0,0,0,0,0,1.07407,1.15446,2.17857,2.2591,3.3,4.4,5.38889,0,0,0,0,0,1.07407,1.15446,2.17857,2.2591,3.3,4.4,5.38889,0,0,0,0,0,1.13333,1.18891,2.15714,2.26662,3.28,4.31333,5.3,0,0,0,0,0
25,3.88602,5.09926,8.96702,14.2374,17.2035,28.8898,40.138,43.0427,73.3842,114.477,165.023,198.101,3.23708,4.86183,10.3211,17.3717,17.0032,25.207,41.9257,61.5945,73.0302,105.257,118.283,161.77,3.25014,3.81186,8.64386,14.4885,20.5955,24.8237,42.3471,60.2883,67.3241,107.626,197.118,172.115,3.10817,4.45415,8.58001,12.0871,15.6169,23.1811,38.0593,43.7567,65.8663,116.166,215.779,183.877,2.68998,5.09681,8.38926,12.8232,14.5405,23.5759,34.0431,49.407,63.7759,94.3946,117.007,225.986,3.12961,4.16748,7.16172,13.4034,14.7567,27.8487,36.8337,42.4535,51.1449,83.5872,110.615,191.555,2.58712,4.03395,7.17277,9.76773,12.4889,19.8547,34.9251,43.9974,49.3546,80.6084,99.7135,173.707,2.91264,4.1172,9.68919,9.44023,10.8671,22.4431,21.0634,37.8238,44.2027,93.0878,118.915,159.307,2.45329,2.96945,9.59309,8.44379,10.4103,17.0752,24.8618,32.9404,37.3945,100.265,109.24,189.773,1.77406,2.5468,7.13876,7.85595,11.1109,16.2533,23.0093,29.8188,48.7618,77.6122,89.9529,132.37,1.80687,2.79455,5.8291,7.53127,10.3928,16.8532,20.2003,30.096,39.8412,71.2415,73.1702,109.174,1.96765,2.61197,5.78576,6.49479,13.2147,13.7469,20.1454,31.0965,37.8929,86.0708,105.685,160.658,2.80884,2.75196,5.60167,10.2497,12.9937,13.3193,25.7637,33.4194,39.0181,86.9049,74.6235,106.83,1.95965,3.05933,5.52234,7.73054,10.2816,15.6851,21.4516,27.2611,48.9662,47.4621,85.3178,105.948,2.25075,2.22388,5.63344,6.5311,10.2072,14.7015,16.8109,24.0472,40.8017,69.3968,82.2776,122.134,2.37427,3.01819,6.29788,6.83095,8.60141,11.2468,19.5476,27.3912,44.0096,68.6677,79.0466,128.115,1.95188,2.29704,4.78722,5.68592,9.41186,12.3455,14.8074,22.9395,39.3403,71.564,66.2048,114.675,2.10411,2.34067,4.81443,6.86938,11.7889,11.8049,16.454,23.9225,38.8231,43.3996,77.0425,115.478,1.81136,2.51686,4.35812,5.83534,9.44299,11.4404,16.4468,24.7382,40.7142,53.376,67.0854,103.543,1.76735,2.5732,5.0304,5.61068,9.01128,11.8178,15.6592,22.3797,42.5534,53.6929,67.1742,108.27,2.02998,2.27854,5.22998,5.90021,7.24691,11.5504,16.8174,27.3449,30.2782,48.9587,55.9514,116.383,1.79811,2.21764,4.05209,5.3654,7.43138,11.02,15.0263,23.7835,28.4226,40.0139,59.0114,81.6278,1.72357,2.06764,3.9776,4.73827,6.18582,9.76317,12.3415,16.8195,24.9816,41.1035,55.9924,60.7942,1.68759,1.85385,4.9259,4.12526,6.18657,8.3119,11.5921,19.6783,24.6229,33.4292,45.9939,67.0546,1.79319,1.93196,3.7727,3.93742,5.66878,8.58757,11.3148,17.0506,21.0272,27.8131,41.2339,62.1224
50,7.16619,11.6611,16.4918,29.2325,38.3848,48.4958,62.2663,86.7423,176.964,235.094,252.235,391.476,5.11714,7.9972,22.6345,20.1935,38.1911,67.6783,75.5333,119.228,112.942,196.02,231.378,365.915,5.52519,8.10793,20.5883,25.6164,47.872,38.9946,53.9555,76.0843,160.033,206.775,256.973,325.96,3.98556,7.80171,14.9088,23.9561,33.427,48.9721,74.0979,135.649,158.921,239.061,338.219,414.955,3.45924,9.12504,16.2606,19.637,25.3359,58.5348,51.6081,94.1638,138.982,176.296,163.675,498.919,4.71841,7.50646,24.0844,27.388,27.3358,47.4165,51.0274,98.7943,135.959,216.584,207.718,371.216,4.64249,4.96774,15.7659,21.9078,30.2267,34.7477,41.9723,94.5626,114.076,147.498,216.823,441.045,4.4226,8.44027,14.1776,17.6334,22.5852,34.7576,38.6405,88.5417,130.331,143.211,197.125,380.562,3.09444,3.62645,10.7395,12.704,16.5807,38.8534,41.1174,83.131,84.9207,142.728,217.121,258.871,2.73048,4.02893,9.99749,12.6285,22.8155,29.1742,45.9931,59.0693,77.4368,112.907,153.036,214.885,3.37181,4.4022,7.0207,12.2794,15.9615,23.35,46.2072,58.627,62.3352,107.447,127.128,194.477,2.55107,3.65279,9.63567,13.1761,14.7501,31.2286,36.4077,43.7,108.167,98.0699,155.21,258.699,3.50309,3.78836,8.47031,13.2262,22.5857,28.2404,38.0473,63.1554,59.5719,110.212,181.477,294.942,2.7695,4.0937,11.5469,11.7151,16.5771,22.0095,29.9411,44.2748,55.6959,111.836,135.254,227.025,2.87385,3.75406,6.99471,11.3879,16.6229,17.9152,36.1893,41.8433,55.4145,89.1965,174.264,165.437,2.14682,3.21215,11.2073,9.98966,12.6047,19.0602,39.3155,43.4028,58.8053,180.228,129.505,198.111,2.06541,3.23443,8.17149,10.5471,15.1383,19.9382,36.4772,58.6455,89.3032,159.639,103.792,216.161,2.01645,3.23801,8.84477,8.68654,12.6971,24.9674,27.963,34.4214,63.1153,109.105,93.2203,185.666,2.02424,3.29554,5.52823,6.62346,13.7677,21.1271,29.9428,44.0744,66.7816,78.4945,126.192,153.845,2.46091,3.16365,6.53596,6.6269,11.0709,17.178,24.8577,39.5273,78.6392,101.75,99.9884,178.515,2.25183,2.75253,5.23855,7.72517,9.32167,17.283,21.3873,29.6137,34.4005,55.9993,75.0111,149.995,2.03492,2.15742,7.26111,6.01499,12.4118,14.406,17.8078,32.3537,34.2116,74.002,74.9867,153.746,2.36974,2.72459,4.47039,5.24424,9.22206,13.2551,16.5712,25.1007,27.8795,54.8176,72.5167,109.655,1.79071,2.16842,5.06192,5.29526,6.67855,13.3479,15.0093,23.2865,25.9738,34.3888,46.2616,99.3547,1.66105,1.99348,4.21911,4.6644,7.82727,11.1418,10.8989,19.4519,24.7402,40.2806,45.1419,74.4177
75,8.63446,13.4729,29.7885,38.7804,55.571,87.8811,103.967,121.821,186.147,331.867,398.427,722.514,7.91768,13.682,24.7832,34.6977,46.7126,123.156,143.074,186.22,170.808,234.863,456.667,682.891,5.97848,10.629,29.6944,38.0632,59.6155,68.3412,65.3061,115.408,205.879,322.126,340.053,548.527,7.733,9.80715,19.9426,34.4228,56.3919,61.0492,91.7498,168.09,149.691,336.557,531.554,545.582,4.74113,9.73018,18.4216,37.2816,38.9866,79.1592,51.9876,135.217,169.025,268.02,281.762,434.283,6.98287,11.5214,28.0889,29.0064,45.1019,73.841,81.9737,111.806,169.281,230.954,349.059,530.405,6.82709,10.3875,21.3719,21.9555,34.3725,65.3259,77.5188,131.472,137.172,220.534,242.975,461.784,6.36905,7.99355,20.0089,23.3552,34.4798,57.1381,63.3929,98.4905,112.251,233.407,300.887,422.51,4.46296,8.58443,14.8122,13.981,29.1078,56.9823,66.6231,102.295,124.38,155.987,306.459,515.368,3.28318,4.93196,12.2993,17.8957,29.1267,39.3902,63.8679,105.692,120.843,208.435,289.11,542.827,3.7983,4.46812,11.5484,15.9399,24.7255,41.395,65.0337,79.0651,104.359,219.608,294.869,464.151,3.06548,5.49458,10.1153,15.5371,22.9229,45.3479,60.0032,69.4016,126.989,133.422,211.408,447.434,3.19062,4.98974,10.2882,15.3168,22.2041,54.2765,62.8762,81.9419,74.9625,148.118,167.841,493.902,4.03379,4.93103,11.674,14.4379,25.1499,30.0329,45.3399,113.925,77.8549,157.412,226.992,350.229,3.16767,3.98226,10.5183,17.2049,19.0103,30.7364,41.8234,54.0797,69.0562,142.872,215.969,289.978,2.72883,3.55239,11.1145,13.5547,28.7619,37.2597,41.8027,96.8571,52.3085,199.426,162.424,228.329,2.48812,3.10291,9.46283,14.3872,15.0571,33.9483,55.1247,89.9313,84.1841,176.672,161.326,322.093,2.86747,3.90228,8.70961,12.6276,18.7815,34.7176,36.1838,67.1324,89.8143,156.423,121.029,218.999,2.83828,3.62379,8.49768,11.9555,11.4317,27.6955,40.3391,60.8912,100.2,106.61,119.741,311.567,2.70225,2.94817,8.21825,7.743,16.5519,23.3332,30.6306,72.9445,77.9831,109.525,132.384,280.328,2.09643,3.536,8.45513,10.2359,13.7976,24.1356,25.234,46.8013,75.2656,78.5452,106.131,198.251,2.30213,3.77508,7.38055,8.26065,14.1358,17.5182,24.0427,37.6997,42.4824,72.071,90.7428,188.741,2.50932,2.56302,4.98436,7.37415,10.334,13.9094,20.2264,31.0494,35.1404,90.0019,101.455,147.958,1.91518,2.61272,5.98792,5.74552,8.59697,14.0982,15.903,21.4547,38.6387,56.0622,61.8673,114.238,1.68347,2.24246,5.43041,5.95041,7.51613,9.79643,14.1689,18.949,24.3507,37.6922,54.3503,90.2712
100,11.252,19.4862,38.5144,49.5789,65.2586,89.0332,145.319,152.714,187.212,511.446,509.36,1145.75,11.6813,14.0006,30.9337,42.9286,72.2722,104.304,137.898,186.053,209.412,296.001,616.106,687.685,7.94268,11.6234,24.8126,47.217,53.7516,84.1912,91.3592,141.085,253.901,364.251,487.711,752.741,8.37357,13.5747,35.1114,45.6171,92.0466,92.2908,123.446,217.09,169.58,504.736,478.9,600.794,6.7912,16.0853,34.627,41.9085,52.6561,120.755,112.382,159.718,225.519,383.351,339.117,574.311,6.32024,13.3587,39.7575,47.8803,48.3812,65.9165,125.663,126.297,187.892,315.904,359.795,520.968,7.93379,10.5353,27.3694,41.1305,42.0788,76.5207,103.32,202.537,161.32,292.447,324.455,640.613,7.62401,10.3168,23.0169,38.8022,39.4012,75.2662,84.4522,112.979,173.95,303.937,345.066,434.435,5.71498,8.9545,15.8421,27.0506,31.3737,60.7562,80.948,113.881,177.945,192.306,340.082,697.067,3.91131,6.10944,18.8677,27.2586,28.3361,64.6149,95.7392,138.767,163.147,208.294,309.467,705.141,5.4353,5.56615,25.1038,19.0809,26.9015,41.635,66.5877,111.198,102.646,175.703,305.357,580.758,3.67062,6.11493,16.5951,25.5505,23.2175,47.5279,79.0426,115.86,149.711,189.944,311.67,472.825,3.44242,4.92516,18.9938,17.7144,34.7737,35.5892,89.1791,74.4764,112.935,163.287,293.295,380.605,2.98576,4.8252,11.8949,21.223,33.7102,47.5968,78.9978,122.555,108.605,200.802,224.676,426.639,3.53248,5.14751,11.3129,22.191,20.577,48.3136,64.2165,85.5806,118.627,168.565,292.361,416.235,3.49417,4.60757,10.3362,14.6855,26.1592,43.8107,64.52,143.757,98.9289,181.708,221.253,333.016,3.56511,4.68124,12.7038,17.4526,25.3774,38.1648,71.3562,62.8669,117.697,179.129,191.536,427.938,2.73036,4.36329,11.0635,11.1641,22.6616,36.5514,45.0673,90.4438,117.631,268.967,186.732,475.243,2.66564,3.18592,10.5373,16.408,19.9215,33.2506,43.9429,63.3693,112.554,132.291,170.477,294.414,2.89836,4.35767,12.4773,11.492,17.1075,26.707,41.7906,84.2689,93.9312,128.777,140.004,272.408,2.55349,3.47061,7.34543,11.9774,11.337,23.7938,27.4761,60.1501,60.4056,120.529,129.763,247.901,2.96506,3.40199,8.39382,7.7842,17.797,21.0063,24.0701,37.7651,47.9112,92.3179,93.0106,250.635,2.37888,2.46437,6.1978,9.23153,10.8939,13.9684,20.0873,33.1906,36.6828,62.9505,98.3131,202.443,1.84638,2.31343,5.79513,7.06404,9.47923,14.5682,20.558,25.9255,52.9769,66.0155,90.1337,142.854,2.13852,2.2961,5.12785,5.1681,8.27363,11.7826,13.4037,23.5628,26.8777,40.1285,59.9067,80.6666
125,11.2677,16.9502,37.1556,45.777,65.3312,112.273,146.481,195.312,311.267,513.187,742.184,1163.66,9.73988,12.8136,47.8929,44.3356,71.2653,106.776,162.197,263.76,324.772,426.855,570.726,845.721,8.63978,12.4525,29.3865,71.2049,66.7985,86.3359,157.114,158.132,442.903,485.093,536.563,760.998,7.62147,16.0411,31.1302,61.5067,86.059,117.533,105.277,235.929,445.362,508.34,515.318,646.899,6.98109,16.4567,43.2772,49.449,53.3012,91.2022,130.525,243.434,237.051,541.144,576.723,877.138,7.55167,14.0662,42.6494,40.9644,52.0931,90.5972,144.113,169.513,247.656,300.653,550.368,561.456,8.08769,12.6621,26.8838,50.3942,56.8698,83.0088,134.291,225.361,250.261,344.184,597.317,752.057,7.05642,10.3875,22.4222,37.0665,51.6841,87.9239,95.6647,150.455,217.804,296.117,406.083,722.988,5.21547,10.5342,22.3029,44.4783,30.3898,74.4944,107.056,124.624,236.966,198.646,431.509,617.773,4.33984,7.12284,26.141,31.3033,42.2617,71.1973,98.5792,139.007,152.03,325.745,414.004,656.03,5.05559,4.94646,21.1488,31.3918,41.8468,62.1729,62.0638,114.601,93.3846,275.791,391.399,602.879,3.9135,5.90806,23.7841,25.461,33.0977,52.569,82.6669,155.375,195.469,209.331,313.671,518.022,3.94671,6.49963,17.4116,27.1579,46.3588,46.5362,81.7886,86.6474,127.943,196.676,286.166,624.53,4.12081,5.44446,17.6009,22.0742,36.1385,46.7412,74.8478,145.416,139.851,253.944,339.265,359.076,3.664,5.47217,15.4597,23.4629,30.5842,35.1794,77.1092,112.05,196.029,168.568,332.864,478.219,3.22385,5.42698,15.1196,17.98,27.2626,43.0725,69.407,149.816,146.467,166.698,244.633,399.426,3.80354,4.79027,12.4999,17.916,23.5879,55.5964,93.0013,94.81,145.076,271.411,235.182,414.215,2.94543,4.26045,14.1465,18.1604,30.1137,47.7358,58.0031,89.9981,180.15,245.911,334.949,523.559,2.87001,3.49894,11.7276,15.113,25.3406,36.0555,59.4978,69.1275,135.306,159.95,287.778,348.716,2.81531,3.86647,13.3076,12.7368,22.6765,28.2575,45.066,95.6024,110.06,118.347,190.185,385.454,2.592,3.2882,7.62582,10.8092,17.7622,20.4954,58.6823,47.5422,64.5016,111.832,174.637,281.176,2.90277,3.46578,8.12792,9.28908,14.3491,21.7852,36.0771,46.3974,71.5509,109.459,130.33,252.015,2.17654,2.70142,7.54115,10.3267,12.0779,16.5695,20.9903,32.0665,41.0427,86.8286,89.7464,148.644,2.00292,2.73575,5.74502,6.25588,12.3687,14.8421,21.3871,31.3983,37.4097,62.7963,123.566,118.33,1.65617,2.37318,5.41117,5.60241,6.6313,12.3521,14.2502,22.77,28.4962,40.2494,59.8757,119.635
150,10.3589,19.0065,40.9069,67.9697,75.8226,148.241,227.669,218.919,465.3,519.68,795.958,1195.12,10.2769,15.5886,47.613,58.3507,82.8869,112.605,165.257,243.252,351.121,461.476,620.166,1309.75,8.99136,16.7519,41.1143,68.8913,74.546,92.7283,154.778,161.586,407.617,447.644,597.491,764.204,9.08247,19.7863,37.6325,72.8261,91.7944,126.831,147.656,232.765,437.633,492.035,492.069,609.995,9.442,19.9535,44.5118,58.8216,69.0264,110.984,149.251,309.594,254.445,535.948,671.367,1125.46,9.84878,16.8471,58.7917,52.5303,71.7353,108.899,163.047,195.155,306.85,410.424,575.456,721.03,9.78896,12.4706,33.8039,54.211,49.682,86.6455,136.312,216.068,335.274,370.416,746.384,860.94,8.02285,12.3967,26.7205,45.9919,54.1191,86.1584,103.87,166.675,254.065,458.487,454.826,966.312,6.07259,10.5894,24.5811,43.8565,51.3576,112.589,124.891,131.494,263.89,218.074,656.318,729.549,5.49079,7.76612,25.1752,32.6208,42.1654,96.7881,98.4105,175.739,191.859,324.9,427.025,690.35,5.52392,8.83499,22.1154,41.9676,45.6234,73.4011,69.3749,113.961,158.058,256.323,567.246,533.174,4.75999,8.40752,26.1328,28.5979,44.6134,77.1991,87.6738,173.912,208.334,266.303,415.162,525.184,4.06838,6.54799,20.5725,21.995,59.2506,61.8422,124.494,111.932,137.312,189.712,406.334,658.105,4.50859,6.73079,17.8292,33.4602,32.3676,85.976,88.9285,133.456,201.791,325.13,317.7,513.025,4.23903,6.10624,15.1785,28.1969,24.3165,54.5171,75.6718,135.197,213.783,208.392,402.665,524.994,4.58835,4.57559,14.8902,24.578,32.2901,41.3447,61.6833,131.726,130.016,245.386,212.54,769.725,3.08374,6.09062,12.6401,23.0334,22.3192,47.1813,104.368,132.784,194.947,272.219,244.116,487.426,2.91997,6.84174,11.8133,12.745,36.9255,33.0553,52.2532,65.9428,183.644,187.338,421.581,603.48,3.04271,3.42626,13.404,17.0422,29.1465,37.1487,66.4036,75.4231,156.134,193.7,264.019,381.405,3.15035,4.0239,16.5312,11.4491,20.3649,31.2117,52.3077,130.156,111.147,157.96,243.944,436.996,2.28808,3.89754,8.81088,9.7378,13.9908,30.6415,37.0181,60.192,76.4722,165.786,165.328,292.157,2.73629,3.96341,9.54013,10.9874,13.5821,20.1757,35.8585,33.2971,81.6475,138.18,125.735,278.447,2.32564,3.77172,8.27654,10.0911,12.911,16.5917,19.8806,26.5121,35.6093,77.5225,131.302,196.344,1.70317,3.34287,5.45429,6.90332,11.6414,16.9214,18.3703,36.4054,44.9129,64.0017,88.0559,159,1.86443,2.4733,5.17512,5.28744,7.7485,12.425,15.0459,21.5241,29.6763,46.1721,64.4207,94.7626
175,15.3878,19.8806,41.9384,60.1448,78.0272,149.33,271.449,230.245,348.916,542.387,761.713,1661.91,12.7069,26.3099,41.3622,75.948,103.106,127.012,172.195,235.548,432.987,482.817,646.544,1385.15,9.46071,18.0739,48.0028,72.5031,86.9462,130.573,203.755,227.615,390.92,485.825,619.356,745.838,10.5056,20.6393,48.642,69.5442,97.2726,126.502,127.945,235.691,461.92,510.704,563.668,788.044,9.70758,20.1873,44.2783,60.0938,75.2922,111.5,197.34,301.851,301.413,559.41,733.797,1361.53,11.4886,20.3911,51.1838,52.7443,70.6753,116.81,172.416,207.925,290.961,408.847,580.886,936.861,9.31474,12.4859,30.1992,62.7454,54.0429,107.196,144.943,233.242,277.962,484.785,777.702,973.572,9.10652,11.8745,41.1982,43.6472,65.6322,135.235,129.541,182.47,236.91,540.403,460.939,944.688,8.84343,12.4734,22.0849,41.041,59.9843,129.448,174.475,192.324,226.459,420.303,443.688,812.143,5.42099,12.332,24.2593,37.7432,41.0604,91.074,116.061,170.341,194.82,398.933,430.032,697.486,5.87085,11.2761,22.8476,45.9585,48.0567,90.5532,85.397,146.718,196.727,372.332,437.83,621.491,4.56347,10.0833,25.1611,23.0146,44.149,125.684,131.343,145.707,191.496,451.752,421.057,483.552,3.87697,8.07331,26.9704,38.9366,56.8206,84.9825,114.842,150.698,142.436,180.866,493.439,697.279,5.66806,6.60913,17.6922,38.5003,39.6468,77.457,141.665,185.454,193.286,327.402,393.072,623.667,4.41143,8.44839,17.397,28.5471,32.9458,77.4483,81.5429,118.718,246.545,200.543,407.526,501.632,4.45436,5.37997,14.7152,24.544,38.1002,41.7478,62.9168,183.53,148.751,246.332,402.948,890.126,3.68189,6.9552,17.1776,21.8172,32.0804,55.037,103.744,105.462,157.652,242.195,427.156,471.014,3.22531,6.88091,12.7181,16.0637,32.0236,51.6035,54.1116,95.6561,143.264,244.766,376.955,519.792,2.94473,4.12149,15.5381,16.1514,26.0198,42.3493,67.5286,101.81,169.254,169.575,264.327,415.763,3.24922,4.99212,16.5526,15.5193,22.8224,39.5173,41.4219,120.774,107.418,176.173,248.591,400.88,2.57047,3.98696,9.35915,11.2001,19.5267,45.9046,39.7344,62.918,68.8704,188.39,167.216,346.861,2.93333,3.89449,11.4915,11.6685,14.6624,21.2243,46.9324,39.9809,91.1717,124.02,136.179,248.721,2.17624,3.43908,7.13315,11.1754,16.1743,14.5828,20.5169,28.051,40.9391,71.4692,121.859,162.395,1.93986,2.51533,6.11028,6.61021,10.9593,17.5237,21.646,37.4411,37.8759,58.3993,102.863,140.049,1.68301,2.39105,4.88385,5.82564,10.1912,14.0297,16.0828,25.8571,27.9454,38.8535,61.4531,103.393
200,19.146,21.314,42.1534,65.9107,71.9438,153.513,257.668,297.968,446.739,607.042,1136.01,1419.27,12.6169,27.2192,48.7604,66.3778,130.694,141.938,165.89,292.922,418.58,487.691,739.259,1319.07,9.33081,18.5571,48.1222,76.4794,88.9676,148.137,211.121,218.301,404.023,502.13,608.388,997.452,11.7268,22.1895,45.8178,88.6464,101.193,146.982,161.272,268.52,363.475,555.851,594.799,931.904,9.78515,20.0032,52.2286,64.1979,78.4666,123.206,225.671,373.885,357.673,534.482,667.075,1387.89,12.9898,24.0291,53.8023,52.7779,73.1922,111.88,189.757,213.859,345.977,541.401,611.974,962.874,11.2651,13.8407,33.5605,61.3356,57.3242,89.0818,128.253,246.311,317.896,433.264,798.543,1038.43,9.42371,12.5973,37.2331,57.0784,67.1843,134.895,124.52,209.982,262.61,487.39,542.575,1218.24,9.7345,11.1372,23.2747,50.8387,62.9299,126.471,133.403,182.898,289.523,486.287,620.544,736.813,5.18806,11.4158,29.5001,43.3471,40.7758,88.6705,131.845,162.28,222.492,404.813,421.015,726.741,6.85234,10.6753,23.7547,43.4676,38.1931,62.5378,66.1963,139.856,183.581,421.109,662.045,549.011,6.1597,10.3702,26.699,25.257,59.7507,108.651,151.742,148.267,282.106,395.969,356.257,541.104,3.91333,7.68182,23.748,32.7618,52.6218,75.757,123.207,135.209,161.243,214.76,493.438,769.018,4.90605,8.73864,26.3442,44.3185,30.2817,77.2158,135.247,170.258,168.328,297.591,352.159,570.268,3.64598,6.23059,21.9515,25.6287,28.6907,83.8456,92.0108,121.917,288.917,260.51,446.93,502.078,4.21029,5.54234,20.8659,35.2741,37.5208,76.0223,63.713,174.921,215.779,273.174,419.595,845.337,3.47998,6.16866,14.7172,29.2535,38.3607,56.5988,102.736,107.928,185.831,262.647,473.597,708.71,3.41074,6.36313,11.4129,23.3846,33.6357,60.699,81.5372,98.2751,110.574,250.604,434.058,533.218,2.8009,4.76759,10.7126,15.4275,29.5823,41.2423,64.7534,91.2882,174.453,197.491,222.857,452.349,2.76406,3.83055,16.591,18.9971,25.9656,37.2555,51.0981,114.277,97.0828,212.412,266.153,507.199,2.73379,3.83617,9.33642,11.5821,21.9642,36.8009,46.0345,69.1072,83.9632,149.096,139.313,324.045,2.46703,3.51174,9.55676,11.3758,13.0091,25.4885,49.4223,49.1995,77.2044,148.471,181.203,282.557,2.01951,3.62272,9.1979,9.52421,11.7655,17.5181,24.9119,29.8293,41.7783,82.2548,158.477,176.279,1.9037,2.62334,5.72158,5.70869,9.05095,16.3861,21.0616,33.4532,40.7994,52.9808,122.02,130.638,1.96997,2.33559,5.04106,5.64748,9.18469,12.2827,17.9413,25.6021,35.2326,44.9987,63.5174,109.783
225,19.9189,23.4744,42.9426,76.8049,63.0947,154.071,253.646,252.188,418.571,637.882,1181.12,1539.56,13.4379,29.9758,50.4248,71.4287,127.916,145.337,160.596,277.148,419.58,443.594,760.078,1272.56,9.21933,19.1686,47.5796,74.7119,97.7166,140.064,222.632,204.548,410.982,526.485,701.373,973.172,11.2773,26.5912,47.5041,94.8711,97.4768,159.177,194.268,273.054,362.541,483.316,558.202,851.172,11.133,21.549,48.8704,74.8611,68.6157,130.494,207.749,410.83,352.39,521.637,651.725,1308.26,11.9277,20.8217,61.8026,52.8021,76.2016,118.818,179.868,238.645,334.608,498.728,713.993,981.486,11.2962,15.9798,32.9236,61.9822,67.1492,105.549,148.93,252.462,352.348,535.776,819.116,984.438,9.828,12.5892,35.283,44.5013,83.2386,133.569,161.423,226.564,293.434,454.545,601.581,1296.93,9.37318,12.3188,22.5699,50.8341,64.2616,118.922,162.17,192.336,254.564,528.767,587.412,852.937,5.68935,10.3017,28.5123,47.1583,42.3595,95.4116,139.305,185.488,187.726,400.806,477.838,727.134,6.67558,10.5935,25.6905,44.9798,60.1885,86.735,83.2616,113.048,213.494,486.388,653.222,527.69,7.03332,7.43605,26.8008,32.3209,52.8843,120.761,139.671,184.701,283.071,445.388,427.734,606.718,4.09365,9.69892,23.0213,37.3181,58.7335,87.649,126.441,153.102,143.551,269.241,510.109,808.577,4.96983,8.45844,24.6065,50.9381,33.308,70.9865,104.963,162.741,186.023,385.918,288.319,680.533,5.52904,6.088,24.7345,24.7832,34.5769,86.6757,95.3177,123.659,332.766,278.601,439.377,603.639,4.0019,4.31278,23.1918,33.1519,32.555,72.7946,67.9779,167.09,213.239,245.766,374.023,893.567,3.0051,7.13634,13.6935,27.4529,35.049,70.1516,95.419,124.122,209.655,261.085,426.354,711.909,3.67499,7.19281,10.1409,27.1327,36.5171,50.7111,71.3543,107.958,169.843,219.16,438.14,621.804,3.73338,5.28326,13.3226,26.1359,30.9859,36.4782,67.3947,82.3439,173.756,191.11,277.17,440.689,3.74904,4.78542,16.1677,23.6915,27.04,38.2244,50.84,121.621,114.132,222.652,265.59,603.68,2.69364,4.65984,9.18868,10.3778,27.7354,46.6217,49.8818,63.894,79.219,178.864,176.997,327.861,2.72015,4.16739,8.04842,10.3267,20.8739,24.9717,54.2761,51.1935,69.3768,146.7,197.42,257.197,2.19427,3.13597,7.74039,8.83508,13.7093,18.4861,20.659,33.5746,42.1965,105.136,158.338,194.666,1.91222,2.52704,5.53016,6.17988,12.1283,13.4748,20.6865,27.6402,36.9165,45.1597,96.7878,108.266,1.89788,2.65378,6.04661,5.85301,10.4542,15.634,19.1033,25.6258,31.8129,43.7341,76.5154,96.6706
250,19.4311,23.2169,43.8444,71.6423,75.5515,190.235,280.722,295.058,453.068,617.178,1216.69,1512.87,17.1397,28.9667,55.8582,73.7549,113.882,143.223,161.604,276.416,444.053,474.594,716.829,1352.5,9.1266,19.55,47.7995,75.1715,93.959,177.134,226.122,205.098,479.605,659.796,722.417,1094.04,11.0162,25.438,48.7004,95.0835,96.1428,159.177,182.499,256.233,429.856,540.481,605.222,961.363,10.8858,25.6064,47.3124,74.333,73.2362,128.559,181.684,383.002,378.33,546.266,809.436,1321.98,13.391,23.7253,65.2512,54.4751,95.4552,155.808,186.683,230.186,329.031,554.154,735.908,1178.13,12.0991,18.0265,38.5143,61.4901,77.7426,104.971,106.711,287.133,325.464,526.666,836.422,901.282,9.73832,13.9155,37.5376,48.6353,85.3872,133.288,156.773,290.249,292.283,497.883,595.016,1181.43,7.99402,12.3481,22.8143,46.5572,64.4179,121.254,230.128,181.462,287.495,589.685,587.738,830.826,6.03977,14.1401,26.8929,49.0291,52.3566,97.3038,144.712,185.005,210.388,391.745,624.301,738.251,6.05171,12.9837,31.8615,44.2591,54.7524,136.06,81.5494,120.04,206.533,358.699,671.897,715.552,5.56376,9.57714,25.2095,31.1927,57.9753,94.91,149.992,181.98,269.771,384.495,450.339,606.716,4.14771,9.6886,22.9486,44.0018,47.8636,84.8715,109.447,154.948,149.981,277.194,543.596,960.465,4.69611,9.39064,24.2716,45.0376,35.589,89.9436,91.7222,162.771,185.953,438.695,368.785,562.337,4.22029,7.12713,18.2231,28.2312,32.7583,73.9126,91.1374,135.805,305.951,313.328,451.131,562.126,5.05404,6.05562,17.6427,38.472,31.1108,73.8342,63.9384,154.805,229.731,298.042,446.621,866.226,2.7505,7.04705,15.9565,26.4904,41.8191,72.2731,94.887,141.27,209.272,256.994,488.845,717.485,3.63412,7.33028,11.5236,38.4791,34.6018,53.3185,75.23,119.324,196.687,339.757,381.91,622.938,3.8466,4.2716,14.1705,26.7378,27.8264,31.4232,63.7635,120.388,170.321,232.187,275.895,430.377,4.186,3.75586,13.9473,20.0711,24.6545,36.9145,61.6873,129.04,117.73,246.391,296.931,479.152,3.13788,3.92546,7.92901,10.9555,22.8512,42.4588,45.0564,63.7371,74.9738,230.972,202.569,409.304,2.45929,3.283,8.19212,11.6948,23.7937,26.0163,51.8029,50.5163,63.5868,108.716,184.183,236.539,2.50737,3.49079,9.19756,9.29152,12.638,15.3546,23.3019,26.0769,43.4176,113.946,155.161,153.28,1.86292,2.57656,5.35653,5.79474,13.0459,15.8006,18.5374,28.6894,39.2849,70.0902,107.284,126.464,1.75781,2.7248,5.23916,5.65894,8.20514,16.0688,19.444,22.2946,31.9247,50.4875,70.0525,93.466
275,19.613,24.6894,46.4156,103.966,82.4129,177.219,258.022,294.775,472.789,602.849,1105.55,1547.91,18.9072,29.2392,56.1277,68.4346,99.0143,138.397,158.972,305.673,481.985,474.606,841.409,1275.36,10.0102,19.7435,47.4114,69.1315,100.924,147.296,227.383,216.738,416.756,579.236,714.234,1103.13,11.0329,27.3667,49.5219,95.1962,96.7029,149.22,196.764,251.7,386.719,569.564,793.606,934.274,10.7387,27.4158,49.1111,76.9853,109.339,133.373,228.289,382.717,433.201,541.276,781.699,1490.37,14.0354,21.8819,65.286,56.167,89.4912,154.502,178.22,231.264,334.316,637.732,721.517,1282.51,12.2592,15.8264,39.5614,65.1724,79.4835,116.83,150.782,294.022,330.281,507.038,893.46,927.853,9.31109,13.4688,41.8667,46.1331,87.1761,134.062,142.322,235.628,339.111,535.498,531.944,1194.06,8.04441,13.3571,22.6594,54.4326,69.2921,127.037,221.125,190.589,230.379,577.167,593.397,851.303,5.78928,16.7622,27.0764,51.3319,56.2323,97.5657,150.203,210.037,225.7,393.348,644.148,722.726,5.97208,13.7688,25.1966,44.5302,52.1067,121.466,90.3622,121.67,191.665,585.624,668.298,787.845,5.3061,11.8037,24.5554,24.8987,46.6417,109.825,154.232,148.477,269.262,380.783,604.357,586.398,3.38839,8.7343,27.5857,43.3461,46.2667,91.4395,109.964,126.856,177.859,285.919,541.895,954.971,5.59585,8.33592,23.2553,52.8229,38.4915,89.0462,160.227,150.3,211.414,384.476,368.652,739.218,4.66369,5.87616,21.4947,31.0808,31.3257,99.4481,91.4589,135.169,332.695,330.808,443.161,708.615,4.25906,5.59857,17.7662,35.1751,36.0923,81.6283,58.3345,147.85,220.769,290.904,477.884,823.826,2.86576,5.88108,14.1773,27.5538,47.3242,64.2595,93.0323,131.355,200.577,259.774,421.699,700.741,3.42756,8.66429,11.678,35.0644,31.8922,47.1548,78.84,131.854,169.833,329.205,429.116,583.282,4.61225,5.05907,12.9013,32.1746,30.1671,37.4137,64.6058,114.961,196.599,204.932,284.372,367.112,4.75856,4.41,15.8814,17.7698,26.5021,37.8644,54.893,119.835,112.958,216.4,304.32,508.039,2.64331,5.06921,10.4803,12.5415,22.9257,41.6158,48.5451,57.5252,97.9502,194.112,166.686,399.697,2.4298,3.73685,8.12827,10.4556,19.7428,22.4694,52.8613,51.6051,95.3049,121.638,177.189,250.103,2.54562,3.2938,8.50426,9.77684,12.5665,18.207,24.9213,31.5124,41.9176,94.291,139.037,171.03,1.89108,2.93026,5.8214,6.94455,11.0104,13.4065,21.5499,27.3313,41.6134,71.906,91.1803,127.461,1.71117,2.60982,5.0897,5.33785,12.0186,15.7215,16.9407,23.531,31.3049,47.1439,65.8329,88.4414
300,16.9678,24.8841,46.4156,106.84,77.4117,180.289,261.1,301.382,388.79,618.701,1219.45,1527.03,19.535,23.487,58.8751,75.1453,90.0596,146.372,158.145,316.84,379.255,465.431,805.771,1304.45,9.85348,21.8051,49.5441,75.7218,96.1405,149.287,235.734,210.725,538.162,683.491,719.011,1100.35,11.0965,25.5082,41.5186,96.6576,95.2488,164.226,225.405,293.783,419.591,566.783,793.606,962.421,11.8452,25.9858,49.8017,78.0221,106.724,131.547,228.289,417.595,448.554,544.852,751.122,1447.49,14.0326,23.4412,62.7894,50.95,85.0755,145.617,175.039,224.683,368.167,633.546,812.275,1305.79,14.7764,16.0139,39.8245,58.9284,79.4835,106.957,161.323,314.985,377.767,534.037,893.497,979.365,9.62299,15.0078,41.3553,51.6306,75.144,134.347,158.06,356.499,349.09,513.58,644.848,1329.13,8.29982,12.2178,27.9406,54.0267,69.4081,141.318,232.544,199.066,256.035,600.798,591.241,851.303,6.58084,15.6088,28.7764,50.4912,53.9516,86.299,148.607,230.273,220.389,393.419,645.783,693.566,5.24948,13.2678,23.7402,39.1996,62.6575,146.833,84.1153,162.669,217.78,547.333,616.735,642.513,5.93267,11.1103,22.4586,29.737,54.0275,116.673,167.425,183.972,269.2,339.666,526.171,804.731,4.54818,7.69226,23.5863,41.0361,48.3383,74.0687,117.074,150.411,178.858,283.722,522.195,915.383,5.15152,7.95944,21.8069,46.0601,37.9989,76.9232,131.348,157.164,160.924,359.352,362.198,732.618,4.38213,5.39459,21.818,31.8091,33.1373,94.2634,85.3626,119.451,302.476,294.387,442.504,656.696,4.3907,4.74894,21.1478,32.8721,29.9303,66.2064,61.1312,147.847,220.989,308.617,361.47,971.771,3.45501,7.7242,15.8468,26.1344,46.2482,60.2132,93.6351,134.122,207.185,283,427.246,667.728,3.03323,6.82727,10.6422,23.8265,30.7307,65.3117,86.7786,121.216,188.08,347.043,402.248,639.538,3.52059,4.65091,11.68,26.5263,37.5361,32.6282,65.1914,119.276,172.554,209.458,288.278,450.12,4.1994,3.97606,14.3029,22.1189,25.6743,38.811,57.8825,116.979,109.835,240.097,274.6,511.364,2.73748,4.61342,8.40567,10.5664,18.6816,40.5598,50.3821,64.3774,81.1005,217.899,181.768,431.693,2.59036,3.63635,6.1321,11.1146,19.1292,27.3395,51.7888,43.5694,80.5857,121.339,172.435,399.779,2.17026,3.48711,8.99603,9.26368,9.56009,19.3985,20.1147,33.5659,45.1753,91.3443,157.905,192.217,1.92308,2.55646,5.00117,6.67174,11.4488,12.5885,18.999,23.8257,49.2902,83.1108,115.899,121.739,1.77612,2.65081,5.30833,5.40454,9.66874,14.3185,17.9746,25.8273,30.3561,45.1217,63.361,93.917
325,20.917,24.6399,49.4223,121.394,74.8524,171.101,269.505,298.456,464.028,618.92,1167.76,1490.51,19.535,27.4233,70.7078,75.2419,121.047,148.627,164.906,307.937,452.06,478.064,856.097,1345.65,9.85348,21.9642,49.5441,78.3891,97.2815,144.143,221.11,219.392,537.662,660.82,690.287,1107.99,11.53,27.646,56.2799,102.168,95.2488,151.5,217.54,295.305,419.591,542.847,892.975,981.777,13.1692,25.0829,47.2172,77.1595,117.033,136.361,230.364,391.929,448.554,544.852,896.038,1420.44,14.0045,23.8135,55.8929,50.9127,89.6218,145.762,168.669,227.982,405.773,827.088,811.095,1384.79,15.1663,18.765,38.6228,64.477,82.4966,121.343,145.056,305.352,355.01,556.362,926.209,1015.69,9.41142,14.2533,38.4645,50.4258,83.7428,129.664,151.531,345.437,356.331,487.923,603.995,1143.03,7.82291,12.1969,24.9881,55.2976,69.1192,141.318,226.983,195.975,246.54,600.798,531.132,853.277,5.91849,16.0493,31.7105,52.6011,47.1898,89.1943,149.794,232.47,195.481,368.771,636.946,743.799,5.56246,11.8943,24.9126,40.4656,71.7132,138.172,86.5226,137.526,234.019,654.964,655.421,545.541,6.52314,13.0808,23.0426,29.1621,55.7328,109.253,164.402,170.701,267.914,324.104,468.451,609.115,4.30118,10.0284,25.7197,38.086,39.7203,86.8912,121.999,155.19,177.197,268.163,556.665,847.127,5.40787,10.4304,21.5625,43.1877,30.8234,69.3746,151.857,146.746,192.137,462.847,358.028,718.484,4.86697,7.66619,22.4105,32.2896,32.3883,80.4346,82.0517,122.406,325.264,304.968,455.171,628.449,4.63241,6.44216,17.8009,32.5768,38.7374,73.6854,66.4944,138.13,199.469,308.704,389.38,1024.23,2.93866,5.67387,13.442,24.3127,40.3537,56.1045,95.3568,106.614,218.815,264.68,459.479,701.469,3.28578,6.70566,12.2406,32.6969,30.9175,51.3074,79.3607,117.802,165.539,363.299,414.399,522.586,4.02641,5.58381,13.7853,27.2781,33.4901,34.0458,67.016,124.258,187.767,203.887,251.733,425.716,4.56548,3.84174,15.2517,25.6224,25.1373,41.437,56.5613,128.999,110.674,220.01,252.132,527.832,2.64327,4.72613,8.01665,12.2412,21.3034,39.0701,52.3906,66.3781,69.5216,172.194,143.866,430.039,2.40162,3.2437,7.87321,13.0354,20.4062,29.7031,59.5637,46.6105,57.1603,148.822,182.548,338.511,2.38171,3.44025,9.94441,9.43938,12.0358,17.122,18.8039,35.1742,42.3716,93.7883,134.027,192.603,1.94712,2.70041,5.361,6.18121,8.92452,13.1719,16.7347,32.019,51.8391,62.592,100.998,131.647,1.75108,2.7207,4.70685,5.60878,9.2591,12.7509,19.5285,27.7547,29.9111,49.236,69.2423,92.8055
350,21.0855,23.1148,47.2268,110.997,77.716,180.289,270.657,319.238,464.028,618.92,1253.95,1503.64,19.26,26.9018,60.584,80.4001,121.047,143.328,165.181,311.625,394.361,503.066,841.768,1180.93,9.61092,17.3923,50.0115,86.8077,108.262,147.402,266.18,216.391,568.848,647.751,764.305,1025.98,11.53,26.7543,61.2149,103.392,95.2488,135.619,227.229,292.496,421.313,550.524,849.464,1052.53,12.6482,26.763,52.5601,75.9936,110.242,131.042,225.504,409.602,431.048,546.172,896.038,1393.88,13.2592,25.396,65.8145,52.4481,86.7361,145.762,187.327,303.019,376.191,728.894,671.572,1360.91,15.5755,19.5461,38.5589,63.5253,77.1127,123.961,161.113,303.97,371.226,532.044,828.844,1015.76,8.99679,12.8634,38.5282,49.2615,85.0361,131.654,158.503,319.786,333.044,516.803,553.057,1278.98,7.1115,13.1786,24.8318,56.6857,69.0188,135.056,226.967,194.426,323.259,624.425,588.181,853.299,5.59113,15.88,28.3568,52.4052,59.2174,93.8664,145.452,232.496,244.421,357.95,495.523,754.209,5.34693,11.4436,30.6379,35.8435,76.5965,142.556,89.2334,121.838,238.228,616.966,632.945,789.918,6.47772,12.1236,25.6183,23.6465,54.2091,109.193,176.052,164.727,266.646,421.162,452.425,531.912,5.35393,9.91822,22.2124,37.3473,44.834,97.3247,130.329,161.635,175.501,314.98,556.607,676.36,4.2712,8.06615,24.6928,48.8155,38.6398,77.5519,146.794,161.782,172.494,458.64,384.037,786.581,5.0913,6.92466,21.7081,29.565,32.4962,67.6629,85.9842,122.231,330.111,241.057,464.184,718.4,4.5686,5.02813,17.0933,36.633,27.3772,79.7888,57.9722,141.186,203.389,366.296,328.285,881.741,2.97256,7.12545,18.9978,22.2529,46.305,56.4963,83.5152,146.935,214.662,260.489,445.804,537.587,3.18533,7.57532,12.3506,31.7869,33.9913,64.3497,67.7821,140.617,186.333,368.937,415.841,519.199,3.96015,4.55372,12.8223,20.2177,31.2783,37.4133,66.9426,128.193,182.975,219.922,240.595,485.662,4.44025,4.30737,14.8485,23.2343,20.1629,34.9934,56.9611,107.413,103.221,223.704,276.58,534.624,2.78264,4.36303,8.67714,12.4938,18.2459,40.4342,50.4007,65.8132,77.6824,172.783,174.077,383.713,2.48813,3.09315,7.19336,14.33,20.6648,36.2557,55.4599,45.2251,72.0491,148.265,160.414,219.31,2.49769,3.48645,8.56322,8.04842,11.7145,14.0942,20.0214,28.5277,43.4081,89.3962,157.636,160.517,2.12996,2.32255,5.08474,6.01643,10.4073,15.6988,15.7208,33.2152,41.092,60.0347,94.6579,140.85,1.75376,2.58801,4.56384,5.15948,9.26405,13.0011,17.9581,20.5698,30.1361,46.5348,70.4239,82.71
375,21.2266,24.7008,47.6344,111.984,85.9354,182.147,270.657,359.336,464.028,578.912,1253.95,1389.69,18.5591,27.6378,79.1295,79.9168,115.88,151.976,165.366,308.521,487.46,455.64,901.751,1328.6,10.8439,20.0464,56.6039,84.6789,104.364,144.248,253.58,228.735,503.251,673.489,722.259,1010.06,11.5573,27.3284,60.5583,103.432,95.2488,153.486,201.089,286.403,421.727,563.461,878.214,953.163,12.6542,26.3489,44.4861,76.9401,118.092,130.681,242.944,366.193,418.193,523.46,879.824,1348.33,12.8611,25.0293,61.3056,57.3571,89.6218,139.99,181.066,270.517,405.858,739.787,798.722,1220.2,15.5469,20.4019,38.962,66.3399,79.3612,121.345,145.821,304.502,390.124,529.725,885.753,1083.68,9.07085,15.4379,43.2899,51.0912,88.92,126.577,159.502,312.316,299.968,527.568,638.195,1254.9,8.52137,13.3618,24.9784,55.6724,68.0615,148.812,208.802,169.201,282.834,583.37,604.865,870.939,5.61353,16.5396,26.8608,46.2303,60.0691,82.8845,157.282,221.837,208.404,391.736,658.992,750.792,6.38014,12.5322,29.2483,41.0419,77.72,153.691,81.7059,118.306,237.868,616.96,655.22,874.105,6.32422,12.8416,26.709,28.7427,52.7253,129.88,180.17,178.767,273.592,352.159,435.633,596.321,4.73792,9.55823,21.6504,36.9508,45.3628,95.813,123.009,146.867,175.937,281.2,556.503,966.476,4.90385,9.46561,21.9713,49.4509,39.8656,61.4704,139.668,136.757,175.579,446.384,356.212,673.257,5.04957,7.26736,21.2417,29.8868,32.5479,84.3256,72.8299,121.311,323.425,279.248,484.131,743.901,4.4269,6.08794,16.036,37.0033,33.412,76.8307,57.1987,139.236,201.77,331.651,405.735,1057.97,3.6815,6.84938,24.0552,22.9848,43.8806,60.1017,83.7249,96.3713,190.058,253.276,458.485,746.71,3.28246,7.97809,7.7884,28.9786,33.972,68.194,64.4078,124.831,178.46,318.215,413.316,628.847,4.08972,4.90166,12.4664,23.6014,28.9051,36.2214,78.9883,91.0099,144.869,192.946,242.103,382.651,4.52975,3.47675,14.4523,20.8575,22.8698,38.7591,54.4419,107.35,99.7156,200.399,263.839,515.476,2.752,3.81987,9.92113,13.1814,21.0648,39.5936,61.0207,79.5553,72.4875,201.679,180.861,408.915,2.3291,2.9087,6.75007,14.7988,18.5608,34.545,47.9881,48.5855,63.7044,136.173,158.884,250.275,2.49602,3.44973,7.76738,8.38053,10.3244,16.6235,21.7483,32.9938,38.7308,75.7335,144.959,190.827,1.91484,2.8151,5.07625,5.07549,13.1523,13.5299,16.5897,31.2633,47.8041,57.9358,94.3524,141.666,1.73926,2.5944,4.55823,5.53981,9.0666,16.2887,16.7865,21.1755,26.6668,51.7961,66.6547,79.1989
400,21.2266,24.8698,51.0011,113.109,81.967,182.147,270.657,358.637,461.045,592.121,1153.45,1539.9,19.26,27.7049,72.9324,79.7568,123.455,143.747,165.366,303.381,355.924,526.671,1042.1,1453.68,11.8871,21.4213,56.6039,86.7732,103.699,143.253,244.967,252.61,490.016,673.489,722.259,1010.06,10.5568,28.4404,60.55,98.69,95.2488,153.486,214.081,284.92,421.727,563.461,886.844,1038.4,12.7675,26.2711,52.5601,78.3389,117.434,122.643,240.901,404.423,417.295,532.097,941.371,1445.54,12.6978,25.0293,61.3965,57.3571,87.4575,146.947,174.359,334.753,407.265,706.149,765.949,1366.78,15.7634,20.5097,32.5414,66.4544,82.3108,123.266,160.834,298.101,418.936,527.031,885.753,1008.09,8.91687,15.9539,37.6861,52.6107,87.3075,109.235,140.406,310.623,346.299,548.995,609.133,1052.75,8.51118,12.3968,23.2758,58.4908,69.5237,143.709,222.682,203.959,295.133,504.019,604.85,870.939,5.64321,16.7119,31.476,50.3127,56.3198,82.9574,154.892,228.357,241.823,397.968,696.989,738.126,5.89307,13.0258,30.2171,38.4094,80.2717,163.549,92.5861,118.738,250.685,577.027,655.238,905.343,6.3778,11.8331,24.5882,29.2504,49.3284,119.375,178.164,174.845,246.361,438.339,497.694,565.314,4.15993,8.66381,23.3629,35.2041,44.9849,94.8225,130.487,124.163,147.549,268.784,547.221,825.579,4.9982,9.31733,23.6419,46.2412,34.3926,67.1917,139.39,134.551,200.819,443.911,346.317,822.356,5.11022,7.43651,21.6744,30.6907,30.4678,74.5825,79.1977,127.822,328.454,287.129,460.12,754.904,3.96465,5.93792,18.4095,35.0496,35.9977,75.3334,57.3542,134.918,174.756,282.005,363.022,1026.03,3.34018,6.28768,22.0422,21.5984,50.545,59.7003,87.6797,147.172,212.557,256.759,404.237,746.97,3.46999,8.61552,10.5578,27.8467,25.2103,55.0886,69.7293,120.72,184.028,355.732,411.813,613.204,3.96658,4.71239,11.5135,25.3312,29.3283,35.0208,70.8948,112.76,170.91,219.705,197.683,562.222,4.23199,3.98392,14.5625,25.4367,21.9155,39.7041,54.5956,100.617,98.6832,211.789,302.853,536.938,2.66963,4.31767,9.28698,14.2154,20.6641,39.2203,52.9219,75.0486,61.1487,201.11,167.43,426.152,2.41139,3.0334,6.60429,12.9454,18.8736,34.7669,54.6266,45.0196,52.1211,90.4978,160.597,371.283,2.51301,3.49049,8.59701,8.26057,11.0202,15.9529,20.444,31.4124,42.7118,79.3846,146.562,230.216,1.83449,3.00221,4.919,5.21331,12.4001,9.75096,16.5136,28.4635,43.0634,78.3228,85.3652,125.486,1.756,2.6937,4.53621,5.32883,8.73956,14.0963,17.0541,21.3409,27.9687,48.8791,80.8301,80.8885
425,22.4866,24.8698,48.3088,119.152,90.3265,182.147,267.62,329.596,464.028,607.072,1153.45,1539.9,19.26,27.2115,75.6539,81.6269,119.713,152.101,163.14,315.601,445.525,538.572,1036.09,1453.68,11.2197,21.4213,56.6039,86.7898,108.743,143.434,252.892,230.651,490.016,681.837,722.259,999.802,11.7612,28.4404,61.709,102.379,95.2488,153.486,194.26,282.346,422.417,563.461,763.935,1009.06,12.7675,26.6451,48.0315,76.9583,99.959,131.688,285.014,380.29,412.974,513.109,739.511,1445.54,12.6066,25.2136,54.2144,57.3571,89.9093,146.947,177.262,326.732,407.265,686.774,810.073,1261.29,16.0094,20.649,36.0503,66.5378,84.3186,126.173,154.686,285.017,366.444,521.435,885.811,1008.09,9.29223,15.5863,44.3002,47.2079,80.2481,127.899,145.237,304.845,332.522,517.536,627.31,1101.93,8.7207,11.9088,22.9408,55.9558,69.5605,143.721,210.672,178.605,305.798,550.99,605.047,871.453,5.64321,16.0579,30.8221,49.7489,55.7041,91.1947,152.579,228.386,241.062,363.524,686.926,746.928,6.18004,12.8032,29.3102,38.5973,65.3839,157.942,110.462,119.216,221.992,577.047,655.085,900.485,5.79736,10.6602,25.3855,29.1124,52.918,116.586,172.846,158.182,227.823,324.034,497.994,596.342,3.36625,6.86134,23.0728,34.3407,45.3552,98.1276,126.669,111.614,165.753,268.667,541.637,968.291,5.16457,10.2882,24.2396,39.8823,41.788,74.5829,136.895,154.552,200.79,345.585,328.32,685.77,4.59025,6.45773,18.7993,29.77,30.882,81.9484,79.8388,120.045,320.645,284.013,461.295,841.707,4.59835,5.47775,18.4015,34.3687,32.6412,65.1976,57.3041,140.008,205.225,301.755,349.26,1025.85,3.87515,6.22066,23.7075,23.1705,48.4596,56.2781,85.64,118.315,197.508,246.014,385.676,854.527,3.05652,7.33057,11.2183,27.5518,30.6121,60.47,80.2384,106.967,158.066,306.979,389.723,638.744,3.3419,5.5451,12.2198,25.7547,28.783,34.2977,85.0783,108.902,141.716,195.792,228.488,555.806,3.96764,3.5256,14.2351,25.1061,23.5301,38.2652,55.2101,106.07,98.7344,204.829,256.714,449.114,2.52905,4.11447,8.05977,12.5681,18.9506,39.4226,62.813,62.3296,77.0896,179.181,177.057,376.15,2.40082,2.92607,6.73737,11.5039,17.6269,31.3141,55.1095,41.088,50.2456,137.769,174.932,351.723,2.31689,3.58552,8.19729,7.09613,11.9349,14.8706,19.8953,27.446,44.7893,78.5039,138.177,263.912,1.97413,2.86848,5.72883,8.33911,11.4205,12.8068,16.5894,34.8756,48.5935,53.0751,80.9383,151.076,1.87536,2.38827,5.00739,5.3517,7.52728,14.138,15.0583,27.0336,26.689,41.625,75.3607,81.6316
450,19.884,24.8698,47.1913,116.408,87.7193,179.632,267.62,362.23,464.028,607.562,1153.45,1519.45,19.26,29.1029,75.3921,81.4669,121.047,145.194,156.606,306.933,441.021,537.015,884.202,1440.76,10.5896,20.0991,54.7926,75.1555,92.1911,143.434,266.883,226.578,493.811,681.837,719.808,1032.41,11.8342,27.5868,60.57,102.379,95.2488,153.486,193.07,254.449,391.321,538.679,832.042,1026.52,12.7675,26.6166,53.3744,73.6816,102.805,130.678,277.462,407.62,402.572,552.583,739.511,1407.53,12.8199,25.2136,61.8886,57.3725,89.9093,146.947,170.223,330.062,407.329,665.819,835.697,1356.82,14.8801,21.0441,38.0519,60.1635,96.9206,126.654,141.353,294.552,367.104,477.023,885.811,1008.09,9.00625,15.0717,43.0839,51.909,87.55,119.264,153.861,323.049,357.153,589.804,641.806,1248.39,7.4136,11.1303,22.8146,55.5309,71.3858,142.317,220.977,204.436,298.057,617.169,593.489,871.517,5.86416,17.0377,30.5559,47.7779,51.9288,87.1616,144.198,224.11,228.647,389.509,677.136,769.296,5.83336,12.4305,30.4045,40.4846,69.1439,159.762,110.171,118.077,193.548,590.154,655.154,839.697,6.23882,11.1892,23.6204,27.4401,52.2515,106.753,170.885,174.039,249.034,357.597,476.338,611.333,3.13784,8.30355,22.1525,33.7258,42.8758,97.4832,103.992,122.34,163.929,268.577,536.418,940.865,5.39314,9.25407,23.1377,39.3041,32.062,75.14,135.264,155.359,187.185,441.646,350.605,762.373,4.68506,5.89403,21.0827,25.0396,34.5768,79.7305,81.174,126.895,319.937,281.176,461.113,824.879,4.43416,5.45826,16.8967,28.6252,31.0121,70.3322,55.0722,139.041,199.814,304.734,334.24,1024.88,2.938,7.1386,25.4222,22.9899,50.2871,47.4991,84.9984,92.1708,202.062,225.003,390.097,791.843,2.91606,8.04195,12.9575,25.3242,29.9629,70.7491,72.1712,117.884,185.59,309.024,385.545,632.392,3.80411,5.57084,12.2214,24.8412,29.509,36.2814,79.1368,117.575,162.951,217.096,288.311,508.124,4.36937,3.81242,12.7186,24.5851,26.3171,35.3789,50.1307,101.464,103.281,190.2,277.757,442.978,2.7193,3.86522,8.37337,14.657,18.1352,34.595,67.5114,71.8982,88.2071,181.967,174.247,368.162,2.53282,2.8545,7.42625,12.6189,16.9267,28.6852,52.5368,49.4045,47.9475,125.994,167.806,330.734,2.18353,3.28519,7.30219,8.46789,11.5318,14.3852,22.9378,29.6644,61.2795,98.6017,136.735,221.727,2.19673,2.7543,5.77488,7.77797,11.1959,12.6959,17.7355,31.7906,44.1968,61.9362,73.4973,139.437,1.89921,2.61226,4.50815,5.77113,8.15279,13.3034,15.4483,21.9118,25.4814,42.1989,67.7554,72.1948
475,22.4866,23.151,50.1722,119.152,87.7193,182.147,267.62,344.424,464.028,607.935,1153.45,1519.45,19.26,27.2115,69.5062,74.6402,121.047,154.218,165.028,317.489,441.021,498.9,1041.31,1372.72,10.5896,26.488,56.6039,86.862,104.92,143.434,268.421,213.597,529.599,681.837,679.789,1032.41,11.6599,24.5487,60.0989,94.9739,95.2488,153.486,193.817,277.927,422.417,566.002,832.042,1038.45,12.0683,24.7942,52.4769,77.8683,100.404,124.908,277.462,398.705,402.572,578.265,739.511,1397.21,13.5814,24.7331,58.5568,57.3725,89.9093,146.947,178.45,329.341,407.329,691.62,835.697,1330.86,15.5399,18.2073,38.0519,68.4042,97.7895,118.67,153.273,312.219,416.736,518.214,885.811,1008.82,8.98974,14.4816,43.753,55.1106,80.8923,135.146,157.6,313.207,370.134,527.96,596.53,1248.39,7.98034,12.0111,24.1117,52.0162,71.3757,147.213,202.409,204.456,328.351,550.284,604.913,871.517,5.47586,16.0943,27.7815,45.045,58.2868,89.9788,153.502,211.641,239.307,389.006,675.973,764.957,5.78869,10.7464,27.8673,39.171,72.9398,160.929,78.9058,111.547,242.858,590.295,655.323,870.222,5.88758,10.6201,25.4803,24.2343,54.3536,107.569,149.821,169.569,259.045,395.136,405.62,611.329,4.64565,8.42575,22.8076,35.3639,44.8172,89.0374,124.183,120.754,156.952,276.646,578.152,940.98,5.11613,8.47865,22.5266,43.8799,34.6403,63.4382,130.667,155.488,186.043,450.007,342.744,748.476,4.37765,6.28464,19.0471,30.9152,34.2792,75.4321,75.4664,120.767,244.919,288.875,464.111,794.34,4.24686,5.51599,18.3114,28.5645,31.8592,73.6998,53.0963,127.893,197.134,300.466,398.653,1040.65,4.76129,7.16891,21.5334,22.9699,53.5585,55.5073,74.3791,112.984,199.106,235.791,421.739,820.798,3.07069,7.97641,11.936,22.2648,30.6085,48.7625,72.9205,114.536,168.367,341.265,366.696,634.834,3.83357,5.04485,11.2995,29.4666,28.7457,34.79,73.7157,107.074,149.967,186.701,271.796,522.389,3.93221,3.71027,13.2618,21.9571,25.6713,34.2582,48.415,95.9359,108.159,200.117,301.15,479.131,2.67069,3.37529,8.14593,11.8376,18.0435,34.6262,71.3385,61.7714,81.0901,193.188,161.778,387.13,2.45143,2.69481,6.34849,11.7383,15.1506,24.9563,52.3527,46.0296,46.0316,122.152,145.865,258.161,2.26737,3.16512,6.80759,7.7368,9.93277,13.8502,21.3129,38.3365,44.3092,76.0952,142.755,222.482,2.1322,2.42972,5.50744,5.68457,10.8549,11.7081,14.3699,29.6369,41.2234,62.8764,82.9608,118.074,1.79736,2.30633,4.86698,5.62053,8.38362,13.2841,15.3463,22.8368,23.6777,51.8357,63.9553,83.2259
500,18.1688,25.0883,50.9785,114.435,87.7193,182.147,267.62,360.258,474.012,607.935,1111.21,1519.45,19.2786,27.2376,65.7739,79.9942,121.047,154.007,153.902,317.592,441.021,530.904,1041.31,1410.5,10.5896,25.5391,56.6039,83.2558,100.471,143.777,268.421,234.359,505.188,634.543,722.259,1032.41,11.7397,28.7537,58.52,96.2809,95.2488,144.097,167.957,285.01,422.417,541.063,832.042,1071.94,12.1927,27.1883,49.4495,77.8683,84.4826,120.705,274.934,401.423,402.572,539.293,923.588,1378.91,12.877,24.6481,61.444,57.3725,88.6927,146.947,179.978,336.714,372.131,704.638,750.603,1317.36,15.2387,20.008,36.2638,68.4042,100.13,117.538,170.586,302.34,416.736,518.745,885.811,1008.82,8.82895,15.1219,46.1036,53.5224,87.0352,121.887,142.846,282.151,286.007,519.382,646.973,1228.49,7.67949,12.4462,22.6941,54.7892,71.406,127.232,203.409,204.406,328.577,617.24,604.861,854.821,6.00659,15.4748,30.8272,48.2428,50.2892,93.7669,143.596,230.779,202.205,361.695,646.953,727.835,5.93731,11.3452,25.2729,34.4365,67.5535,166.273,100.935,156.28,212.605,565.682,661.45,846.746,4.86394,10.6796,25.2998,27.3022,53.6887,105.907,163.579,169.544,263.423,332.85,481.037,611.299,4.75019,9.21351,24.0153,32.0582,44.1385,84.2746,120.534,116.003,160.192,307.356,493.004,969.469,5.10846,8.6592,20.7265,43.6484,45.0463,67.9088,139.236,139.685,184.024,440.785,356.086,655.424,4.61064,6.55629,20.3258,26.1542,33.0682,79.1654,79.176,129.028,232.674,284.133,482.654,749.863,4.0029,5.87767,17.5421,31.1896,34.254,70.9593,58.6284,131.396,209.154,266.175,390.457,869.199,4.26662,6.95746,21.9987,20.4765,47.1383,54.251,73.0342,142.087,197.676,233.095,381.652,800.797,3.10799,6.54344,11.4316,27.0247,28.6501,61.6739,79.1601,124.192,187.855,349.623,399.375,593.676,3.54497,4.96255,11.2785,29.8076,20.1077,33.157,68.376,107.341,151.615,196.206,278.313,470.954,4.02128,3.87748,12.7415,22.5309,22.3605,35.6991,52.1337,93.2403,91.6868,189.212,264.341,478.675,2.78171,3.46722,6.44303,13.1334,16.5319,32.9167,71.6764,61.1874,69.8004,180.327,143.069,425.286,2.48939,2.67148,7.53872,12.0291,14.5495,27.8266,51.2322,39.033,46.8625,95.7875,142.555,293.876,2.23572,3.17729,7.85261,7.47328,9.34739,13.2309,21.8463,32.6069,50.3409,89.7077,124.354,219.076,2.12277,2.92497,5.09107,6.72849,12.3238,10.8337,17.0215,31.4522,39.3007,55.6713,78.5712,127.298,1.76013,2.51181,4.97994,4.62088,7.5561,13.622,14.224,20.8659,23.2279,47.3394,61.7501,81.0298
525,21.9266,25.0883,50.9785,109.268,78.7057,182.147,267.62,360.767,474.012,607.935,1161.73,1519.45,19.1042,27.2376,65.7739,77.7006,121.047,154.007,162.875,317.489,338.291,539.787,1041.31,1296.17,10.5896,25.5391,56.6039,80.316,108.458,143.777,254.923,228.735,529.599,681.837,688.076,1032.41,11.9232,27.5448,58.52,102.379,95.2488,149.18,190.73,285.01,412.667,588.746,781.601,1005.46,12.0794,26.7733,50.6211,77.6291,105.066,129.828,253.25,407.62,404.978,497.671,896.114,1343.5,12.7287,24.6481,66.3588,57.3725,88.6927,150.248,162.995,330.191,348.591,641.324,766.762,1368.48,15.2498,18.9769,35.5994,63.6981,110.193,132.053,157.77,312.219,413.77,515.155,821.702,990.018,8.27081,14.9684,46.1036,52.0383,86.622,135.239,157.661,310.987,370.657,518.044,632.639,1253.18,8.00847,12.4912,21.3121,54.2112,71.2367,123.35,203.409,204.409,324.073,617.082,604.993,871.642,5.62305,15.805,29.7323,48.2886,58.1641,91.0703,149.495,230.602,249.773,382.323,704.721,716.183,5.81046,11.4813,31.8783,38.3294,66.0148,156.681,94.6104,130.278,226.271,516.015,613.806,898.708,5.13189,10.5185,26.4351,23.9092,52.5491,109.532,165.32,165.504,264.839,326.562,481.011,611.261,4.49939,8.82838,18.4209,39.1621,43.3553,95.1073,120.404,112.307,159.587,307.286,520.657,969.463,4.73587,9.39115,22.3558,43.0365,40.1861,69.9803,130.238,153.874,178.549,440.822,353.941,748.097,4.56822,6.00015,19.0267,28.1345,24.374,73.5245,89.784,113.22,307.184,300.678,490.149,764.541,4.45845,5.18912,17.0505,25.9903,37.1059,73.1741,54.3793,130.931,193.79,286.577,389.273,994.803,4.17557,5.19025,21.0125,17.799,47.2444,49.7888,68.0389,141.521,200.038,232.168,410.32,762.008,2.87686,8.31502,12.5852,26.2561,30.6541,64.6901,58.8543,125.829,146.093,329.136,483.775,650.158,3.59912,5.43864,11.1893,24.4194,25.7836,38.3936,76.5518,110.099,135.498,202.785,175.284,522.69,4.42641,3.53283,12.1481,23.9101,22.0434,29.6576,55.7233,87.5739,88.3826,183.431,303.247,454.27,3.0569,3.69301,6.64608,12.6219,16.1363,28.793,67.2873,66.453,71.5316,179.086,147.619,431.188,2.62797,2.72655,7.04036,11.5115,15.8419,38.1359,49.752,40.4472,45.182,113.89,151.81,296.587,2.22707,3.65524,7.25655,6.84651,9.43296,12.4612,22.4483,26.8173,42.7278,91.4311,116.517,183.22,2.04446,3.02932,5.41444,6.51139,10.7862,12.3532,16.4508,29.908,39.4633,49.7355,74.144,120.298,1.86748,2.56286,4.23261,5.06709,7.75804,14.8523,13.9296,19.9018,23.6426,44.4145,62.6834,85.4947
550,21.9266,23.9908,51.515,98.0622,87.7193,182.147,267.62,355.316,474.012,589.884,1097.4,1530.67,19.1042,27.2376,74.0573,73.9632,106.354,155.484,165.028,280.195,331.937,518.54,1041.31,1456.52,10.5896,22.6918,57.6181,85.5896,104.92,138.834,219.101,228.735,541.899,681.837,722.259,1032.41,11.5588,27.3712,58.52,102.379,95.2488,149.349,198.073,282.412,422.417,570.33,832.042,1038.48,12.9507,24.2097,50.6211,74.952,105.18,128.488,285.199,436.616,398.851,642.431,815.351,1358.52,12.3664,24.6481,63.8999,49.1256,72.1894,137.336,180.233,325.768,407.36,695.189,826.238,1400.3,15.2498,19.7111,36.0585,68.4042,104.736,132.053,157.967,312.219,354.418,520.503,885.811,1008.87,8.61899,12.9059,45.8455,55.1235,81.3547,121.064,158.916,325.162,366.812,513.716,645.268,1253.18,7.96538,12.1604,25.1986,53.806,71.2465,147.215,200.17,204.409,324.253,617.082,604.976,871.706,5.52387,16.8207,26.2463,48.2176,56.8347,92.5777,146.879,229.302,250.029,372.42,671.301,772.167,6.10077,10.0752,31.1626,29.7912,69.5763,161.952,109.765,126.896,281.939,565.478,661.693,882.585,5.40606,10.5032,23.5432,24.7671,52.6057,104.239,160.035,159.918,262.015,330.524,480.993,603.695,4.3092,8.68245,21.6971,36.4853,44.0069,85.3098,122.9,116.374,161.198,307.241,520.596,949.178,5.1172,9.10972,19.8006,44.3502,42.8618,61.4005,134.268,135.597,176.76,438.305,353.8,743.119,4.34252,5.85593,19.0196,26.082,32.5901,82.8068,100.846,111.861,291.905,297.133,481.287,842.583,4.1581,5.92361,15.6386,35.4757,37.7032,75.2894,53.2265,126.782,196.409,280.837,327.978,1001.12,4.48319,7.4122,19.7419,22.3408,46.6368,52.9049,80.7108,141.418,167.285,213.081,383.603,721.682,2.97727,7.25487,8.47782,21.165,32.0665,65.1715,66.0908,88.9463,168.427,320.882,469.306,630.122,3.104,4.74943,10.0502,30.1162,24.7886,40.0866,72.0161,114.547,149.056,178.58,226.347,424.851,4.67722,3.55259,12.8505,19.507,22.7144,34.9177,52.7352,89.1466,85.8079,164.569,262.031,444.555,2.65471,3.55889,7.56828,13.0406,14.7381,30.0057,71.3641,72.3575,78.0199,157.801,133.316,418.6,2.71454,2.61282,7.04768,11.3915,14.1876,31.1572,39.793,51.6205,44.1063,118.055,145.625,242.114,2.20443,2.82109,6.82156,8.30516,10.0281,13.5003,19.9534,31.7916,40.9537,91.8781,105.523,185.349,2.11277,2.90332,5.12915,6.0098,10.306,11.4405,12.7074,31.1505,37.9637,51.3684,71.4618,112.876,1.92563,2.40958,4.29119,4.89432,7.29695,12.7854,14.23,20.4104,21.7207,40.8227,58.2229,77.5997
575,21.9266,25.0883,50.9785,98.7799,85.1403,182.147,271.723,327.185,474.012,608.799,1161.73,1530.67,19.1042,27.2376,71.4355,77.7006,115.01,155.484,165.028,317.489,441.021,539.787,1038.6,1250.76,11.2753,22.7824,57.6181,87.5609,102.285,143.777,254.923,228.735,529.599,681.837,722.259,1032.41,11.5035,28.5411,57.56,100.005,94.8841,153.486,198.073,282.412,422.417,570.33,832.042,1038.48,13.5907,26.9357,50.6211,76.7756,97.5545,128.488,221.287,407.62,398.851,670.338,785.984,1253.68,12.6231,18.9531,63.8999,57.3725,89.6652,146.947,175.971,330.191,377.594,704.638,846.798,1429.86,14.3235,19.9886,35.1943,68.3982,88.8591,132.822,157.77,287.299,404.672,518.177,853.452,942.959,9.10217,15.1447,44.6849,59.3872,84.1035,131.924,150.913,316.891,348.744,513.716,638.399,1253.18,7.60799,11.2333,25.2299,50.1558,70.0448,145.475,200.17,200.5,304.346,617.059,590.95,871.706,5.96131,15.0577,27.2762,47.876,56.1429,85.5778,146.002,228.67,194.563,379.389,648.58,770.422,5.37409,11.471,29.9229,39.2939,72.6981,162.571,109.553,125.398,212.237,556.709,661.796,901.548,5.51527,10.2389,22.6357,26.839,51.4119,101.438,169.255,165.555,260.609,329.188,470.84,914.454,4.15253,7.78873,22.5894,36.8595,43.9603,88.8112,126.776,118.956,159.886,301.757,505.755,942.53,4.01169,8.75285,21.5599,41.5556,27.7103,65.7554,134.655,146.622,171.583,433.887,353.666,701.115,3.97664,5.26983,20.2398,28.726,36.0279,68.0921,97.5106,109.824,351.928,279.224,445.324,877.372,4.12673,5.69942,18.752,31.5342,30.2913,73.6433,53.0249,126.712,163.455,282.746,344.705,916.411,4.67716,7.33154,20.7468,17.4904,51.7719,54.8876,79.4274,105.151,172.628,234.927,385.794,696.784,2.9445,7.02865,11.4818,21.3974,19.6076,60.769,65.7143,104.511,149.718,314.761,468.577,593.234,3.77474,4.8306,9.8989,22.2933,27.7606,38.563,71.4484,108.484,144.6,203.252,263.693,465.022,4.07458,3.46837,11.9055,18.3999,24.4654,32.9069,55.2425,82.8433,87.03,187.711,299.854,475.214,2.61296,4.05015,7.2677,12.6424,17.7712,28.6468,63.6671,57.0004,73.0993,165.873,139.719,413.798,2.41623,2.6492,7.44363,10.6191,12.994,25.5475,46.9016,43.9871,42.2426,95.8833,169.587,309.414,2.02363,2.80921,6.20157,7.25941,8.89217,13.4552,21.6752,30.9274,44.0296,82.6916,113.257,204.619,2.05367,3.01107,4.59058,5.65128,11.2227,10.7758,14.6843,27.5524,43,51.779,70.7897,101.445,1.84282,2.33413,4.29151,4.70523,7.28445,12.1561,13.8771,21.8247,21.7836,46.7601,57.7941,72.2024
600,21.4981,23.5874,49.2354,104.902,87.7193,182.147,267.94,358.098,482.012,608.799,1161.73,1373.11,18.1763,27.2376,67.1339,78.3788,114.5,155.484,165.028,317.489,367.297,528.055,1041.31,1421.21,10.6881,25.4347,57.6347,85.4719,99.8095,143.777,254.923,228.735,529.599,681.837,744.102,1032.41,11.4361,28.5411,57.56,102.379,99.434,153.486,198.073,282.412,422.417,570.33,832.042,1038.48,13.7076,26.7258,49.3201,76.7574,105.18,129.836,285.014,382.76,398.851,512.173,938.772,1378.91,13.3577,24.6481,63.8999,57.3725,88.3733,156.851,180.248,323.235,407.36,730.529,819.805,1429.86,15.4122,18.5077,36.4333,67.6942,100.508,132.822,157.756,277.296,413.06,520.51,885.811,1008.87,8.88923,15.2083,43.5335,59.7458,83.618,128.853,144.016,313.988,341.467,492.341,638.399,1239.99,7.59153,12.798,28.4753,53.0895,70.1007,145.463,200.17,160.177,307.78,628.965,605.158,871.761,6.00161,15.2463,31.1343,43.1222,62.1385,94.1583,138.639,229.271,247.636,385.868,692.53,778.444,5.12761,10.9819,32.4219,36.6892,73.939,164.807,103.063,127.626,278.377,556.688,661.796,901.951,5.54737,10.5585,24.0966,27.1613,51.393,104.46,165.791,164.49,260.601,349.416,470.93,914.959,4.43354,8.37753,21.8704,38.7583,39.3695,82.8384,125.29,128.157,160.3,280.142,519.315,970.292,4.9454,10.0556,18.7299,43.2045,30.1384,70.7537,134.582,147.149,175.413,425.534,349.962,772.62,4.34401,6.44202,17.0077,28.515,28.6849,78.4828,89.5871,112.632,337.368,267.137,480.468,870.186,4.06898,5.52054,17.6921,33.527,36.9358,69.9787,58.9767,127.685,205.169,286.729,330.985,962.54,4.38492,6.4797,19.6016,21.3095,52.277,51.8095,78.1066,132.765,186.396,259.679,405.745,775.443,2.8432,7.32003,10.6757,24.7547,28.0896,64.0656,67.002,107.663,150.12,318.462,455.828,633.389,4.23807,4.48451,9.37945,22.7122,27.4991,34.6057,70.7268,86.5869,129.046,196.906,266.559,497.093,4.15137,3.59948,13.6158,21.0036,21.0442,35.2142,45.8145,84.5443,82.4625,193.127,251.694,421.49,3.14642,3.68516,8.13234,12.5628,15.3818,32.5759,56.8822,57.1719,77.7326,162.24,126.378,398.286,2.36392,2.55966,7.18996,11.0848,13.91,31.7595,46.3017,48.7052,37.4432,97.7949,125.361,300.574,2.09479,3.07506,6.63972,7.88561,9.70403,12.1106,18.7983,29.2697,39.9352,64.2416,103.614,190.114,2.0726,3.07355,4.39365,6.03904,9.75282,12.4246,13.7743,30.8754,39.1584,41.4067,70.6778,127.189,2.10179,2.36289,4.13867,4.79325,6.87859,12.6556,13.1473,18.0384,21.9696,45.5902,62.6434,84.3447
625,21.4981,25.4355,50.9785,119.152,87.7193,156.682,267.62,329.703,478.848,608.799,1161.73,1530.67,19.1042,27.2376,71.5296,78.3788,121.047,155.484,165.028,277.713,441.021,539.787,1041.31,1421.21,10.3614,25.9491,57.6347,86.5128,104.931,143.777,254.923,255.203,529.599,673.837,722.259,1032.88,11.4361,26.269,57.56,80.0462,92.3379,147.793,206.251,282.412,414.388,578.262,832.042,1038.48,13.7076,26.702,43.0442,76.7574,104.365,127.879,285.014,390.323,398.851,671.89,957.164,1378.91,13.5018,24.6481,60.1627,57.3725,85.3199,146.947,180.738,324.349,358.393,767.813,808.723,1409.15,15.2067,19.1492,35.551,68.3982,100.565,132.836,175.197,312.219,395.561,520.535,902.076,1012.99,9.31981,14.0663,43.2179,58.8913,86.2979,111.371,153.71,323.393,344.178,570.136,638.424,936.528,7.26403,12.3774,24.2589,53.0895,69.7996,145.474,200.17,204.51,320.697,617.006,535.288,871.761,6.10113,15.8259,30.9664,47.8272,61.0954,88.2844,125.987,229.269,252.581,378.406,642.144,778.417,5.84051,11.0215,30.5555,39.0004,59.1412,166.736,85.2329,125.765,295.743,556.829,557.396,901.94,5.41635,10.5535,23.5344,23.4904,51.9588,104.798,161.313,165.827,261.232,374.305,474.982,826.655,4.01701,8.32973,22.5351,34.0181,44.6812,84.3515,107.695,117.827,151.895,301.56,519.268,849.275,5.00491,9.84512,21.3101,43.4121,40.8542,57.3461,116.61,120.485,166.57,422.58,353.5,753.447,4.59909,6.42431,17.0148,29.3447,27.881,78.1432,94.8213,117.362,338.683,271.795,518.557,741.174,3.52426,5.66585,19.3801,30.633,34.9959,69.4529,53.7986,126.297,199.019,232.539,455.7,990.742,3.63818,6.94729,16.829,22.3308,46.7111,49.8218,66.5656,119.984,187.035,206.66,399.221,711.634,2.76708,6.77467,11.3434,23.9088,27.1314,52.5909,69.271,113.026,140.81,243.799,463.367,592.669,3.84274,5.19452,9.36186,17.9724,24.9777,38.679,67.8612,114.223,134.791,193.33,220.295,482.99,4.30708,3.55264,12.3651,19.3464,18.0017,33.2287,52.757,73.0697,93.072,183.129,272.785,440.905,3.67946,3.86525,7.24891,11.7637,15.8592,29.9735,60.8921,63.2089,72.4174,160.527,145.416,380.759,2.39027,2.43932,7.06851,10.5835,14.3365,35.5016,43.4014,54.3871,48.557,98.8611,129.586,242.342,2.0335,3.14384,6.24408,7.07309,8.62137,12.2135,22.7027,35.9792,39.903,86.9935,102.662,181.381,2.01862,2.77916,5.02338,5.63552,9.92873,11.9293,14.3391,29.8104,38.3129,40.8571,70.0777,136.053,1.97543,2.44476,3.9282,4.84849,7.00521,12.837,13.0508,19.4751,24.4598,42.0175,60.699,82.0371
650,21.4981,25.4355,50.9785,116.75,87.7193,182.147,267.62,358.098,482.012,608.799,1161.73,1530.67,19.1042,24.1959,69.8578,74.9942,126.291,154.007,165.028,317.273,441.021,539.787,903.078,1421.21,10.3614,25.5757,57.6347,93.4011,104.931,143.777,254.923,228.735,529.599,664.665,722.259,1032.41,11.4361,28.5536,58.719,102.379,95.2488,153.486,198.073,282.412,382.825,578.262,832.042,1217.83,13.2166,26.8427,49.3201,66.5028,105.18,127.879,285.014,383.487,398.851,586.11,962.814,1378.91,13.5591,24.6481,56.6621,57.3725,84.2302,140.361,179.395,329.74,407.36,763.332,782.189,1397,14.8387,19.2298,35.9102,67.714,100.565,132.836,179.631,312.219,413.06,501.309,885.811,1008.87,8.85129,13.7959,44.9889,61.4838,79.8596,134.575,147.354,315.869,350.902,531.829,638.548,1249.99,7.9793,11.6809,23.7299,49.7276,70.4051,150.368,181.231,204.523,320.697,576.33,605.076,781.529,5.97309,15.5923,30.2083,44.2502,60.4471,85.9482,147.23,229.913,229.198,357.029,591.387,778.396,5.81133,10.1807,31.273,39.2654,43.2615,158.049,86.131,119.748,295.755,523.843,661.904,901.931,5.62479,11.379,24.1561,25.1771,53.1464,98.1251,155.149,153.427,212.789,333.481,471.395,922.508,3.9521,8.75282,23.3143,35.5047,43.2689,84.1815,122.883,132.557,154.837,298.485,519.266,902.924,5.3946,8.47771,19.9183,45.1869,44.4657,66.9961,91.8291,138.572,177.394,392.144,349.689,628.737,4.28672,5.24001,19.5536,26.8174,28.273,79.1761,85.8863,103.694,309.088,300.963,452.005,871.636,4.00776,5.22206,18.6791,28.5835,37.4509,43.5892,51.464,124.78,211.698,283.575,391.911,990.405,3.98143,6.50286,18.383,20.4512,43.8047,52.0739,65.4218,132.086,172.713,246.949,401.056,739.665,2.72468,7.73617,9.57781,22.5709,31.8394,61.6607,73.9569,100.649,147.567,322.233,414.466,607.664,3.70048,5.33087,8.9915,22.9354,25.6176,28.6912,63.9955,100.767,121.943,195.433,254.899,517.591,4.32763,3.27414,12.9406,20.5857,25.0146,30.0075,47.5943,79.7983,99.3562,175.544,254.413,398.655,3.18076,3.34884,8.26869,10.1581,17.7723,28.9279,62.8195,66.2561,60.7935,148.072,126.133,347.749,2.45981,2.46844,6.51517,10.4456,12.7929,34.4513,39.3629,56.2721,40.404,88.4212,123.687,209.163,2.0092,3.02025,5.96775,7.03702,10.3256,11.9527,24.6631,30.4721,40.9993,69.2323,106.018,186.561,1.96867,2.93175,4.7543,5.92762,9.89806,11.5952,12.9498,28.5935,40.501,49.4741,70.2089,126.741,2.01748,2.41764,4.0937,5.07026,6.58405,11.4049,13.0505,22.5899,21.5995,42.3554,62.2437,74.9493
675,20.9266,25.4355,50.9785,116.75,79.7284,182.147,267.62,355.467,451.269,608.799,1161.73,1530.67,19.1042,29.129,71.3739,78.3788,121.047,154.007,165.028,334.981,441.021,539.787,1041.31,1291.93,10.5731,25.8624,55.3792,85.4154,104.931,135.866,254.339,229.018,529.599,659.851,719.808,1032.41,11.4413,27.8587,57.6267,101.262,95.2488,153.486,198.073,275.117,422.417,547.686,805.982,1039.21,13.344,27.9078,46.6544,72.5889,105.18,127.879,264.489,407.62,398.851,731.045,967.239,1237.49,13.7224,24.6481,63.9363,57.3725,91.0949,129.19,176.553,327.366,407.36,744.613,667.933,1397,13.9129,19.422,37.4864,59.4603,94.877,132.575,175.899,312.219,413.06,483.711,854.305,1008.87,9.17128,14.3614,43.6044,59.1926,83.8615,132.223,153.916,319.854,370.087,513.726,638.548,1252.44,8.05561,12.7393,23.3131,53.5066,71.6787,130.522,200.193,207.681,253.426,617.054,605.03,871.761,6.42955,14.8404,32.1623,44.8214,55.8658,94.8705,129.138,216.556,252.59,384.065,635.897,775.416,5.8405,10.9771,29.8062,39.9527,64.1325,164.839,78.0556,127.821,289.114,557.875,655.897,902.143,5.67379,10.9798,22.029,26.9183,49.0199,106.115,158.771,162.746,262.004,333.475,456.1,880.07,3.98474,7.32339,17.8182,28.7555,43.9198,85.7185,121.138,116.08,129.642,297.963,498.763,942.394,5.25388,9.75838,19.384,45.8732,38.0361,72.1222,114.37,148.851,167.838,386.181,353.264,692.883,4.36163,5.25621,20.297,27.402,28.1593,71.3512,97.077,110.026,342.943,280.704,481.599,862.667,3.8602,5.60286,18.4088,31.9777,33.1236,67.5665,50.5058,124.904,215.081,283.37,385.672,959.745,3.6926,6.41523,17.0361,18.6209,45.8496,49.4196,77.9532,113.817,168.716,281.6,381.8,758.768,2.89971,6.85221,11.0318,25.1979,30.0809,45.649,67.5863,99.7096,149.232,302.62,458.14,604.124,3.32581,5.21165,10.6533,23.9367,19.5766,36.927,62.1387,119.221,140.794,180.253,256.726,493.259,4.18149,3.67713,13.2285,18.703,23.358,29.7686,42.6138,77.8411,107.618,186.068,269.284,407.247,2.85673,3.59742,7.11984,11.2284,17.4775,28.0219,60.4615,58.9527,62.6161,152.033,129.9,385.331,2.37664,2.51319,6.8517,9.52824,14.4041,27.2369,42.0326,54.3012,40.9739,86.5879,125.59,255.494,1.91185,2.76012,5.86199,8.01929,9.33354,12.8258,16.4916,29.8192,38.5106,81.8019,106.439,191.919,1.98208,2.94386,4.41877,5.34056,10.3106,10.865,13.9438,27.5159,34.2353,45.568,69.3728,109.12,1.78437,2.60402,4.3274,5.03568,6.29929,11.174,13.2315,19.0304,22.1127,49.0016,66.2618,71.7587
700,20.4714,23.6,50.1722,113.314,89.7045,182.147,267.62,355.467,461.433,608.799,1161.73,1530.67,19.1042,27.2376,71.3739,71.6569,121.047,154.007,158.947,317.489,441.021,539.787,1041.31,1421.21,8.79286,25.9491,63.5681,85.4154,104.931,175.216,254.923,226.922,529.599,681.837,812.667,1032.41,11.4413,26.8247,57.0822,99.7306,95.2488,153.486,198.073,282.412,452.234,578.262,755.284,1038.53,13.344,27.9078,49.3201,76.7756,105.18,127.879,228.089,393.184,398.851,640.741,967.239,1378.91,13.5757,23.9623,63.9506,57.3725,87.9879,146.005,180.273,327.4,395.123,744.613,808.723,1397,15.5274,19.3435,37.4864,67.7153,97.6664,132.858,179.951,312.219,369.628,520.549,885.811,1008.87,9.37091,14.1014,44.2232,59.8961,86.3681,134.628,148.755,319.87,381.978,508.751,638.548,1121.26,8.86495,13.0981,23.0724,49.7784,69.5817,126.547,200.193,209.27,320.426,627.031,605.212,895.958,5.97561,15.5501,32.1858,45.5209,61.8894,87.2296,146.127,229.917,234.599,384.059,637.169,775.469,5.67705,7.24002,26.8704,39.1531,60.2795,163.431,97.5473,126.96,242.34,474.327,655.872,902.394,5.42915,10.9216,20.6443,24.5231,49.6907,106.057,128.156,162.853,257.898,348.98,481.268,880.584,3.71254,7.44013,22.1448,39.8924,42.2048,78.8455,112.604,115.254,156.694,296.992,522.86,895.036,5.40644,9.50182,18.6522,39.3777,41.7265,71.2778,114.839,149.666,165.605,420.541,353.21,652.071,4.27761,5.83592,15.6429,27.519,27.4297,72.6911,102.312,111.451,289.719,306.003,490.762,714.782,4.1151,6.00082,18.2967,31.2994,28.2711,56.8564,51.9654,123.653,287.233,289.045,472.191,959.514,3.37307,5.59544,17.7802,19.6446,43.3741,49.6108,74.3575,119.81,183.018,276.307,395.228,749.848,2.55182,6.61408,9.78021,24.0523,27.0744,61.3241,62.8646,102.152,146.228,304.462,456.023,619.545,3.59592,4.46284,9.71169,23.2901,22.2245,33.3159,69.3865,103.841,131.627,189.857,255.402,532.223,4.12708,3.6319,12.2802,19.3982,24.7792,26.786,50.9168,77.1725,109.261,179.902,286.835,357.184,3.08841,3.48381,8.07772,9.57309,14.6048,27.3729,60.7599,51.7086,127.433,147.426,140.436,339.893,2.68381,2.40767,6.83858,9.97141,12.9183,29.2267,39.3875,55.4555,41.2501,95.8869,122.636,298.904,1.89502,2.98291,5.51398,7.07823,9.52667,11.845,18.9285,28.0082,38.9055,76.8029,104.977,179.617,2.02785,2.74436,4.71711,5.48414,9.32141,11.8397,17.1413,32.4979,32.5576,38.927,71.8748,123.698,1.92494,2.42735,3.8116,4.59112,6.56149,11.3355,12.6644,18.0665,23.834,45.6308,62.0249,77.9413
725,21.4981,25.4675,50.9785,116.75,87.7193,187.735,251.24,355.467,482.012,590.747,1102.78,1530.67,19.1042,27.2376,71.4816,78.3788,102.047,140.526,156.606,322.632,489.284,539.787,1041.31,1421.21,10.3614,25.9491,57.6514,85.4154,98.8539,143.777,254.923,238.088,424.214,573.675,722.259,1032.41,11.4413,28.5445,57.56,101.262,95.2488,133.209,198.073,282.412,414.135,578.262,832.042,1016.49,13.2898,27.9078,49.3201,76.7756,105.18,127.879,285.014,384.433,398.851,731.045,1043.92,1378.91,13.7224,24.575,63.9506,57.3725,87.0593,146.947,180.355,332.925,407.36,704.638,814.148,1383.07,15.2882,19.3435,37.5242,67.7253,97.6664,132.858,176.097,305.741,374.228,520.549,885.811,1012.12,8.17232,14.1268,44.1558,59.704,84.0541,134.655,137.736,319.664,381.935,513.736,638.548,1258.41,8.46539,10.859,23.4761,51.7623,73.4741,130.791,200.212,209.262,273.052,627.031,605.217,871.761,5.71148,15.3608,27.9637,47.1678,51.938,94.0797,142.646,218.974,237.993,381.334,508.122,756.863,5.53308,10.4538,28.5913,38.1782,70.2767,161.435,88.5249,130.619,297.405,557.794,656.007,902.394,5.76076,9.27068,24.0379,27.5408,48.4876,100.41,155.343,162.848,263.662,360.179,450.906,880.701,4.57203,8.49241,21.6795,36.5867,41.77,94.3753,105.197,122.297,156.141,298.384,522.774,949.981,4.30702,10.196,19.5664,44.1975,35.2029,71.31,114.582,142.63,164.375,417.479,353.151,700.713,4.28292,5.70775,18.0241,24.7203,25.9515,79.3569,89.8992,107.773,330.599,316.923,498.779,848.265,4.29192,5.90962,17.6176,24.7363,30.6558,62.3328,51.9425,115.063,294.128,267.979,486.678,924.695,3.41344,6.15545,15.9196,20.1935,44.361,47.9821,65.416,127.81,178.151,279.299,402.254,750.134,2.52271,6.60289,11.5443,22.3049,32.2666,50.6533,64.3843,119.841,131.484,239.796,460.531,557.381,3.44866,4.59418,9.62808,22.0059,21.3665,35.665,68.4885,120.564,138.497,193.691,244.06,421.674,3.8601,3.85194,12.4911,18.7364,22.7077,28.368,48.6073,73.2185,78.5852,157.496,259.649,396.699,3.48009,3.34523,7.42929,11.466,18.6227,24.9714,54.452,60.7263,124.608,151.247,127.806,328.213,2.62748,2.35797,5.97549,10.1402,13.4921,29.5641,35.6961,56.304,41.4731,92.3619,110.814,184.64,1.97835,2.84493,5.28475,6.89017,9.88569,12.1084,20.6376,29.642,33.8843,90.8065,104.676,169.808,2.01477,2.83247,4.52502,5.22874,9.52846,10.8849,15.6405,36.2492,37.352,65.092,65.8072,120.084,2.01354,2.41627,3.79723,4.67961,6.03516,11.3085,11.9682,21.3896,24.4843,43.7582,61.4198,71.202
750,19.9358,25.4355,50.9785,116.75,83.1493,182.147,267.62,329.966,482.012,608.799,1202.28,1530.67,19.1042,22.3909,71.4816,78.3788,95.6559,154.007,162.875,322.528,338.291,476.53,1041.31,1369.2,10.3614,25.846,57.6514,76.4103,104.931,143.777,239.914,228.735,529.599,681.837,722.259,1032.41,11.7472,28.5445,54.9796,101.262,95.2488,153.486,198.073,282.412,422.417,578.262,832.042,1038.55,13.2053,26.3551,49.3201,77.6291,100.004,127.879,285.014,407.62,398.851,736.231,947.239,1378.91,13.7224,24.1814,63.8718,51.8385,87.0593,146.947,176.093,327.4,407.36,712.163,808.723,1383.07,15.0734,17.4131,37.5242,67.7148,97.6664,126.599,191.697,312.219,413.06,520.549,885.811,1008.87,9.42696,13.7178,42.1561,63.2265,83.5821,134.664,153.347,315.093,381.95,513.736,638.548,1258.41,7.90667,12.2174,24.3424,52.668,73.4741,150.364,200.228,209.262,320.404,627.031,605.217,871.761,5.95997,15.0565,31.015,46.4686,58.3927,87.1642,140.535,229.854,244.259,381.385,618.948,738.526,5.24693,10.1286,27.2972,37.6312,66.0118,161.382,98.9299,125.34,297.403,559.917,603.237,780.803,5.87082,9.25942,22.6284,28.583,52.4983,115.033,157.946,161.647,263.577,348.996,489.098,880.677,4.4147,7.74392,18.3404,34.5351,41.6346,82.5216,118.81,109.254,154.494,274.567,522.815,898.829,5.53981,9.16398,18.7025,44.9928,31.0321,62.5995,113.422,140.285,169.131,378.601,353.03,715.157,4.19551,5.56586,17.7877,26.0922,31.9161,81.6287,98.9767,110.584,308.594,293.688,492.646,867.504,4.11985,5.94585,18.5242,26.173,31.2362,58.3628,52.1126,120.715,262.55,279.453,462.756,786.852,3.08892,5.89054,16.5626,19.5917,46.098,44.0816,65.4034,121.231,169.616,264.815,388.514,673.941,2.99839,6.95904,11.8225,20.4234,32.8096,59.069,68.8299,107.789,145.814,316.22,423.647,598.124,3.61096,4.80595,9.00934,19.8379,20.745,30.2773,68.0868,115.432,136.83,185.103,233.091,441.263,3.86995,3.70293,11.3933,16.3015,21.5771,23.7514,46.2498,75.3361,103.209,181.033,280.262,399.394,3.41693,3.47083,7.30474,10.5484,16.3692,23.7791,54.043,58.0393,90.4523,148.593,125.964,391.691,2.5331,2.34858,7.24071,8.73197,12.7224,22.9863,40.1521,57.2708,38.9598,89.3856,141.312,239.933,2.0482,3.02756,5.05579,6.40662,10.4396,12.395,16.2972,30.4496,38.1429,74.9832,105.973,190.068,1.99727,2.76275,4.37134,5.27494,8.92951,10.12,15.3884,30.1524,36.2273,63.019,67.2252,119.246,1.90301,2.25619,3.97505,4.74015,6.39803,11.5116,12.2729,20.3708,22.9305,43.7077,60.8337,74.1643
775,21.4981,25.4355,50.9785,116.75,87.7193,173.518,267.62,355.467,482.012,608.799,1097.4,1530.67,19.1208,27.2376,71.4816,74.6414,121.047,154.007,165.028,307.544,405.621,510.115,1041.31,1421.21,10.3614,25.846,57.6514,85.4154,107.503,143.777,255.272,239.238,529.599,665.682,690.554,1032.41,11.3962,28.0107,57.56,101.283,95.2488,153.486,198.073,290.117,422.417,578.262,832.042,1038.55,13.1389,26.7318,49.3201,76.7756,105.18,127.879,285.014,399.367,398.851,710.712,882.084,1358.52,13.6738,24.575,58.093,53.0152,87.0593,146.947,174.154,327.4,407.36,704.638,781.878,1383.07,15.5365,19.0584,37.1934,67.7148,97.6664,132.858,178.157,301.978,403.862,520.549,888.557,1008.87,9.15808,14.7921,43.9142,63.6215,83.5821,134.714,146.571,318.507,381.95,489.403,661.466,1054.32,7.51122,11.2312,23.8431,52.2519,66.6048,151.718,200.228,209.27,265.028,627.031,557.172,871.775,6.1286,13.7414,28.2208,46.4479,52.0987,87.606,143.121,229.237,249.52,382.174,616.427,769.63,5.85039,10.1973,28.5985,35.4582,66.0647,129.841,102.211,142.472,290.673,588.575,656.021,912.524,5.49537,10.3538,21.6022,26.3634,52.8075,101.935,159.513,152.545,264.939,341.074,436.259,880.723,3.9645,7.62558,22.6694,36.2448,38.6212,81.302,107.585,115.5,158.977,298.224,521.351,869.003,5.60272,9.32939,18.3863,38.3772,39.6888,61.8528,112.885,145.445,168.99,406.763,352.91,697.567,4.28769,5.16211,17.0249,24.3961,30.6064,76.0869,103.134,114.632,330.784,310.032,458.067,867.343,4.11092,5.32532,13.6679,27.0308,31.7846,62.0555,61.2889,120.071,196.369,279.158,462.795,907.532,3.09129,5.85109,16.1503,17.8208,45.324,47.963,65.0992,96.396,178.834,273.866,383.204,655.31,2.95822,5.48128,10.4739,23.3103,31.4744,54.9153,68.6606,93.056,161.589,309.802,410.359,562.179,3.5524,4.82514,10.3662,19.5536,21.8214,34.5334,69.6905,113.998,132.581,182.914,218.688,497.795,3.80106,4.01998,13.0217,16.6135,21.9454,30.322,48.6788,73.1589,108.987,172.988,221.356,392.144,3.05779,3.48561,7.53901,9.7715,13.189,25.7586,47.6802,42.7701,87.5379,135.608,105.233,358.38,2.9267,2.67993,6.4917,9.41433,14.0808,25.6155,39.2978,52.5582,37.305,88.5601,155.043,252.671,2.05175,2.62494,5.40191,7.78377,9.86999,11.7318,16.3697,31.0576,34.5552,79.4163,103.703,179.551,1.91492,3.07217,4.42418,5.6213,8.46946,10.3783,15.1216,29.2367,34.4284,48.6429,65.8639,107.629,1.87461,2.44236,4.61721,5.29773,6.00885,10.9815,12.6298,21.7932,23.2215,46.4433,60.1253,72.3207
800,21.4981,23.2622,50.9785,116.75,87.7193,182.147,267.62,355.467,482.012,608.799,1161.73,1511.78,19.1208,27.2376,69.2185,78.3788,121.047,148.807,165.028,322.528,347.922,552.209,1041.31,1421.21,10.3614,22.736,58.7903,82.8561,106.093,143.777,254.923,216.482,529.599,656.099,782.378,1019.97,11.237,28.2488,57.56,103.968,95.2488,137.75,198.073,282.412,422.417,560.096,832.042,1052.53,12.9536,27.9178,49.3201,73.6449,102.608,127.879,260.086,379.924,398.851,735.6,882.084,1340.72,13.1399,24.575,63.9324,55.1561,84.2847,146.947,164.258,327.4,377.594,732.106,808.723,1383.07,15.5483,18.9926,37.1934,64.2574,97.6887,132.858,178.157,312.23,413.06,520.549,805.955,1008.87,9.00741,14.8549,41.6357,62.918,85.1691,134.714,153.315,323.554,332.819,515.112,594.755,1258.41,8.15728,10.7907,23.9645,52.5222,72.0568,151.73,200.212,209.309,328.361,617.247,590.764,871.775,6.32826,14.026,29.8637,42.8995,57.2913,83.4508,142.208,229.865,248.956,355.581,495.753,780.736,5.87571,10.1978,27.4562,28.6985,67.4732,151.93,101.982,127.671,277.67,559.912,662.213,912.498,4.9717,10.2498,26.9625,25.8646,53.0051,95.7617,155.792,155.813,260.511,345.837,436.371,805.959,4.57825,8.21694,21.4632,33.2916,38.9809,91.4902,119.211,113.746,154.753,333.062,521.292,700.992,5.24874,9.36245,19.6669,41.4509,39.934,68.2952,116.152,151.063,166.499,413.809,352.817,686.144,4.2824,5.29966,18.3457,26.3852,30.2206,69.7394,97.5222,117.324,325.567,307.541,492.456,758.133,3.63331,5.69877,18.7373,31.7516,29.9685,67.2319,48.2218,119.584,264.492,280.912,392.652,907.455,2.9961,5.61786,15.8434,18.8766,44.7158,41.451,61.4482,120.328,175.806,275.148,396.63,640.671,3.04038,6.25099,11.746,22.8091,31.1993,56.977,51.9789,109.877,141.009,296.113,396.524,421.075,3.50055,4.4235,9.00789,16.7117,21.736,33.8469,69.9391,109.848,129.147,176.659,200.408,487.318,3.80038,3.91469,12.1896,17.971,20.7266,27.4977,40.1248,70.9531,107.642,168.867,266.026,377.835,3.42006,4.06048,7.2619,9.92465,16.4826,25.0153,51.8599,58.1603,105.673,133.182,120.802,349.457,2.6838,2.92491,6.433,9.28746,13.373,26.3908,36.0685,49.1823,49.0097,87.3231,143.709,224.902,2.03792,2.71893,5.3352,7.87227,9.43899,11.6323,18.7083,25.9939,35.6694,89.2171,109.328,173.103,1.94269,2.66447,4.50257,5.13097,8.91229,10.7696,15.7249,32.5405,28.0118,41.4163,60.3186,113.748,1.93549,2.38623,3.66696,5.1046,6.01344,10.8134,12.4269,21.2327,22.6334,43.8681,58.145,71.8541
825,21.4981,25.4355,50.9785,115.619,87.7193,182.147,267.62,355.467,482.012,590.491,1161.73,1373.11,18.2875,27.2376,71.4816,78.3788,115.88,154.007,165.028,322.528,441.021,539.787,1041.31,1421.21,9.89659,24.5742,57.6514,85.4154,99.8095,143.777,254.923,228.735,529.599,681.837,722.259,1032.41,11.237,28.5445,57.5667,101.283,95.2488,153.486,198.073,282.412,422.417,578.262,862.322,953.328,13.2053,28.8598,44.6282,76.7756,105.196,127.879,285.199,364.42,399.768,735.6,863.691,1292.02,13.1399,24.6481,63.9324,56.5516,87.0593,143.39,179.022,327.4,407.36,701.519,808.723,1270.54,15.1981,18.9926,37.7125,67.0213,97.6887,132.872,166.155,304.765,453.825,520.549,885.811,1008.87,8.96612,12.933,43.9312,63.2357,83.5686,129.87,153.449,316.39,382.568,493.731,638.548,1258.4,8.2398,11.7187,24.5374,51.0431,67.7829,151.044,175.362,171.591,305.658,579.777,605.26,871.775,6.36168,15.164,30.0645,42.4197,56.6779,89.3627,141.851,229.344,221.419,353.804,614.897,770.768,6.35963,11.2046,25.0952,37.482,57.7176,164.749,78.8419,127.842,289.019,559.912,662.243,912.471,5.6161,10.1376,24.5503,27.2332,53.3013,100.365,155.747,165.447,268.168,311.568,406.862,881.233,3.88989,7.44179,20.1994,37.0147,37.7963,94.1446,113.953,112.495,151.305,267.879,521.248,957.446,4.6152,9.48186,18.8181,39.5312,45.7507,54.2267,116.686,136.556,148.335,331.514,357.782,617.074,4.16258,5.03591,16.2301,24.4592,30.0945,79.7953,97.8392,118.215,311.232,328.219,512.157,854.536,4.15326,5.52462,17.688,30.6321,28.2955,65.8033,54.0561,117.357,257.831,285.842,465.453,889.953,2.98153,5.42637,16.0968,18.8813,34.1244,47.6488,50.5724,128.22,168.707,267.501,391.713,704.034,2.96296,5.09611,12.0868,20.1526,31.9382,56.9937,54.9377,114.471,139.568,242.323,408.581,599.605,3.35529,4.57322,8.60177,19.1342,21.477,34.1244,65.0477,79.9983,117.09,171.159,183.815,429.479,3.61623,3.7664,12.3465,16.1836,21.178,29.7253,41.7065,68.4575,99.3813,170.066,264.676,390.634,3.19389,4.11086,8.47011,10.3394,13.2443,23.5871,53.9753,56.9665,113.925,147.922,114.753,319.034,2.65252,2.9241,6.15907,10.3101,13.4896,25.411,34.3976,51.002,40.9981,79.655,111.493,168.294,2.05629,2.80842,5.41888,9.07549,8.6872,12.0287,18.3185,29.4358,34.6996,81.9276,102.27,180.337,2.06772,2.39766,4.87971,5.03323,8.31089,10.3359,16.6243,34.0415,34.5112,54.0304,65.8668,117.339,1.94493,2.37506,3.87884,5.02085,5.98364,10.7249,11.7537,22.3249,24.6144,43.7265,55.4924,68.0068
850,21.4981,25.4355,50.9785,116.75,82.5208,182.147,267.62,355.198,497.395,593.849,1161.73,1530.67,19.1208,27.6205,69.3201,78.3788,123.463,154.007,165.028,322.528,355.924,526.757,1041.31,1421.21,10.9398,25.9491,57.6514,84.5424,109.355,144.102,254.923,252.837,529.599,681.837,722.259,1032.41,10.4219,28.5445,57.5667,97.3182,95.2488,153.486,217.338,282.412,422.417,578.262,794.457,1038.56,13.3523,27.9178,49.3201,78.1695,102.303,119.664,285.014,407.62,398.851,740.096,882.084,1378.91,13.1399,24.6481,63.9324,56.5516,87.0593,146.947,175.861,327.4,407.36,701.519,808.723,1383.07,14.8159,18.9926,36.002,66.9369,97.6887,132.872,178.157,312.23,413.06,520.564,885.811,1008.87,9.24799,14.1457,42.6315,63.831,83.9065,109.93,142.295,317.145,366.212,515.112,608.059,1047.25,8.83929,11.6325,23.5691,61.6749,70.6844,151.791,194.272,209.309,328.51,617.342,605.229,871.775,6.09282,15.0791,30.8211,45.556,55.9446,91.6429,141.064,229.354,249.043,382.792,643.838,770.768,6.28086,11.2922,28.0859,37.7709,70.0295,163.349,94.4847,129.291,290.975,552.423,662.366,865.2,5.22561,9.83285,22.9693,27.5244,49.1505,100.687,155.771,161.573,242.981,345.789,443.039,848.775,4.52564,7.79329,15.7823,34.2968,41.9265,92.1918,120.339,111.834,125.195,298.112,516.752,829.676,5.37406,9.262,20.4361,41.5607,43.1421,48.4419,114.336,128.88,170.867,417.381,352.659,741.334,4.05971,5.91628,18.655,24.8875,30.7534,70.499,88.3948,113.691,319.02,314.589,497.046,842.474,3.60098,4.5879,17.0426,27.9677,28.0307,65.868,50.9392,110.403,226.128,260.961,438.576,889.731,2.89276,5.35391,14.6989,16.2088,44.5378,40.1177,60.3463,136.977,162.816,245.762,400.762,704.948,2.89122,5.38993,10.518,22.891,29.1223,58.4689,69.4839,108.008,141.942,295.193,397.234,621.219,3.49616,4.59953,9.26748,18.9542,18.9545,33.3381,55.7323,114.974,132.614,177.46,211.935,506.552,3.55678,3.78302,12.2713,16.9534,20.0005,28.3403,37.1042,76.8285,100.003,153.423,247.578,404.09,3.09385,4.99919,6.81066,10.368,14.7492,25.1513,48.187,42.3348,107.122,150.933,118.548,330.685,2.4656,2.82795,5.81244,8.11053,12.7324,23.6951,35.9914,49.5765,40.1074,85.1103,147.542,251.14,2.03563,2.70133,4.99841,6.55962,8.5223,12.2576,15.455,30.1329,34.9336,83.0581,92.9302,173.832,2.03794,2.48596,4.7842,5.37405,8.80544,9.6922,15.3914,26.8832,31.8647,52.359,62.1675,91.7673,2.00348,2.29408,4.38816,4.55026,5.91821,10.6296,13.1698,24.2362,22.7286,40.5945,56.3659,68.4606
875,21.4981,25.4355,48.2767,116.75,91.8622,182.147,267.62,335.572,482.012,608.799,1161.73,1530.67,19.1208,27.2376,71.4816,77.9762,119.713,154.007,163.035,322.528,445.525,531.384,1041.31,1421.21,10.1753,25.9582,57.6514,85.4154,104.931,143.777,236.05,230.651,529.599,681.837,722.259,1032.41,11.237,28.5445,58.7256,101.315,95.2488,153.486,198.073,282.412,422.417,578.262,764.75,1009.22,13.3523,26.8154,49.3201,76.7756,103.684,127.879,285.014,383.487,398.851,591.295,882.084,1378.91,13.1399,23.676,56.6763,56.5516,87.0593,146.947,179.81,327.4,407.36,701.519,808.723,1277.58,15.1361,18.4352,35.6442,67.0104,89.5478,132.872,178.157,284.752,360.568,520.564,885.811,1008.87,9.46314,13.0097,44.896,48.5059,84.9065,129.574,153.47,312.006,354.733,515.112,609.482,1258.4,8.83038,11.4766,23.4332,51.2615,72.5213,151.817,184.035,178.511,328.077,551.344,605.411,871.775,5.79057,14.4516,31.4806,47.1251,59.2896,90.6279,141.484,229.35,227.97,359.061,597.917,732.972,5.97084,10.9695,27.1536,37.4771,64.0855,159.996,97.4256,129.769,235.876,552.403,656.271,865.273,5.54858,9.61517,24.9538,28.3603,53.9116,99.1616,155.785,153.471,247.751,345.752,438.251,881.785,4.06434,6.10324,20.8179,31.7026,42.2835,93.4539,115.918,107.223,155.517,298.014,516.44,700.055,4.81543,7.9599,19.2249,36.5008,37.3379,60.5837,112.01,146.278,168.986,386.048,352.663,630.838,3.81381,5.4707,16.3754,23.532,25.6267,74.6442,105.16,108.116,327.482,298.646,493.27,830.189,3.85156,5.24718,18.5256,29.9787,24.3711,54.694,54.1236,119.036,257.736,279.153,465.168,889.59,2.87059,5.2036,15.9148,17.4488,41.5613,45.5586,58.9292,104.838,173.33,276.647,395.161,745.368,2.87599,5.68063,10.6103,22.6495,30.1073,56.1091,67.1077,94.5855,138.28,299.407,396.546,624.308,3.47608,4.64673,9.17183,20.4702,20.5107,28.7945,66.4682,102.826,128.429,155.425,222.728,427.575,3.39275,3.8325,12.0251,17.9261,18.3878,27.3431,46.3725,69.0085,97.5809,175.625,239.786,339.831,2.92975,4.34641,8.12041,9.59594,15.7837,25.2378,45.0323,40.936,110.066,146.747,114.511,314.454,2.50163,3.03355,6.35359,10.4572,13.5736,21.5253,39.5797,46.6272,37.1414,87.4127,104.237,188.168,2.07051,2.76892,5.20376,8.35668,8.5413,11.9572,17.3309,28.835,36.3726,72.4329,94.447,167.433,1.85527,2.62742,4.59217,5.03075,8.23563,10.3443,14.4243,30.0328,30.5195,42.6637,61.433,111.286,2.0617,2.27066,4.31812,4.97893,5.49423,10.4204,12.7036,23.0428,22.1345,40.6684,56.333,67.2389
900,18.8954,25.4355,47.1592,114.006,87.7193,179.632,267.62,355.467,482.012,608.799,1161.73,1530.67,19.1208,29.129,71.4816,78.3788,121.047,147.442,156.606,319.675,441.021,539.787,917.02,1408.29,10.1753,25.9582,55.402,75.0147,92.2022,143.777,254.339,226.578,521.266,681.837,719.808,1032.41,11.237,27.782,57.5667,101.315,95.2488,153.486,197.326,251.852,395.723,553.387,832.042,1026.61,13.233,27.9178,49.3201,72.5889,107.596,127.879,285.014,407.62,398.851,760.581,882.084,1378.91,12.9666,24.6481,63.9324,56.5516,87.0593,146.947,175.163,327.4,407.36,701.519,808.723,1373.11,14.9891,18.8145,37.7417,59.7341,95.876,128.359,160.912,295.128,413.06,483.726,885.811,1008.87,8.78965,12.8723,41.8192,61.0305,81.2847,123.562,154.365,274.511,374.814,593.319,638.548,1258.4,8.03562,11.0176,23.3627,50.8695,72.9921,155.949,194.272,209.404,305.562,617.763,594.134,871.775,6.47896,14.7261,31.0688,46.301,55.8539,88.3961,133.039,226.255,245.228,383.498,637.323,780.845,5.13017,10.5167,27.8642,37.655,69.7197,157.901,87.4066,127.289,290.007,552.445,656.42,865.225,5.73885,9.55228,23.4976,29.7053,53.8704,100.191,153.616,161.328,246.433,360.283,432.2,881.925,4.34722,7.49469,16.6417,32.7744,40.2555,87.4832,101.143,112.488,155.379,297.924,516.372,958.137,4.78168,9.49396,19.6259,35.0242,38.651,58.6755,118.661,145.101,177.811,417.211,352.514,681.934,3.89106,4.92906,17.5306,24.4276,29.2762,76.2398,101.84,114.139,318.989,302.031,485.585,737.764,3.6974,5.58273,17.7758,26.1023,25.603,62.2696,51.9813,118.695,267.364,276.799,370.62,893.771,3.20678,5.29318,14.0821,16.6317,43.6242,40.914,57.4039,117.684,175.338,273.137,365.947,709.234,2.69917,5.80383,12.0211,19.0042,24.2859,47.0482,59.4602,113.188,138.047,267.826,394.718,602.998,3.38179,4.71519,9.0321,17.3501,19.5328,30.0861,53.6535,125.738,111.141,178.347,224.291,377.532,3.74075,3.77942,12.0266,17.5529,17.7753,23.3114,45.744,63.744,105.109,176.285,233.314,337.477,3.06466,4.96592,8.97713,10.5501,17.795,22.4118,42.5898,53.6306,106.023,142.388,123.089,313.237,2.39488,2.86907,5.87522,8.81926,13.4533,21.5299,36.3278,50.5748,42.193,72.5387,140.236,174.652,2.67937,2.82234,5.19126,9.13729,8.24594,11.7837,16.913,28.6334,33.3715,77.7612,99.742,145.682,2.01125,2.45625,4.60204,5.20558,8.08392,9.14507,15.4126,29.086,30.5499,46.1578,60.0575,108.084,2.08625,2.23852,4.18105,4.34927,5.79532,10.2498,12.5564,21.1498,23.0057,40.9681,55.4713,64.0375
925,21.4981,23.4982,50.1722,116.75,87.7193,182.147,267.62,355.467,482.012,608.799,1161.73,1530.67,19.1208,27.2376,65.5957,71.6569,121.047,154.007,165.028,322.528,441.021,539.787,1041.31,1421.21,9.82489,25.9582,57.6631,85.4154,104.931,143.777,254.923,213.597,529.599,681.837,679.789,1032.41,11.0626,24.5254,56.6481,94.9739,95.2488,153.486,198.073,276.028,422.417,578.262,832.042,1038.56,13.1353,26.3766,49.3201,76.7756,105.196,122.109,285.014,398.705,398.851,649.791,882.084,1378.91,11.7872,24.6481,60.3107,56.5516,87.0593,146.947,179.057,327.4,407.36,750.613,808.723,1383.07,15.0689,18.1398,37.7417,67.9786,97.6887,122.291,173.875,312.23,413.06,520.578,885.811,1008.87,9.32775,12.4541,43.2302,64.0006,81.7799,134.882,154.37,317.574,387.822,515.112,587.378,1258.4,8.58638,11.1658,24.8903,48.8305,73.0188,156.012,191.591,209.424,328.054,550.687,605.384,871.775,5.67763,14.6242,28.0077,41.2204,56.8169,93.4482,145.156,230.692,224.677,385.388,637.315,785.516,6.00234,9.97243,26.1081,33.3505,64.0855,156.722,96.2514,122.299,285.757,545.207,656.434,865.206,5.16645,9.98563,23.6581,23.8719,52.174,98.1569,134.182,159.795,256.435,345.751,432.062,881.91,3.86553,6.62331,16.0096,35.3358,41.5851,89.0893,116.513,110.605,147.458,270.989,555.371,951.738,5.27793,8.70769,18.6153,40.5706,30.4797,59.4044,93.6407,144.536,164.354,412.416,347.719,545.902,3.98515,5.00797,17.4736,21.7321,29.3169,73.4258,92.9019,110.819,237.787,282.924,481.38,831.948,3.74946,5.32607,18.6743,28.5668,27.5432,64.0924,51.443,118.179,247.579,279.147,451.735,883.471,3.14551,5.17107,15.3275,18.4871,40.7711,47.562,58.2141,127.392,181.886,240.923,396.685,691.267,2.66866,5.89494,11.5018,20.3355,27.1438,42.1725,59.0567,102.817,135.18,285.035,391.184,592.249,3.1249,4.79158,9.14271,19.4505,18.5191,32.2387,61.7813,106.439,120.556,174.786,205.464,453.407,3.42188,3.46007,11.0064,17.339,20.547,20.5514,43.3988,64.2101,105.075,167.583,239.035,352.35,3.2651,4.79348,9.00476,11.8247,19.8697,23.0586,47.9244,40.9348,99.9362,132.761,112.542,346.916,2.33839,2.86081,6.21518,9.67198,12.1222,20.7846,38.9703,46.9461,40.7298,69.2128,125.951,272.911,2.63821,2.97335,5.53583,8.77095,8.29572,11.7721,14.7693,28.0628,34.4056,67.6516,87.4302,155.297,1.8981,2.46761,4.51317,4.94019,8.32749,9.41878,14.5337,28.8627,32.2412,48.5323,65.6618,109.605,1.89939,2.21258,4.28743,4.57434,5.98746,10.1003,12.7215,22.5332,22.4909,41.0888,51.8606,66.1394
950,18.3266,25.4355,50.9785,112.033,87.7193,182.147,267.62,355.467,482.012,608.799,1111.21,1530.67,19.0097,27.2376,71.4816,78.3788,121.047,154.007,153.902,322.632,441.021,539.787,1041.31,1375.18,10.1753,25.9582,57.6631,82.7859,100.482,143.777,254.923,234.359,505.188,634.543,722.259,1032.41,11.237,28.9809,57.1258,95.3429,95.2488,143.166,184.656,282.412,422.417,546.647,832.042,1071.94,13.191,27.9178,47.9271,76.7574,85.6495,118.756,274.934,401.423,398.851,740.096,854.346,1378.91,13.1498,24.6481,63.9324,56.5516,87.0593,146.947,179.057,332.925,367.869,750.613,796.362,1383.07,15.3272,18.7574,38.0816,67.9786,97.6887,118.573,157.169,303.375,413.06,520.578,885.811,1008.87,9.40195,12.257,43.234,64.0006,81.7799,121.326,142.542,286.879,290.746,515.13,686.003,1258.4,8.05029,11.3489,22.5578,51.3202,71.5873,132.05,191.591,209.424,328.12,617.668,605.369,855.018,6.1925,14.0733,28.4149,45.9818,51.8113,93.9965,145.181,233.261,215.335,385.367,522.002,730.939,6.15895,10.5342,22.3598,35.1607,76.3845,156.729,98.3708,144.955,290.006,545.189,662.5,826.703,5.06648,9.71774,23.5809,27.8157,52.8769,95.786,156.384,159.786,253.986,345.728,432.141,881.92,3.95481,7.89715,17.5064,38.2793,41.3214,80.6944,113.7,107.787,154.427,297.88,471.799,952.027,4.05777,10.0025,18.9571,39.7828,36.4053,59.8859,121.231,144.547,165.284,400.255,357.414,595.518,3.90606,5.68455,17.216,20.2294,27.7854,75.0572,80.6474,128.455,243.55,311.906,482.043,837.386,3.4652,5.27864,16.2544,22.5115,23.3308,62.9559,54.9427,118.281,251.754,253.452,463.593,883.322,3.55035,4.77183,13.3173,17.2589,38.9137,41.8768,60.8572,126.835,166.144,266.61,384.03,690.978,2.74157,5.60375,12.4819,22.0765,26.1702,53.9513,45.3092,94.9113,131.696,268.385,388.695,597.143,3.34089,5.11899,8.97082,21.1045,16.3409,33.4057,52.1166,110.045,126.621,176.292,212.511,435.76,3.59456,3.58593,11.081,16.4851,17.2018,26.5129,35.5704,66.2888,103.175,174.185,213.066,373.502,3.05141,4.67236,8.86111,15.3777,17.336,25.2058,39.541,46.019,75.3396,135,110.322,320.972,2.21543,2.79205,6.14772,10.5842,12.8279,22.1933,38.4151,47.7831,38.5279,76.175,142.79,259.931,2.4719,2.59356,5.31931,7.45621,7.09457,11.5036,16.1036,27.9894,34.3236,77.3241,91.7952,159.115,1.87914,2.55086,4.39186,4.89595,8.12528,9.50307,13.5645,29.7733,31.9075,37.9668,56.9228,97.799,1.92839,2.15001,4.44818,4.64555,5.85265,9.94499,12.3146,22.7357,21.6994,40.2362,53.3742,62.4522
975,21.4981,25.4355,50.9785,113.309,78.7057,182.147,267.62,355.467,482.012,608.799,1161.73,1530.67,19.1208,27.2376,71.4816,78.3788,121.047,154.007,162.875,322.528,338.291,539.787,1041.31,1284.2,10.1753,25.9582,57.6631,79.5951,108.469,143.777,254.923,228.735,529.599,681.837,688.076,1032.41,11.6014,28.6047,57.1258,101.441,95.2488,149.18,194.986,282.412,412.667,578.262,781.601,1005.46,13.2535,27.9178,49.3201,77.6109,105.196,127.879,253.25,407.62,405.236,740.096,882.084,1343.61,13.1498,24.6481,66.403,56.5516,87.0593,150.248,166.618,327.4,348.591,683.721,808.723,1383.07,15.3272,18.8272,38.0816,63.2738,102.215,132.878,178.157,312.23,413.06,519.287,821.702,990.082,9.38083,12.9368,43.234,60.7971,83.9742,133.468,154.392,319.135,384.109,597.341,638.555,1258.4,8.55484,10.9655,20.5952,51.1646,71.6241,129.674,191.575,209.482,325.417,617.72,605.472,871.775,5.74115,13.6052,27.2919,45.597,57.5757,86.091,139.889,230.693,239.909,375.685,657.423,736.237,6.1609,10.9333,26.1424,36.6539,74.5556,152.212,97.0143,132.605,289.219,495.641,613.966,865.857,5.12701,9.58606,23.6685,25.1371,53.9769,107.201,156.953,161.46,253.917,342.208,432.915,882.127,3.82489,7.79316,19.8108,38.0191,40.317,90.9473,114.945,103.936,158.59,297.813,503.83,952.095,4.84028,8.60308,19.859,38.6489,35.7307,58.7958,119.508,143.154,165.214,400.294,348.694,649.21,3.44511,5.78774,16.5853,23.7092,25.2837,71.2242,100.953,110.567,311.578,288.123,490.208,738.676,3.65469,5.47228,15.2203,25.5533,26.2351,65.0503,51.121,118.32,233.819,287.149,442.48,872.83,3.87495,4.70719,13.3719,14.9311,42.148,40.6964,56.7915,130.912,172.892,264.951,394.206,682.862,2.57427,5.59912,11.7552,21.8778,25.3559,52.4843,48.7102,107.192,133.148,271.506,378.22,600.061,3.27607,4.26527,8.7488,16.4785,17.5882,32.747,66.1231,108.53,123.543,174.074,193.569,485.277,3.44022,3.51359,11.5703,17.0301,17.9063,25.0035,45.2749,66.2009,96.8855,160.933,224.894,324.18,3.09361,4.07118,8.16628,15.2084,15.1985,24.0564,46.2224,46.0516,100.222,129.621,105.833,333.261,2.56673,2.7404,6.13411,9.40229,12.1396,19.6328,33.269,43.1612,43.8499,79.7677,139.251,273.084,2.40539,2.57475,5.48233,7.98995,7.89311,10.7933,15.8726,27.6679,35.823,76.862,94.3928,153.033,1.9006,2.39049,4.43431,4.46701,7.60859,9.9401,14.719,30.786,30.7957,41.5691,57.4786,102.409,1.92259,2.18353,4.09239,4.6568,5.8631,9.92294,12.4823,20.866,21.0395,38.7065,54.9112,62.8929
1000,21.4981,24.3381,51.515,110.655,87.7193,182.147,267.62,355.616,482.012,590.747,1097.4,1530.67,19.1208,27.2376,71.4816,74.6414,106.354,154.007,165.028,282.823,331.937,518.54,1041.31,1354.19,10.1753,23.7278,57.6631,85.4154,104.931,138.834,219.101,228.735,541.899,681.837,722.259,1032.41,11.237,28.2844,57.1821,101.441,95.2488,150.675,198.073,282.412,422.417,578.262,832.042,1038.56,12.6597,25.3543,49.3201,74.9338,105.196,127.879,285.199,436.616,398.851,740.096,801.32,1358.52,13.1498,24.6481,63.9324,48.5354,69.5997,137.353,180.699,323.622,407.36,752.713,781.878,1353.51,15.3272,18.8272,36.7471,68.0054,96.7358,132.878,156.678,312.23,352.653,520.578,885.811,1008.87,8.68776,13.9343,42.738,59.8841,84.9476,119.276,156.222,324.535,382.072,597.341,662.933,1258.36,7.19155,12.6446,23.7994,50.7417,71.6698,156.011,191.564,209.482,327.717,617.738,605.459,871.775,5.75871,14.0809,26.4077,45.2488,56.2303,95.0634,144.485,232.021,227.859,363.523,628.831,780.782,5.22195,8.93555,24.786,25.5954,65.1611,159.481,97.8912,124.508,277.935,546.655,662.668,865.829,5.27055,10.0607,24.3185,29.1289,52.4097,98.4684,155.473,154.034,250.237,342.185,429.985,882.027,3.83511,9.32377,19.981,34.5705,41.6683,79.9857,115.897,104.577,154.409,297.81,499.737,958.707,3.76146,8.90163,17.8644,40.1039,38.2348,56.589,116.866,124.745,139.856,362.049,347.436,661.872,3.74856,5.65789,15.5432,22.9987,23.6411,74.468,106.373,132.085,282.864,284.094,480.927,821.171,3.54901,4.9778,16.2323,29.4271,25.8185,68.015,50.6829,112.806,245.011,280.962,397.325,874.037,3.40518,4.78759,12.9964,13.9992,40.2859,44.0985,43.9534,130.964,150.88,259.741,320.627,615.876,2.53002,5.31988,9.76979,17.6161,25.9946,53.7318,60.8142,80.3198,153.376,276.141,380.394,593.95,3.27217,5.31196,8.33156,18.3663,18.0897,32.2091,68.4848,119.259,120.896,147.126,197.964,398.94,3.46099,3.43497,11.1566,15.3432,18.8512,25.6789,43.3658,56.4973,103.426,132.935,232.961,368.712,3.33034,4.76316,7.64165,15.8092,15.8397,22.8448,43.1151,47.2381,100.186,147.673,104.209,293.022,2.54119,2.58466,5.57195,9.71939,12.2653,20.5315,33.8702,48.0003,49.6138,76.4869,95.5687,167.713,2.35863,2.6694,5.04863,8.30162,7.62557,11.5329,15.8239,26.3561,35.2672,67.5907,92.8817,144.788,2.00011,2.40108,4.35856,4.42285,7.66937,9.12141,14.6391,29.4642,30.22,45.9936,59.7358,102.539,2.06264,2.14222,4.21296,4.48963,5.7585,9.51305,12.8983,21.2461,21.7469,39.0283,52.8417,62.7573
1025,21.4981,25.4355,50.9785,111.961,85.1403,182.147,271.723,324.554,482.012,608.799,1161.73,1530.67,19.1208,27.2376,71.4816,78.3788,115.01,154.007,165.028,322.528,441.021,539.787,1038.6,1250.76,10.861,22.8482,57.6631,85.7026,102.285,143.777,254.923,228.735,529.599,681.837,722.259,1032.41,11.237,28.9537,57.1821,100.005,94.8841,153.486,198.073,282.412,422.417,578.262,832.042,1038.56,13.2535,27.9178,49.3201,76.7574,97.6164,127.879,221.287,407.62,398.851,741.923,882.084,1253.68,13.1193,18.8985,63.9324,56.5669,87.0593,146.947,176.437,327.4,377.594,752.713,802.426,1383.07,14.976,19.0568,38.2143,68.0054,90.7179,132.878,178.157,287.317,413.06,518.174,853.452,942.987,9.56882,12.5028,42.516,64.0021,86.6436,132.485,150.584,324.551,361.162,606.109,638.555,1258.36,7.81884,11.2775,23.8511,46.2293,71.6698,156.001,191.596,209.465,307.921,617.666,590.385,871.775,6.07544,13.2337,26.641,46.294,55.427,84.7663,145.894,228.995,201.318,380.236,620.224,773.36,5.43779,10.9409,25.707,37.3807,72.7869,158.136,99.034,124.523,287.289,546.229,662.833,865.918,4.86385,9.48892,21.9452,28.532,51.1737,94.3599,151.838,163.765,253.868,342.159,429.853,882.005,4.14765,8.50178,17.8164,37.2095,40.5403,83.7194,112.786,111.029,153.342,298.339,499.735,946.176,4.81822,8.35159,20.3099,39.3286,37.3564,57.0102,121.151,139.777,162.942,402.562,347.35,657.325,3.70196,6.19006,17.5849,20.493,32.5503,64.1736,98.9577,130.165,322.163,311.173,438.24,837.729,3.40727,5.54977,16.9448,28.7177,26.757,64.4213,45.4931,115.48,194.566,279.733,404.951,884.235,3.57736,4.97393,13.0119,18.476,39.6224,40.825,52.161,128.13,154.832,191.116,353.324,634.609,2.47654,5.44084,11.1111,20.8938,28.4436,51.9929,59.1638,99.3829,131.859,270.716,377.516,560.951,3.13958,4.90344,9.10246,18.0857,17.647,35.2047,66.6781,113.712,120.958,179.401,197.76,428.231,3.45838,3.29739,10.6894,15.6083,17.7209,21.5446,41.3678,65.6159,101.105,158.805,253.793,363.595,3.12452,4.46771,7.63275,12.5444,20.9973,20.9233,43.9678,46.7357,90.3825,129.019,105.65,335.224,2.45737,2.85632,5.7445,10.1004,12.3967,19.5299,33.5948,48.2131,49.2984,74.4717,122.878,292.329,2.32015,2.56385,5.24576,7.86457,7.71201,11.2859,14.1329,27.3958,37.6594,73.6242,82.2641,149.95,1.85213,2.47152,4.37163,4.80257,8.02491,8.8504,13.9088,28.4227,30.345,45.4264,61.6773,99.4093,2.04933,2.10849,4.11239,4.32038,5.83289,9.59779,12.2885,21.0242,20.7803,38.6072,51.2792,65.9115
1050,21.4981,23.9346,49.2354,101.369,87.7193,182.147,267.94,355.467,482.012,608.799,1161.73,1373.11,17.9955,27.2376,71.4816,78.3788,114.5,154.007,165.028,322.528,367.297,528.055,1041.31,1421.21,10.1753,25.4416,57.6631,85.4154,99.8095,143.777,254.923,228.735,529.599,681.837,744.102,1032.41,11.237,28.9537,57.1821,101.546,95.2488,153.486,198.073,282.412,422.417,578.262,832.042,1038.56,13.2535,27.9178,49.3201,76.7574,105.196,129.227,285.014,382.76,398.851,580.379,863.691,1378.91,13.1193,20.8891,63.9324,56.5669,88.5788,156.851,180.699,323.269,407.36,742.425,808.723,1383.07,15.2477,17.9101,37.9017,67.2402,96.7358,132.878,178.157,279.571,413.06,520.578,885.811,1008.87,9.00384,12.819,42.516,63.478,83.0012,129.347,143.222,324.551,343.808,584.748,638.555,1239.99,8.30051,11.0308,28.8333,49.7337,71.6698,155.973,194.321,160.599,319.123,629.075,605.58,871.775,6.0946,13.8873,28.0582,41.5111,62.5599,91.6858,135.943,229.01,227.96,385.191,655.098,780.807,5.49484,10.8573,25.7274,38.0957,75.0686,159.565,95.6314,124.19,271.981,546.209,662.881,869.242,5.34462,9.12365,25.6629,29.1454,49.9107,98.3897,153.759,163.728,241.854,356.342,432.911,882.431,4.369,6.71789,20.6508,39.1491,40.6454,81.3926,112.164,117.986,153.405,273.934,499.35,946.62,5.22698,8.94167,21.8878,39.1311,37.2106,58.8569,113.126,142.657,164.213,402.157,346.086,679.401,3.75803,6.02765,12.456,21.4849,26.8792,65.1006,105.896,132.871,319.036,272.086,468.153,821.878,3.88237,5.58007,16.3103,28.6992,22.83,65.2415,49.1962,114.335,214.549,281.32,331.219,873.905,3.88404,4.45992,11.6629,16.7822,40.4677,45.1051,55.729,123.267,160.776,247.872,388.741,686.895,2.73337,4.79565,11.2914,21.5781,24.7938,53.7532,61.2978,87.7251,128.698,262.83,366.425,622.315,3.12738,4.88511,8.66175,17.9849,13.6076,37.2534,57.9801,88.0492,101.097,179.098,214.321,481.127,3.42297,3.20297,11.0019,17.0694,16.6268,27.6973,40.2751,62.3116,95.3017,164.715,226.541,313.426,2.8743,4.4904,7.69112,17.4187,19.395,24.0153,37.9857,40.2692,92.135,140.492,90.0007,334.509,2.44292,2.55334,5.85305,9.99311,11.1341,18.7945,32.0702,40.9951,34.7503,76.4061,129.935,278.179,2.22066,2.72728,5.11949,7.63808,7.88753,10.5118,15.0298,26.9959,37.3097,70.7469,92.1118,144.515,1.92666,2.69406,4.13342,4.56534,9.10471,9.29886,13.1927,27.7754,29.6027,38.5031,55.9299,110.274,2.11342,2.09257,3.93733,4.51963,5.77608,9.66766,12.0601,20.7279,20.5856,36.7343,52.3018,63.8702
1075,21.4981,25.4355,50.9785,116.75,87.7193,156.682,267.62,327.072,478.848,608.799,1161.73,1530.67,19.1208,27.2376,71.6373,78.3788,121.047,154.007,165.028,282.752,441.021,539.787,1041.31,1421.21,10.1753,25.9582,57.6631,85.4154,104.931,143.777,254.923,255.203,529.599,673.837,722.259,1032.88,11.237,26.6786,57.1821,79.2134,92.3379,147.793,206.251,282.412,414.388,578.262,832.042,1038.56,13.2535,27.9178,43.6258,76.7574,104.32,127.879,285.014,390.323,398.851,740.096,882.084,1378.91,13.2137,24.7262,60.1896,56.5669,87.0593,146.947,181.148,324.383,358.393,772.657,808.723,1383.07,15.1573,18.947,43.4731,68.0054,97.6887,132.878,178.157,312.249,395.621,520.578,901.529,1012.99,9.00382,12.5113,42.524,62.0088,85.1327,110.04,153.04,295.468,348.125,581.548,638.555,1098.72,7.84087,11.2683,23.6704,48.7269,69.805,155.918,194.305,209.221,327.232,617.824,535.34,871.775,5.95302,13.5776,27.9782,44.5064,58.0821,83.6371,123.811,228.997,247.395,379.257,654.635,780.833,5.08023,10.6123,25.2319,38.0582,64.7735,158.994,99.8417,124.47,293.648,546.202,561.866,869.22,4.58438,10.1452,20.8975,28.9517,49.5846,94.9938,155.328,162.501,252.654,384.922,430.925,785.597,4.17665,8.55113,20.9483,32.0705,40.9062,89.7435,100.745,119.798,144.419,297.118,499.921,959.323,4.97605,8.5343,21.0088,40.1643,34.3834,50.5939,124.384,117.136,162.931,412.512,345.94,742.003,3.68805,5.53837,18.1863,20.8633,26.294,70.9479,96.2322,115.169,315.122,275.657,473.732,703.803,3.62527,6.64207,17.0595,26.1458,26.6323,65.6747,45.0765,114.665,235.253,239.529,436.739,739.311,4.06901,4.23415,13.9615,17.7562,42.1461,42.9115,54.8615,108.899,171.697,249.828,389.143,710.911,2.66841,5.35883,10.8016,21.5755,21.2139,49.7426,46.8672,102.865,130.815,217.345,369.949,587.929,3.13765,5.54735,8.82956,16.7812,18.3171,35.6477,64.0701,109.137,109.811,165.311,186.804,436.968,3.28753,3.42102,10.8484,16.8501,16.1369,25.9196,40.194,61.6927,85.7993,147.522,212.368,376.468,3.03167,4.2897,8.81445,16.0489,18.2687,23.0643,42.2174,44.5197,87.9636,142.503,97.0488,329.661,2.62813,2.53232,5.62878,8.6836,11.6739,21.2562,29.7885,41.9178,43.2434,75.0156,126.579,267.806,2.18147,2.81857,5.10291,8.34786,7.71864,10.9972,14.9299,27.2645,35.9468,78.8279,90.454,139.017,1.99068,2.56277,4.15343,4.60672,8.58718,8.58073,13.706,29.0561,27.8919,40.1376,56.6981,98.179,2.04656,2.21519,3.9168,4.33685,6.16735,9.43489,12.8864,19.9372,20.7847,37.0135,52.164,60.4124
1100,21.4981,25.4355,50.9785,116.75,87.7193,182.147,267.62,355.467,482.012,608.799,1161.73,1530.67,19.1208,24.1959,69.9655,74.6442,126.302,154.007,165.028,322.313,441.021,539.787,903.078,1421.21,10.1753,25.6713,57.6631,94.6242,104.931,143.777,254.923,228.735,529.599,664.665,722.259,1032.41,11.0966,28.9632,58.3411,101.546,95.2488,153.486,198.073,282.412,382.825,578.262,832.042,1217.87,13.1886,27.9178,49.3201,66.5028,105.196,127.879,285.014,383.487,398.851,591.295,882.084,1378.91,13.1567,24.7262,57.2075,56.5669,85.6948,140.361,179.828,329.75,407.36,768.177,782.189,1383.07,14.8139,18.2125,42.5573,66.8464,97.6887,132.878,182.538,312.249,413.06,501.367,885.811,1008.87,9.31627,13.3835,43.3377,62.3839,81.8027,135.063,147.799,323.69,351.267,614.252,638.555,1250,8.28723,11.1237,23.2266,46.7144,70.4421,157.401,175.392,205.321,327.232,577.089,605.511,781.609,6.33649,13.2838,27.6819,42.1318,60.9664,83.0321,142.803,228.421,225.817,357.943,602.171,785.558,5.94431,9.14171,25.1145,37.8371,60.5654,159.016,100.138,124.468,293.643,532.036,662.968,869.231,5.54068,9.62198,23.8941,24.6672,50.237,87.41,151.902,153.524,233.406,342.06,430.854,882.301,3.88183,8.50924,20.2959,34.8778,38.3912,82.2017,112.382,126.275,148.843,298.235,499.211,931.303,4.65308,9.02399,20.4834,41.7775,34.7181,57.8814,92.9986,143.013,171.572,369.953,345.851,594.603,3.74513,5.77884,15.7856,25.1436,22.9593,70.6166,105.095,126.827,285.72,293.937,445.236,813.411,3.50231,6.2496,16.5465,28.3652,26.4244,40.3488,49.1517,112.336,232.645,285.426,381.684,885.127,3.9583,4.16569,12.8296,17.06,38.5578,45.0193,64.2688,126.175,158.186,231.925,385.779,732.299,2.7308,4.64488,10.7304,20.0049,25.4625,52.2006,49.6216,101.021,125.567,276.949,323.485,572.024,3.08461,5.08663,7.94381,17.5958,20.9559,32.9462,63.1791,103.722,107.795,149.819,175.894,459.032,3.26914,3.37211,10.4589,16.4868,16.8003,24.87,34.0759,59.0593,96.4908,157.175,227.127,357.139,2.98047,4.71873,8.1114,13.2053,18.2669,20.1206,42.7289,43.2979,75.7112,140.087,102.401,311.014,2.4641,2.58178,5.49463,8.93832,13.2509,20.5004,30.0756,44.2485,46.5623,67.6251,123.787,167.751,2.21901,2.86456,4.88737,8.86946,8.10726,10.6753,13.4644,26.3558,37.2264,75.6902,83.1373,140.075,1.95332,2.42408,4.1524,4.53281,8.06397,9.75039,12.9438,27.2791,29.113,42.6354,61.6169,100.562,2.01229,2.27755,3.90717,4.18467,6.0113,9.95488,12.3494,19.4786,20.8486,35.945,48.843,61.9342
1125,20.9266,25.4355,50.9785,116.75,79.7284,182.147,267.62,355.467,451.269,608.799,1161.73,1530.67,19.1208,29.129,71.4816,78.0288,121.047,154.007,165.028,334.981,441.021,539.787,1041.31,1291.93,10.387,25.8715,55.402,85.4154,104.931,135.866,254.339,229.018,529.599,659.851,719.808,1032.41,11.0966,28.0957,57.2487,101.546,95.2488,153.486,198.073,275.117,422.417,552.401,805.982,1039.21,13.2535,27.9178,46.8276,72.5889,105.196,127.879,264.489,407.62,398.851,740.096,882.084,1237.49,13.1202,24.7262,63.9506,56.5669,92.9434,129.19,176.979,327.4,407.36,772.657,667.933,1383.07,15.3145,18.9525,44.6623,59.7665,94.8919,133.549,178.157,312.249,413.06,483.74,854.305,1008.87,9.48791,14.3841,42.3734,59.3818,85.1466,132.306,154.392,324.59,368.134,614.252,638.555,1258.39,8.05741,10.909,23.0595,51.0627,70.4721,132.087,194.321,205.321,251.681,617.991,595.89,871.797,6.84327,12.9151,28.7887,46.0001,55.5315,89.7909,125.462,216.053,225.81,384.892,650.235,785.522,5.69128,10.1049,24.3443,34.2615,78.5715,158.991,78.186,125.135,293.646,547.936,657.001,753.957,5.07166,9.93809,23.4429,26.4265,50.425,95.0295,154.433,164.55,252.767,342.101,428.276,882.331,4.06196,7.40506,17.2738,33.2115,39.2848,83.9387,106.905,112.64,150.869,297.173,474.274,949.233,5.30205,9.09733,20.2292,40.796,34.4155,58.8413,114.301,142.037,146.183,361.548,344.673,657.475,3.84234,4.8003,16.397,23.9964,24.4738,70.7521,86.7906,127.041,319.517,272.51,475.785,822.622,3.52079,6.85947,15.7209,25.8654,21.6925,63.9851,47.9171,112.888,231.184,289.61,386.78,896.301,4.01043,4.5578,11.4781,13.9364,41.5509,45.5534,57.9831,98.1707,155.848,253.333,393.891,691.883,2.78608,4.76399,10.064,20.4059,25.1084,58.9907,57.2586,94.8222,128.592,266.699,289.789,605.009,3.06212,4.70765,8.09464,18.0154,18.8689,39.7984,50.5731,110.066,114.895,154.239,215.218,354.306,3.32073,3.29589,10.9528,14.8605,15.9074,27.566,35.1506,63.4864,92.6388,149.329,223.479,312.065,2.87406,4.60574,8.57062,13.1287,20.3725,24.2976,40.2992,43.1808,84.1586,148.542,102.225,311.894,2.36651,2.70612,5.51011,9.71156,13.1259,20.0252,28.9823,43.4424,43.8482,72.6947,126.562,257.964,2.25758,2.83025,4.9267,6.90603,8.17482,10.4776,13.6179,25.8326,37.4783,67.4216,84.9448,140.986,1.93699,2.61523,4.10059,4.57235,10.1285,9.42972,12.1818,25.6483,29.7003,41.9002,61.78,94.716,1.99591,2.11037,3.80832,4.21338,5.71676,9.34205,11.6251,19.716,20.331,35.6831,50.0619,61.1204
1150,20.4714,23.6,50.1722,113.314,89.7045,182.147,267.62,355.467,461.433,608.799,1161.73,1530.67,19.1208,27.2376,71.4816,71.3069,121.047,154.007,158.947,322.528,441.021,539.787,1041.31,1421.21,8.25632,25.9582,63.5798,85.4154,104.931,175.216,254.923,226.922,529.599,681.837,812.667,1032.41,11.2439,27.2342,56.7043,99.7306,95.2488,153.486,198.073,282.412,452.234,578.262,755.284,1038.56,13.1057,27.9178,49.4932,76.7756,105.196,127.879,228.089,393.197,398.851,649.791,882.084,1378.91,13.1075,24.1136,63.9506,56.5669,88.8493,146.005,180.699,327.408,395.123,772.657,808.723,1383.07,14.8482,18.9525,44.6623,68.0054,97.6887,132.867,178.157,312.261,362.42,520.592,885.811,1008.87,9.42431,15.668,42.6195,61.8823,85.1466,135.091,150.189,324.59,380.003,612.902,638.555,1128.16,8.20419,10.9259,22.7083,49.8725,67.6538,130.001,194.321,205.379,322.092,618.412,605.844,896.028,6.03161,13.4685,27.7117,45.4424,61.1196,84.4424,141.766,230.884,225.809,387.795,689.306,782.663,5.24997,8.18833,23.8099,36.6219,76.2479,155.159,118.251,125.556,237.089,476.467,656.982,869.253,5.1121,9.72112,25.755,24.9676,51.3912,96.9296,135.653,164.556,255.161,342.038,474.681,882.616,3.75285,6.80871,19.0413,37.7422,40.4038,83.2928,102.996,112.289,146.263,298.177,496.609,904.795,5.38878,7.43424,20.1628,38.6768,38.8299,56.5045,111.55,139.359,165.392,401.081,344.589,444.651,3.66178,5.63499,15.353,21.9661,25.2037,69.2018,107.294,135.234,324.06,305.311,467.692,729.72,3.55654,6.65097,15.7251,25.8842,20.9613,65.366,46.8602,116.48,243.564,291.692,377.604,878.358,3.55782,3.85702,13.6402,16.149,42.8511,44.6375,54.4387,114.497,163.413,251.398,391.01,697.674,2.87395,4.94018,10.0245,20.4467,25.2644,56.4029,59.5708,85.603,123.106,269.237,369.705,618.245,3.1421,5.0027,9.53563,13.1854,18.464,34.5248,67.8553,95.6886,113.429,152.146,193.802,464.775,3.28139,3.45168,10.7247,16.0602,14.7468,22.0466,42.1296,60.3353,90.2158,154.372,220.75,323.158,2.90759,4.25613,7.14993,14.3917,17.9853,22.4521,39.9637,40.1326,83.8361,137.408,93.0317,310.185,2.50056,2.68423,5.35828,9.97494,12.5858,20.343,25.5575,38.8255,33.7708,73.676,109.857,259.636,2.27996,2.7755,4.64779,7.86936,8.35172,10.6713,14.8183,25.1172,34.2889,68.1089,86.6634,136.709,1.97225,2.80755,3.96752,4.16597,11.4782,8.99747,13.0512,26.0374,28.491,39.1276,60.6093,111.556,1.96125,2.14938,3.75062,4.30581,5.71,9.37966,12.6851,19.3865,20.1549,34.0621,48.0661,61.0196
1175,21.4981,25.4675,50.9785,116.75,87.7193,187.735,251.24,355.467,482.012,590.747,1102.78,1530.67,19.1208,27.2376,71.4816,78.0288,102.047,140.526,156.606,322.632,489.284,539.787,1041.31,1421.21,9.90804,25.9582,57.6631,85.4154,98.8539,143.777,254.923,238.088,424.214,573.675,722.259,1032.41,11.2439,28.9632,56.6244,101.546,95.2488,133.209,198.073,282.412,414.135,578.262,832.042,1016.5,13.0432,27.9178,49.4932,76.7937,105.196,127.879,285.014,384.433,398.851,740.096,978.76,1378.91,13.2137,24.7262,63.9506,56.5669,87.0593,146.947,180.699,332.925,407.36,773.857,814.148,1383.07,14.8544,18.9616,44.6706,68.0054,97.6887,131.769,168.903,305.798,374.221,520.592,885.811,1012.12,8.06824,16.1473,41.8846,58.8736,85.1404,135.132,138.75,279.464,380.017,612.902,638.555,1258.38,7.81433,10.936,23.2027,50.4806,70.5526,132.391,194.321,205.379,264.819,618.412,605.821,871.84,5.33466,13.6244,27.8672,45.8622,50.0414,90.3324,143.137,218.186,232.804,387.963,694.582,764.156,5.80242,10.0815,24.0901,36.9215,76.9786,147.452,89.8239,128.973,241.858,533.438,657.107,869.224,5.1971,8.5906,23.3006,27.5724,49.5264,95.7889,149.597,164.541,255.102,342.026,425.582,882.597,3.89038,8.05957,17.8835,36.5505,40.3741,89.4377,95.0105,119.133,148.899,291.884,496.592,967.573,4.39133,8.66827,19.4877,39.7574,35.5565,61.5693,116.42,133.832,163.795,398.435,341.928,669.881,3.57052,5.8155,18.3276,19.0662,25.0702,61.3646,87.416,128.968,321.743,305.861,461.912,812.453,3.44745,7.87126,14.9441,24.3049,24.959,60.3212,45.2652,105.045,250.924,272.342,376.797,876.695,3.92418,4.33754,11.5873,15.6857,40.4865,42.8109,43.0605,110.693,163.612,254.81,385.028,696.631,2.69292,5.33954,9.16177,20.7271,23.9232,57.2952,60.8222,97.914,122.432,217.343,362.326,553.134,3.12674,5.14825,8.22293,16.017,20.8228,40.8233,52.7465,110.635,111.996,147.014,197.141,398.505,3.26916,3.34393,10.3543,15.1693,16.3736,22.0878,39.2194,57.2683,95.2501,140.398,203.654,338.983,2.88198,4.5612,8.04394,14.3012,18.5426,19.762,36.8393,43.9192,80.919,131.826,91.3433,302.861,2.56036,2.62831,5.45129,9.03692,11.3914,17.4643,29.5989,44.7973,44.0259,73.4053,109.738,247.482,2.09196,2.70974,4.47481,10.1958,7.50959,10.2015,14.4701,23.1532,34.9486,71.2948,84.2458,128.544,2.06126,2.61054,3.97938,4.36837,10.119,9.75823,12.6931,26.333,27.805,39.0285,56.8223,108.026,1.9649,2.17482,3.8369,4.05873,5.69599,9.14578,14.1834,19.146,20.2324,34.7263,47.2607,60.0602
1200,19.9358,25.4355,50.9785,116.75,83.1493,182.147,267.62,329.966,482.012,608.799,1202.28,1530.67,19.1208,22.3909,71.4816,78.0288,95.6559,154.007,162.875,322.528,338.291,476.53,1041.31,1369.2,9.90804,25.9582,57.6631,76.4103,104.931,143.777,239.914,228.735,529.599,681.837,722.259,1032.41,11.6083,28.9632,54.6017,101.546,95.2488,153.486,198.073,282.412,422.417,578.262,832.042,1038.56,13.1057,26.3651,49.4932,77.6473,100.073,127.879,285.014,407.62,398.851,740.096,882.084,1378.91,13.2137,24.7262,63.8835,52.1606,87.0593,146.947,176.437,327.408,407.36,773.857,808.723,1383.07,14.6739,15.3095,44.6706,68.0054,98.721,125.52,191.477,312.261,413.06,520.592,885.811,1008.87,9.03985,14.8043,41.4617,62.8594,84.5692,135.145,154.409,319.212,371.479,612.902,638.555,1258.38,8.27148,10.927,27.3908,49.9345,69.4054,127.381,194.321,209.339,326.675,618.364,605.806,871.84,6.01846,13.8159,28.3886,46.4562,59.6389,81.4661,139.574,227.543,229.846,384.566,694.586,742.507,5.65156,10.4808,24.7545,37.3391,69.7874,155.211,98.8229,123.306,286.21,520.288,608.23,869.205,4.9139,10.1363,25.1766,27.5149,50.7462,106.156,150.491,164.589,255.037,341.956,484.924,882.571,4.03135,7.21115,19.2859,36.1799,40.0849,82.1542,105.027,106.443,151.798,272.821,496.567,911.466,4.676,7.12664,18.2699,39.2892,37.3951,59.4502,111.263,121.128,164.086,392.3,341.807,670.03,3.33294,5.88626,18.5435,22.7693,25.7099,66.9093,87.211,127.702,292.759,286.384,456.123,812.506,3.43111,7.22047,15.207,26.2006,24.535,63.397,48.2545,122.494,249.986,291.668,375.467,872.912,3.6028,4.78004,11.7176,16.3676,37.7252,39.5,54.6519,113.615,164.872,249.522,382.046,698.178,2.7086,5.07214,10.3362,17.056,27.3328,39.0085,57.2441,100.129,120.726,262.837,359.023,556.527,3.03772,4.91341,8.08935,17.2005,20.5248,32.5102,63.051,111.491,116.162,144.819,203.958,378.714,3.27655,2.96981,10.8512,14.4071,15.6399,22.3986,38.0392,61.344,94.0215,143.242,217.794,355.419,2.83298,4.37161,8.0485,12.8377,19.806,20.116,33.3246,45.6496,80.7079,122.976,96.5053,350.395,2.59797,2.57588,5.26038,9.06655,11.7732,17.1566,28.6878,40.3054,46.6107,68.6704,110.38,291.356,1.99849,2.61097,4.50473,9.80065,8.28185,9.92441,13.5118,23.7904,35.7583,57.4187,76.2417,141.618,1.96243,2.71195,3.93872,4.54374,8.83215,9.49777,12.0291,25.2784,28.4347,39.397,59.5979,97.9442,1.8868,2.25056,3.80622,4.17675,5.66075,8.78948,12.2972,18.6762,19.8813,34.1775,45.6047,58.2412
1225,21.4981,25.4355,50.9785,116.75,87.7193,173.518,267.62,355.467,482.012,608.799,1097.4,1530.67,19.1208,27.2376,71.4816,74.2914,121.047,154.007,165.028,307.544,405.621,510.115,1041.31,1421.21,9.65394,25.9582,57.6631,85.4154,107.503,143.777,255.272,239.238,529.599,665.682,690.554,1032.41,11.2439,28.3703,57.1821,101.546,95.2488,153.486,198.073,290.117,422.417,578.262,832.042,1038.56,13.1372,26.7318,49.4932,76.7937,105.217,127.879,285.014,399.367,398.851,715.207,882.084,1358.52,14.0416,24.7331,58.1073,53.0152,87.0593,146.947,174.497,327.408,407.36,773.857,781.878,1383.07,14.018,18.7462,44.6989,68.0054,98.721,131.78,178.157,302.029,403.862,520.592,888.557,1008.87,9.23805,15.3756,42.8789,62.3989,85.1409,133.602,147.186,323.68,375.516,588.563,661.834,1191.12,7.0555,11.2571,22.9494,49.9474,69.4119,155.869,194.336,210.205,265.289,618.364,538.47,871.84,6.09049,13.3889,26.9907,47.6564,54.6995,84.2406,141.785,226.885,229.253,386.231,644.79,772.497,5.74441,10.1345,23.9184,35.2396,72.3047,124.894,99.3257,137.645,286.208,547.88,657.207,869.405,5.20642,9.53177,21.143,25.3904,52.5105,94.3265,147.398,155.52,255.081,341.913,425.696,882.639,4.18311,7.44589,16.3578,36.7053,34.5512,81.0463,100.052,114.04,154.424,291.726,496.719,880.297,3.86642,7.98866,21.33,37.7668,33.3767,52.8066,111.119,138.064,162.953,401.07,357.144,668.676,3.5654,5.79492,17.8149,22.2081,25.1842,68.775,100.782,128.872,323.386,306.983,466.12,812.835,3.5119,6.31268,14.212,21.1013,24.5136,62.0138,54.9138,116.658,214.461,286.274,363.591,866.859,3.96048,4.568,13.1123,15.442,39.9359,41.4351,58.6192,113.194,155.372,250.049,373.46,611.071,3.16982,4.39514,10.1064,19.8668,23.4849,53.8071,62.7751,90.7839,140.519,261.973,361.832,550.177,3.1173,4.51108,7.83991,17.1402,15.5589,39.327,67.0644,114.462,110.191,146.044,185.494,465.744,3.14518,3.30766,10.7306,12.4935,15.3099,29.1568,40.4157,50.4366,93.9213,146.291,231.208,294.867,2.67346,4.26525,7.24149,11.7186,19.263,23.273,35.772,47.7523,65.518,135.569,83.259,312.813,2.47878,2.67865,5.28031,9.70405,11.6564,17.2093,27.6754,40.8457,30.0462,72.2404,107.569,280.144,1.98506,2.88619,4.59779,9.59777,8.48287,10.2731,14.3441,24.7023,36.3523,62.7023,88.8772,137.731,1.94991,2.62074,3.85579,4.12879,9.59788,8.53515,11.5925,24.7593,28.2796,34.7745,56.8432,93.0406,1.86434,2.03921,3.7407,4.16587,5.62203,8.86439,12.5775,18.8259,19.8826,33.1878,46.3577,57.164
1250,21.4981,23.2622,50.9785,116.75,87.7193,182.147,267.62,355.467,482.012,608.799,1161.73,1511.78,19.1208,27.2376,69.2254,78.0288,121.047,148.807,165.028,322.528,347.922,552.209,1041.31,1421.21,9.90804,22.8482,58.802,82.8561,106.093,143.777,254.923,216.482,529.599,656.099,782.378,1019.6,11.2439,27.9175,57.1821,101.546,95.2488,137.75,198.073,282.412,422.417,560.096,832.042,1052.53,12.8802,27.9178,49.4932,73.6631,102.629,127.879,260.086,379.924,398.851,740.096,882.084,1340.72,12.7693,24.7331,63.9649,55.1761,82.8231,146.947,180.699,327.408,377.594,732.173,808.723,1383.07,14.9252,18.7462,44.6989,64.548,98.721,131.78,164.889,312.273,413.06,520.592,815.125,1008.87,9.21006,15.5144,41.8142,62.7111,84.8342,133.602,154.307,324.628,327.939,612.907,594.767,1258.38,7.49444,11.1295,23.8607,50.3308,69.4119,155.854,194.336,209.418,322.16,618.75,588.981,871.84,6.10063,12.9932,27.6746,41.6275,60.4617,80.104,140.592,227.544,229.23,363.516,510.894,777.925,5.16805,9.58804,23.7647,27.6489,73.4433,143.359,120.451,128.461,279.378,528.777,657.271,859.68,4.41018,10.3948,25.1539,24.1599,50.539,90.5139,146.538,164.644,255.045,337.164,425.889,804.841,4.22343,7.87307,15.2338,32.5338,40.1532,88.9257,96.1975,111.838,154.381,323.035,496.725,716.506,4.63205,8.73429,21.2868,38.5968,35.6493,56.5873,111.045,134.072,162.052,412.062,341.661,670,3.61372,5.41652,18.4772,24.2649,21.5328,63.5124,93.811,131.96,324.445,302.893,464.476,728.317,3.40644,6.69331,14.3065,28.1831,24.5364,56.3201,42.0869,115.065,260.053,284.734,361.37,866.746,3.99247,4.43536,13.1764,15.7215,40.0122,35.4906,54.2848,114.366,161.763,227.997,380.038,637.471,3.31855,4.82279,9.68091,19.7502,24.8868,54.5747,45.9466,92.1201,122.001,255.125,353.024,401.29,3.04349,4.96202,8.07559,13.3262,22.2943,32.0033,64.3712,105.118,111.263,147.349,174.029,412.215,3.0423,3.33205,10.1012,14.2535,16.1046,23.0395,35.8647,59.402,91.1565,145.435,228.529,301.201,2.76897,4.33134,7.95583,14.6028,16.6953,21.0088,37.5338,39.0856,74.2715,136.352,88.1944,331.375,2.58563,2.57374,5.03786,8.89713,11.675,18.2496,27.7072,37.5456,39.1483,71.1954,103.372,226.888,2.04973,2.79273,4.53697,8.39256,8.32206,10.0761,14.304,25.414,34.0781,63.6051,93.9818,133.647,2.07004,2.57345,3.83031,4.17491,9.58089,9.04653,12.1379,27.6208,30.51,37.1532,55.689,105.18,1.91037,2.06908,3.68435,4.07657,5.70006,8.67345,13.8431,18.4963,19.698,34.2137,47.8602,58.1405
1275,21.4981,25.4355,50.9785,115.619,87.7193,182.147,267.62,355.467,482.012,590.491,1161.73,1373.11,18.233,27.2376,71.4816,78.0288,115.88,154.007,165.028,322.528,441.021,539.787,1041.31,1421.21,9.54174,24.6864,57.6631,85.4154,99.8095,143.777,254.923,228.735,529.599,681.837,722.259,1032.41,11.2439,28.9632,57.1821,101.546,95.2488,153.486,198.073,282.412,422.417,578.262,862.322,953.328,13.1057,28.8598,44.8125,76.7937,105.217,127.879,285.199,364.42,399.768,740.096,863.691,1292.02,12.7693,24.7331,65.894,56.5823,85.5978,143.39,180.699,327.408,407.36,773.857,808.723,1270.54,14.9873,18.6379,44.6989,67.0259,98.721,131.78,152.912,307.079,453.825,520.592,885.811,1008.87,9.52236,13.9348,42.677,60.8914,84.8342,128.715,154.409,324.6,372.208,591.546,638.555,1258.37,7.74332,10.9127,23.7176,46.6794,67.2182,160.829,172.707,174.948,302.262,581.131,606.085,871.84,5.65022,14.0377,26.4047,43.3496,60.0335,85.1188,140.946,222.095,217.257,386.254,694.504,782.664,5.85539,10.027,22.9246,38.5823,74.0646,149.591,97.3763,128.474,290.74,528.783,657.352,859.653,5.16629,10.0193,27.4003,26.5156,51.1998,95.019,148.051,164.767,255.022,301.935,402.34,882.713,3.93492,7.70152,15.3868,36.0375,40.163,91.9564,102.649,110.956,145.303,259.968,496.728,968.08,5.12996,8.85705,20.3089,38.0822,36.699,52.8576,105.005,121.756,144.897,366.437,341.622,691.776,3.75841,5.86996,18.3453,21.5781,22.3717,76.3622,82.7511,132.466,310.522,322.342,472.729,796.056,3.57893,7.88646,15.0281,25.8955,24.4064,62.3403,45.0281,115.673,252.063,285.963,377.775,858.081,3.82685,4.3436,12.4134,15.6996,33.0112,38.1655,50.2158,120.364,162.263,249.702,370.518,684.086,3.5792,4.27534,9.90873,16.3502,27.2286,48.655,48.6721,94.6133,121.099,218.085,344.522,559.04,3.00495,5.14211,7.93221,14.5713,19.9269,37.129,61.9343,99.661,100.175,144.016,177.331,465.379,3.05683,3.31394,9.90456,13.2585,16.174,27.2105,34.4899,55.1801,89.8591,148.754,227.599,305.538,2.73352,4.16709,7.68884,12.9392,17.1728,19.197,35.2882,41.9243,64.2862,155.561,87.0592,286.375,2.61935,2.41713,4.8577,9.03307,11.6555,18.2212,28.0984,40.7523,41.0202,68.5189,100.903,210.393,2.02681,2.71075,4.55862,8.94591,8.01141,10.2255,13.8448,22.37,33.9182,66.7706,97.1289,132.53,1.94797,2.78284,3.79466,4.34426,8.17826,9.04785,11.7011,31.1229,26.8073,36.8749,55.898,102.518,1.90844,2.08888,4.02602,4.042,5.49009,8.73693,13.3792,18.038,19.3318,33.5739,47.7445,54.3598
1300,21.4981,25.4355,50.9785,116.75,82.5208,182.147,267.62,355.198,497.395,593.849,1161.73,1530.67,19.1208,27.6205,69.3201,78.0288,123.463,154.007,165.028,322.528,355.924,526.757,1041.31,1421.21,10.6725,25.9582,57.6631,84.5424,109.355,144.102,254.923,252.837,529.599,681.837,722.259,1032.41,10.5169,28.9632,57.1821,101.546,95.2488,153.486,217.338,282.412,422.417,578.262,794.457,1038.56,13.1057,27.9178,49.4932,78.1828,102.469,119.664,285.014,407.62,398.851,740.096,882.084,1378.91,12.5238,24.7331,65.914,56.5823,85.5978,146.947,177.538,327.408,407.36,773.857,808.723,1383.07,15.0796,17.6321,42.8317,66.9572,98.721,131.78,164.889,312.273,413.06,520.592,885.811,1008.87,9.50358,14.5349,42.9943,60.8914,84.8342,108.912,142.909,324.626,356.528,612.907,608.108,1192.62,8.09916,10.5837,24.5638,59.1824,69.4061,153.059,191.596,209.41,326.701,618.703,596.74,871.84,5.74911,13.1161,28.859,45.2212,61.1909,71.1772,138.305,225.706,227.01,388.062,694.499,782.678,5.97985,10.7478,23.7105,38.3641,73.4123,149.396,118.173,127.857,290.754,524.537,657.477,859.681,5.81059,9.92002,22.2722,27.2128,47.6377,94.1207,150.584,167.145,232.537,332.559,423.204,850.221,3.85744,7.05665,15.395,32.3569,39.1042,87.9363,108.875,111.072,122.453,288.002,496.735,845.77,4.78673,8.77421,22.6602,38.0958,33.5701,56.0146,106.819,125.361,165.111,415.215,342.78,647.302,3.52636,5.48161,19.0255,23.9989,25.4351,72.3536,100.127,119.746,321.94,305.551,461.89,796.125,3.28387,6.55888,15.7759,24.6902,24.4496,62.2142,45.9198,107.892,198.807,288.098,400.556,847.662,3.71528,5.08902,13.4707,13.9011,39.1304,35.5465,54.3234,109.925,145.777,252.996,356.473,682.244,3.64389,4.83052,9.28248,18.3997,23.3394,42.8021,60.5506,82.0731,118.84,255.813,352.969,592.773,2.963,4.44629,9.11852,15.5372,21.3844,38.6563,50.0479,104.973,111.082,143.002,165.276,319.778,3.08363,3.25313,10.1722,12.8075,16.4962,21.6252,40.074,62.012,87.0851,132.661,183.229,352.797,2.58374,4.14693,7.15206,12.5277,18.8322,20.5348,36.1876,50.2792,67.4824,116.603,100.537,310.471,2.36481,2.58586,5.03726,8.60157,11.2588,18.9643,27.674,40.2628,44.9337,69.4858,103.221,262.906,2.14798,2.80824,4.45408,8.84222,8.69325,10.0938,13.1109,23.2219,35.6563,60.3822,79.9088,134.441,1.87901,2.63296,3.71157,4.40894,8.73236,8.45225,11.2606,26.0838,28.2717,33.8274,54.8838,95.952,1.88894,2.03501,4.01314,3.99128,5.37882,9.05306,11.9879,17.7822,19.9027,32.799,44.7799,54.0652
1325,21.4981,25.4355,48.2767,116.75,91.8622,182.147,267.62,335.572,482.012,608.799,1161.73,1530.67,19.1208,27.2376,71.4816,77.9762,119.713,154.007,163.035,322.528,445.525,531.384,1041.31,1421.21,9.90804,25.9582,57.6631,85.4154,104.931,143.777,236.05,230.651,529.599,681.837,722.259,1032.41,11.2439,28.9632,58.3411,101.546,95.2488,153.486,198.073,282.412,422.417,578.262,764.75,1009.22,13.1057,26.8154,49.4932,76.7574,103.705,127.879,285.014,383.487,398.851,591.295,882.084,1378.91,12.9221,23.7611,57.8012,56.5823,85.5692,146.947,179.836,327.408,407.36,773.857,808.723,1277.58,14.9782,18.2129,42.6023,66.8559,90.0522,131.757,164.889,284.794,360.575,520.592,885.811,1008.87,9.33139,16.2152,43.4855,47.3479,84.812,127.427,154.409,323.72,340.463,612.907,609.483,1258.37,7.81261,11.49,23.8017,49.838,69.4018,125.904,181.41,178.42,331.357,552.782,606.63,871.84,5.77949,13.2558,28.4046,43.7352,62.5876,89.9207,138.891,225.693,227.001,364.092,604.827,760.134,5.93524,11.0106,23.914,39.4308,71.1494,152.392,122.107,127.162,244.749,524.533,657.432,859.631,5.50372,9.67649,27.9874,26.4414,51.4463,94.6055,151.176,154.371,242.837,332.457,423.434,883.155,4.18438,6.33955,15.9754,36.7745,39.0271,89.0196,107.128,103.696,148.97,287.955,496.78,716.291,5.4982,8.68549,21.2054,36.5854,31.4782,58.76,105.451,144.1,171.745,378.906,342.742,670.028,3.60549,6.07093,14.5354,21.8868,23.3459,74.4979,100.241,133.26,314.022,272.491,464.635,796.559,3.17255,6.54967,16.4849,26.4411,21.2672,55.5342,38.7519,117.873,267.422,291.778,373.495,847.615,3.26493,4.34866,12.8004,15.5223,35.8352,40.2104,53.2179,127.789,163.851,215.364,368.377,634.491,3.71492,4.9656,10.7016,18.104,24.2752,53.0751,49.8799,70.3355,114.633,257.495,347.216,592.374,2.88388,4.97599,8.76384,13.2146,18.9356,32.7354,46.5576,95.6881,91.5753,120.099,178.303,380.73,3.02592,3.09705,9.97115,14.0416,16.9265,30.5755,37.5264,46.7247,88.1813,148.345,214.144,304.21,2.64545,3.90798,6.84859,13.2441,17.5794,18.3159,35.4015,36.1245,70.142,156.25,83.9441,311.065,2.40883,2.50658,5.19708,8.93059,11.1318,16.5991,25.8388,35.3484,49.6423,67.4456,101.01,218.765,2.05431,2.79686,4.09574,7.52456,8.01702,9.84953,14.1141,23.1221,35.3212,66.6602,92.1042,132.226,1.87734,2.55595,3.66817,4.20336,9.70244,8.61729,11.6441,24.3392,29.54,37.2039,52.0701,100.005,1.87912,1.95154,3.88474,4.03327,5.50178,8.71385,12.8942,17.6554,19.3308,32.9153,46.1424,55.7354
1350,18.6802,25.4355,47.1592,114.006,87.7193,179.632,267.62,355.467,482.012,608.799,1161.73,1530.67,19.1208,29.129,71.4816,78.0288,121.047,147.442,156.606,319.675,441.021,539.787,917.02,1408.29,9.91916,25.9582,55.402,75.0147,92.2022,143.777,254.339,226.578,521.266,681.837,719.808,1032.41,11.2439,27.9132,57.1821,101.546,95.2488,153.486,197.326,251.852,395.723,553.387,832.042,1026.61,13.1057,27.9178,49.4932,72.5707,107.617,127.879,285.014,407.62,398.851,760.581,882.084,1378.91,12.9523,24.7331,65.914,56.5823,85.5692,146.947,176.622,327.408,407.36,773.857,808.723,1373.11,14.9585,18.7644,44.6989,59.7671,96.9083,127.639,160.494,295.17,413.06,483.754,885.811,1008.87,9.31436,15.1614,42.8364,57.4748,85.1364,122.774,154.409,281.103,359.694,594.121,638.555,1258.36,7.95023,11.1476,23.0268,49.8478,69.4115,147.7,191.606,209.445,308.89,619.106,586.214,871.84,6.23722,13.8651,28.5362,44.6213,55.2228,85.8915,130.653,221.54,225.401,390.056,668.272,782.716,5.56878,9.55667,24.2952,37.7415,64.7515,151.407,119.216,128.843,295.881,524.544,657.632,859.631,5.17455,10.8643,22.7671,26.4674,51.4651,92.7017,152.092,164.789,237.526,321.955,423.51,883.019,3.87699,7.14152,16.6685,31.0777,39.0966,85.702,91.9748,109.211,147.884,288.434,496.74,968.939,5.07111,7.82322,20.5749,33.3204,31.5585,57.2715,113.855,128.098,173.494,412.555,342.641,671.731,3.63734,5.80313,18.343,23.1605,22.0531,72.6833,93.6772,102.697,305.634,294.216,462.948,713.144,3.40351,7.11208,15.2009,22.313,22.866,61.0477,36.5954,116.588,243.946,290.786,349.801,848.55,3.58504,5.03763,12.7879,14.795,39.8917,36.1205,49.7732,118.132,158.653,253.047,340.82,692.732,3.279,5.65967,8.16459,16.9962,26.8159,48.6813,58.1347,99.9725,124.735,243.959,339.876,559.768,2.92591,5.00579,7.83469,16.6017,21.8301,37.5171,46.9739,110.32,110.679,143.325,174.721,355.037,2.93122,3.31334,9.58239,13.7156,14.9311,28.6463,34.6194,52.659,82.3783,125.719,194.456,291.323,2.61713,4.1052,7.50869,12.3679,16.0791,17.6065,33.5348,38.9265,57.8124,159.806,105.182,303.101,2.31938,2.47552,5.20411,8.4692,10.7655,16.6485,26.6472,36.4671,59.036,62.5379,101.838,237.714,1.99524,2.81737,4.22026,9.08977,8.03924,9.96107,13.7661,23.655,30.8199,65.6673,100.103,129.463,1.93243,2.76957,3.67422,4.17539,9.32268,8.76667,11.4456,30.6939,25.7791,34.0751,51.7202,96.1639,1.85445,1.92723,3.86535,4.0026,5.79789,8.61022,12.7478,17.2748,19.1002,31.8105,46.4545,54.0817
1375,21.4981,23.4982,50.1722,116.75,87.7193,182.147,267.62,355.467,482.012,608.799,1161.73,1530.67,19.1208,27.2376,65.5957,71.3069,121.047,154.007,165.028,322.528,441.021,539.787,1041.31,1421.21,9.61116,25.9582,57.6631,85.4154,104.931,143.777,254.923,213.597,529.599,681.837,679.789,1032.41,11.0696,24.6565,56.7043,94.9739,95.2488,153.486,198.073,276.028,422.417,578.262,832.042,1038.56,13.1057,26.3766,49.4932,76.7574,105.217,122.109,285.014,398.705,398.851,649.791,882.084,1378.91,12.9933,24.7331,62.4283,56.5823,85.5692,146.947,180.699,327.408,407.36,773.857,808.723,1383.07,14.8601,18.03,45.9123,68.0165,98.721,121.17,160.589,312.273,413.06,520.592,885.811,1008.87,9.25386,15.6813,43.0034,60.8914,84.9248,132.889,154.409,324.669,371.635,614.288,587.378,1258.36,8.48453,11.6794,24.2064,49.4632,69.4248,147.716,191.606,209.445,331.381,552.138,597.394,871.84,5.76325,13.536,28.5337,40.2686,57.4835,90.3602,139.375,225.962,222.045,390.087,672.238,782.775,5.02992,8.54594,24.6225,37.61,69.3276,153.792,113.335,123.929,295.323,510.29,657.646,859.651,4.79994,11.1001,27.4114,23.9268,49.3927,91.6492,136.245,165.495,249.18,321.879,426.201,883.049,4.01257,7.12528,15.7886,34.7412,38.9691,79.6058,105.951,110.826,146.034,288.423,537.543,969.009,5.57933,6.97292,18.1649,37.2872,28.7705,55.757,91.3432,127.273,158.79,404.131,342.631,543.399,3.66919,5.37365,18.9296,22.3894,26.6221,77.6065,87.3866,129.278,239.7,303.503,464.791,778.955,3.33662,7.18024,16.4535,25.3494,23.9454,60.5167,41.3663,115.052,255.931,293.293,369.616,848.678,3.48579,3.99209,11.6035,15.6912,40.6796,38.7521,53.0202,129.066,163.695,230.501,354.263,687.432,3.74967,4.53792,8.22315,17.1353,27.5156,40.8962,57.6344,99.1511,114.978,251.455,348.172,560.969,2.90897,4.93201,7.20626,14.7672,15.7515,34.0646,55.6469,98.2566,101.157,135.117,161.456,463.175,2.93016,3.27235,10.0059,13.1209,15.2719,25.52,33.8476,52.8936,80.7919,135.3,211.836,371.855,2.60978,3.978,7.03536,11.01,18.4178,17.1575,35.5546,45.3997,57.0449,146.094,88.9546,317.743,2.36614,2.52442,5.29137,8.07905,10.773,17.6102,26.2882,38.8138,43.7524,63.9902,98.3315,205.25,2.06417,2.69844,4.23297,8.60477,7.78003,9.83309,13.115,22.1091,31.3792,62.8337,104.238,127.593,1.90711,2.68638,3.58629,4.33549,8.43728,8.44994,11.1885,27.7189,26.4079,36.8161,50.7735,94.314,2.04182,2.02938,3.85072,4.14013,5.15637,9.01628,12.2579,17.3358,19.2907,31.5158,46.8701,56.4043
1400,18.3266,25.4355,50.9785,112.033,87.7193,182.147,267.62,355.467,482.012,608.799,1111.21,1530.67,19.0097,27.2376,71.4816,78.0288,121.047,154.007,153.902,322.632,441.021,539.787,1041.31,1375.18,9.91916,25.9582,57.6631,82.7859,100.482,143.777,254.923,234.359,505.188,634.543,722.259,1032.41,11.2439,29.0846,57.1821,95.4481,95.2488,143.166,184.656,282.412,422.417,546.647,832.042,1071.94,13.0632,27.9178,48.1003,76.7937,85.6706,118.756,274.934,401.423,398.851,740.096,854.346,1378.91,12.8149,24.5226,65.914,56.5823,84.7978,146.947,180.699,332.933,367.869,773.857,796.362,1383.07,14.765,18.7724,45.9289,68.0165,98.721,117.467,150.13,303.435,413.06,520.592,885.811,1008.87,9.21448,15.531,43.0096,60.8914,84.9248,118.916,142.6,293.999,280.544,614.288,627.639,1258.36,8.32062,11.677,22.2691,49.4189,68.3428,127.944,191.606,209.438,331.381,618.963,582.132,855.084,5.97253,13.5552,28.9644,44.7869,54.3601,90.3736,141.239,223.42,194.717,392.08,534.367,724.158,5.78913,9.20342,20.2654,37.3503,71.706,152.061,119.393,145.02,173.508,515.073,657.679,824.208,4.4647,10.8659,24.847,26.4192,51.4224,93.3012,154.582,165.492,253.768,321.836,423.701,883.12,4.19207,7.57011,16.6381,36.4444,38.1131,83.1684,107.821,106.791,147.074,288.42,480.884,969.577,5.12788,8.44593,19.7756,37.3505,34.0718,56.9236,111.684,127.905,163.547,412.577,380.998,645.124,3.51995,5.96093,18.2239,19.58,23.4578,76.7008,73.248,126.454,275.751,297.655,475.961,788.949,3.19263,6.88813,15.1197,24.2054,23.0532,61.0525,47.815,116.597,258.585,269.688,382.174,848.545,3.04516,4.39933,12.4168,14.7997,35.9916,47.1625,49.7389,130.144,154.461,253.848,356.86,687.754,3.62569,4.83246,10.0879,15.8661,26.1955,50.308,61.4582,78.6182,112.852,241.736,342.384,572.78,2.83037,4.72482,7.23417,14.1412,18.1009,33.9535,49.6822,102.928,109.999,113.113,164.12,403.373,2.84883,3.41065,9.69157,11.3506,15.149,19.168,36.9974,52.7693,87.3436,146.805,202.018,317.266,2.57879,3.81008,6.57662,11.9621,17.6936,20.8985,32.2283,48.2101,56.4567,144.45,89.7051,304.565,2.24657,2.75916,5.38952,8.25701,10.8576,17.2891,25.0481,38.7582,45.2848,65.6514,99.4633,234.501,2.05363,2.8072,4.20768,8.08242,7.5198,9.57701,13.8684,22.7597,32.7707,59.2612,84.1759,125.509,1.87166,2.61421,3.53788,4.33508,9.09511,8.21728,10.5674,24.1733,27.7346,32.7433,50.4732,90.0695,2.03469,1.9966,3.88107,4.22444,5.39621,9.62307,11.8968,17.1239,19.6486,31.1694,45.642,56.3132
1425,21.4981,25.4355,50.9785,113.309,78.7057,182.147,267.62,355.467,482.012,608.799,1161.73,1530.67,19.1208,27.2376,71.4816,78.0288,121.047,154.007,162.875,322.528,338.291,539.787,1041.31,1284.2,9.91916,25.9582,57.6631,79.5951,108.469,143.777,254.923,228.735,529.599,681.837,688.076,1032.41,11.6083,28.6775,57.1821,101.546,95.2488,149.18,194.986,282.412,412.667,578.262,781.601,1005.46,13.1057,27.9178,49.4932,77.6473,105.217,127.879,253.25,407.62,405.236,740.096,882.084,1343.61,12.6777,24.5226,68.4046,56.5823,85.5835,150.248,166.618,327.408,348.591,699.056,808.723,1383.07,13.8279,17.8815,45.9289,63.3006,104.2,131.769,164.88,312.273,413.06,520.833,821.702,990.082,9.35724,16.2897,43.0005,58.8729,84.0121,132.915,154.415,319.267,373.972,612.942,638.555,1258.36,8.86207,12.1658,23.7653,49.4533,67.3532,126.902,191.606,209.545,329.023,617.963,590.489,871.84,5.79549,14.0108,27.8423,45.0605,55.3742,88.8451,132.794,225.375,239.763,382.746,703.629,734.997,5.5994,9.11333,23.6486,37.1412,73.3466,145.137,118.699,137.477,292.907,465.108,613.31,850.815,4.82791,10.3896,24.2744,23.0151,51.7908,107.739,154.598,162.422,253.723,321.698,426.517,891.746,4.08009,7.71164,13.3311,36.5406,39.7694,72.9349,107.002,103.28,141.776,288.345,496.685,969.558,5.54256,8.24548,20.5457,37.7191,30.907,57.4282,109.983,130.2,161.883,406.925,345.016,632.293,3.43518,5.82596,20.7555,24.1862,21.069,62.9395,98.0874,134.993,296.041,288.238,464.934,642.503,3.15883,7.61853,13.7759,23.2023,21.4412,54.3662,40.9926,114.312,235.855,288.201,374.963,848.379,3.52136,4.29034,12.3087,13.2393,39.9634,34.0212,53.2082,108.78,160.8,247.831,354.67,672.484,3.49699,4.92828,10.6993,17.2489,25.472,50.9156,40.0876,84.5725,113.053,260.968,344.628,579.953,2.68713,4.74068,7.17548,12.3794,19.8014,29.9206,51.7367,96.688,105.139,138.712,154.94,454.364,2.78663,3.27131,9.54959,12.6622,16.2522,27.893,36.738,46.6197,81.8048,143.651,203.964,300.311,2.49646,3.58862,6.93627,12.9779,16.2673,22.78,33.146,44.6215,63.942,138.086,86.8376,329.617,2.489,2.76291,5.67348,8.14653,10.514,16.1547,25.0282,35.5493,54.8033,65.5052,98.1885,233.393,2.09726,2.76474,4.32591,7.99598,7.4757,9.38387,13.7908,22.7932,33.9644,58.7399,110.911,122.176,1.81825,2.59452,3.55087,4.213,9.33797,8.15236,11.0435,28.2764,29.0272,36.3797,49.4524,89.1204,1.95043,1.96005,3.74629,4.05887,5.30942,9.08332,12.2621,16.9441,19.2601,31.1916,46.2231,53.6803
1450,21.4981,24.3381,51.515,110.655,87.7193,182.147,267.62,355.616,482.012,590.747,1097.4,1530.67,19.1208,27.2376,71.4816,74.2914,106.354,154.007,165.028,282.823,331.937,518.54,1041.31,1354.19,9.91916,23.7278,57.6631,85.4154,104.931,138.834,219.101,228.735,541.899,681.837,722.259,1032.41,11.2439,28.1549,57.1821,101.546,95.2488,150.675,198.073,282.412,422.417,578.262,832.042,1038.56,12.7216,25.3543,49.4932,74.9702,105.217,127.879,285.199,436.616,398.851,740.096,801.32,1358.52,13.0149,24.5226,65.934,48.5434,69.6105,137.353,180.699,323.63,407.36,773.857,781.878,1353.51,14.765,18.7724,44.6502,68.0054,98.721,131.776,143.401,312.273,352.653,520.621,885.811,1008.87,8.76153,14.2587,43.0005,57.453,84.9739,118.731,156.243,324.651,371.624,612.942,665.195,1258.33,9.02088,12.2335,24.2114,47.7697,67.4037,153.1,191.617,209.531,331.284,617.963,576.608,871.84,6.28998,14.3468,25.1685,44.8352,52.4789,90.0337,144.147,225.722,224.849,375.746,670.237,782.813,5.2072,8.24342,22.9733,26.129,75.8373,152.386,118.615,136.25,289.224,515.184,668.761,850.776,4.73703,9.98288,26.1859,28.0374,51.1593,97.9115,154.614,143.755,252.337,321.665,421.898,883.52,3.73858,7.66225,15.5663,33.1709,39.6593,67.1737,107.661,102.916,148.477,288.274,496.631,969.933,5.54931,8.12552,19.9747,39.9025,33.6933,54.2191,111.809,118.407,137.226,409.905,344.957,625.107,3.56109,5.74475,19.0388,22.4304,24.3219,79.5006,98.6032,114.115,274.949,283.768,457.139,791.837,3.06773,7.70621,18.3326,24.6557,23.3559,59.472,40.9492,115.269,254.884,276.833,372.609,839.569,3.52482,4.53968,11.2689,14.3063,40.7024,37.2787,41.3122,120.285,155.507,250.176,295.622,593.854,3.20927,4.67207,8.53508,15.6443,26.8364,48.5641,54.392,72.753,129.309,255.458,331.737,567.675,2.70967,4.90111,7.79423,14.0513,21.3709,36.809,50.5834,103.631,101.157,133.129,180.331,452.763,2.86698,3.34911,9.35513,12.6844,14.6673,26.6538,32.7919,51.2186,83.5537,122.742,208.186,330.122,2.47616,3.57248,6.37181,11.5159,16.5482,16.2288,31.5983,45.869,53.5206,157.49,80.6189,272.266,2.37382,2.70634,6.01121,8.03144,10.3603,16.2215,25.1666,37.3399,53.6829,62.3515,97.1807,192.267,2.06848,2.72457,4.17919,8.20041,7.67989,9.46764,13.0496,21.1524,33.3666,61.2889,104.582,119.609,1.91597,2.57355,3.55064,4.26961,8.14192,8.22529,10.815,26.4123,24.9636,38.0525,48.0808,88.8695,1.87094,2.00477,3.78075,4.04207,5.55879,8.83001,12.0894,16.722,19.0576,31.3992,45.5499,54.9658
1475,21.4981,25.4355,50.9785,111.961,85.1403,182.147,271.723,324.554,482.012,608.799,1161.73,1530.67,19.1208,27.2376,71.4816,78.0288,115.01,154.007,165.028,322.528,441.021,539.787,1038.6,1250.76,10.6049,22.8482,57.6631,85.7026,102.285,143.777,254.923,228.735,529.599,681.837,722.259,1032.41,11.2439,28.9632,57.1821,100.005,94.8841,153.486,198.073,282.412,422.417,578.262,832.042,1038.56,13.1057,27.9178,49.4932,76.7937,97.6228,127.879,221.287,407.62,398.851,741.923,882.084,1253.68,13.0149,18.9297,65.934,56.5823,81.6618,146.947,176.437,327.408,377.594,773.857,802.426,1383.07,14.2825,18.5428,38.0754,68.0054,92.7032,131.787,164.88,287.371,413.06,518.231,853.452,942.987,9.29601,14.0765,43.2084,61.9999,88.5215,130.701,150.674,324.651,351.47,612.942,638.555,1258.33,7.06825,11.6388,24.2503,44.9392,67.4319,153.1,191.617,209.531,331.308,618.059,576.595,871.84,6.05922,13.7274,26.9576,44.6371,57.8087,83.0586,144.3,223.927,204.126,387.845,662.683,775.763,5.80652,8.5061,23.5373,39.6485,72.4145,152.861,104.579,126.874,304.952,515.167,668.84,850.806,4.43369,9.0378,23.0501,27.4352,46.509,98.9945,154.051,160.122,253.674,320.238,426.461,883.487,4.0196,6.82042,19.8104,34.5654,37.6173,77.8002,107.407,107.673,139.466,287.757,496.615,969.849,5.80536,7.13639,19.4323,38.8369,29.9314,54.2219,109.564,128.161,163.493,397.171,344.969,618.504,3.69435,5.49865,18.2745,16.1804,29.1841,63.0366,92.4276,129.273,313.119,308.804,422.908,833.941,4.02815,7.47008,19.5017,24.3237,22.9451,58.8962,37.6472,85.2141,207.795,282.42,382.267,839.619,4.19212,5.46045,12.0309,14.966,39.6093,32.6325,47.0974,115.633,147.639,211.825,351.157,689.602,3.4762,4.72191,8.92626,15.5572,23.641,40.3678,58.8235,81.4003,132.613,249.637,335.447,537.231,2.7299,4.16382,8.77543,11.607,20.8308,29.5091,52.1921,98.5451,106.776,136.743,175.239,367.998,2.79654,3.12944,9.19153,13.6079,17.3546,26.8267,36.8573,59.8853,79.0004,132.589,218.113,344.512,2.44038,3.6761,6.77407,10.3963,17.4994,18.7464,31.554,36.7521,61.6443,129.157,85.6322,332.589,2.32721,2.73926,5.46631,7.71815,10.3713,17.7422,24.7799,41.2351,43.0018,61.1234,95.8426,218.115,1.99208,2.668,4.14806,8.14876,7.13539,9.29253,13.3698,21.7789,30.4249,54.1589,104.286,116.968,1.83026,2.50943,3.47246,4.52236,8.07958,7.84962,10.2559,24.8092,25.5618,33.7363,48.003,86.5091,1.84199,2.01719,3.72396,4.10234,5.42502,9.31463,11.296,16.6328,19.3614,30.6697,43.4771,54.8359
1500,21.4981,23.9346,49.2354,101.369,87.7193,182.147,267.94,355.467,482.012,608.799,1161.73,1373.11,17.9955,27.2376,71.4816,78.0288,114.5,154.007,165.028,322.528,367.297,528.055,1041.31,1421.21,9.91916,25.4416,57.6631,85.4154,99.8095,143.777,254.923,228.735,529.599,681.837,744.102,1032.41,11.2439,28.9632,57.1821,101.546,99.434,153.486,198.073,282.412,422.417,578.262,832.042,1038.56,13.1057,27.9178,49.4932,76.721,105.217,129.227,285.014,382.76,398.851,580.379,863.691,1378.91,13.0598,20.7408,65.934,56.5823,87.5433,156.851,180.699,323.277,407.36,742.425,808.723,1383.07,14.5838,17.5112,45.6664,67.0405,98.721,131.787,164.88,279.6,413.06,520.635,885.811,1008.87,9.03906,14.6555,43.2084,63.7957,82.9317,128.256,143.083,324.651,333.057,593.159,638.555,1239.99,9.53968,11.4389,27.8804,47.7778,67.4319,153.115,191.617,160.868,328.621,629.132,593.281,871.84,6.82698,13.6056,28.9885,41.2484,58.443,90.9742,144.156,223.914,205.407,394.872,688.028,782.834,5.64761,9.23492,23.3953,26.6122,73.005,147.108,92.5791,123.374,304.907,515.16,668.794,850.692,4.65078,9.01192,21.7717,27.0581,51.813,97.8695,139.534,157.909,244.096,335.644,426.559,875.935,3.98027,5.75027,18.571,35.9441,37.2268,85.3869,106.506,114.769,145.623,264.018,496.681,970.516,5.63392,8.19719,19.2277,38.757,33.2606,55.4466,109.493,125.159,161.97,412.805,340.521,660.63,3.89093,5.7703,13.3116,20.0869,24.5037,75.7185,79.6605,131.954,313.389,305.72,457.372,794.438,3.62193,6.04626,14.7865,19.5148,19.8307,58.8399,48.4605,113.188,223.959,282.156,267.68,849.001,4.54413,4.29039,11.3935,14.8335,40.2782,36.4246,51.4094,127.61,159.786,246.284,367.046,745.53,3.32179,4.51031,8.3578,16.0157,25.2457,50.4204,56.2181,66.5818,137.321,243.794,335.184,621.604,2.75248,4.85648,7.97707,14.6872,18.7086,33.3259,46.5076,86.4375,76.4849,139.236,171.562,345.121,2.71242,3.80275,9.56217,13.6872,16.1336,25.1842,32.7291,45.1273,82.1627,115.408,207.599,306.868,2.61431,3.52654,6.33543,11.1984,16.6897,24.2985,30.5122,45.0351,60.5353,153.676,87.3847,334.421,2.29398,2.63723,5.3597,7.78278,10.3934,17.8169,24.8186,45.4845,41.8437,60.3312,93.3469,217.799,2.10618,2.61164,4.24695,7.35158,7.43331,9.03199,13.1507,21.8519,33.0559,59.0983,86.0568,115.4,1.85734,2.48032,3.45367,4.0933,8.98691,7.95064,10.6133,24.734,27.8689,37.093,46.9784,84.1395,1.86873,2.01016,3.68161,4.12078,5.33823,9.12698,11.5809,16.2095,18.9223,29.9114,44.5095,51.1086
1525,21.4981,25.4355,50.9785,116.75,87.7193,156.682,267.62,327.072,478.848,608.799,1161.73,1530.67,19.1208,27.2376,71.6373,78.0288,121.047,154.007,165.028,282.752,441.021,539.787,1041.31,1421.21,9.91916,25.9582,57.6631,85.4154,104.931,143.777,254.923,255.203,529.599,673.837,722.259,1032.88,11.2439,26.6786,57.1821,79.2134,92.3379,147.793,206.251,282.412,414.388,578.262,832.042,1038.56,13.1057,27.9178,49.4932,76.721,104.557,127.879,285.014,390.323,398.851,740.096,882.084,1378.91,13.1984,25.129,62.1825,56.5823,85.5978,146.947,181.148,324.389,358.393,773.857,808.723,1383.07,14.5838,18.4766,44.5125,68.0054,98.721,131.787,164.95,312.273,395.626,520.649,900.329,1012.99,9.57126,13.9626,42.543,63.1115,84.4959,108.662,153.052,295.825,337.381,612.947,638.555,1098.86,9.33341,11.6666,24.8479,49.3074,66.4909,149.091,191.617,209.636,336.592,617.287,535.089,871.84,6.79933,14.6713,28.7136,45.7197,59.2678,78.9232,123.106,224.547,225.462,384.191,688.129,782.841,6.04123,8.65588,24.0074,38.4915,60.7432,141.51,120.964,127.035,304.925,514.946,560.622,850.724,5.50784,10.2149,22.0862,27.111,50.7868,96.4769,150.055,155.858,249.015,362.96,431.694,790.258,3.82299,7.83278,18.4527,37.809,37.6326,78.5217,94.704,116.607,145.13,287.227,496.71,970.561,6.0672,8.10824,19.5936,36.6895,34.184,48.0281,117.446,113.757,162.042,419.075,340.478,625.478,3.42268,5.80243,18.3503,23.4519,21.4659,76.5413,86.9289,126.323,313.463,273.862,457.29,700.8,3.9483,6.51316,17.7382,20.8629,22.0126,60.0176,43.0999,111.994,245.961,255.724,369.482,840.712,4.72965,3.99716,11.5371,15.0863,41.1068,35.0796,48.0366,99.2569,156.569,244.567,375.079,704.029,2.81747,5.53182,7.49663,16.0436,23.7142,49.518,37.1512,82.5644,112.793,197.766,334.921,579.765,2.79794,4.63885,8.2235,12.2095,20.9236,30.917,62.6685,92.6747,101.469,121.828,156.179,398.795,2.80137,3.1687,8.38789,15.3799,15.7524,27.2709,29.1037,50.4364,84.0545,130.195,191.403,333.836,2.51714,3.50803,6.45001,11.7268,15.6778,23.7462,31.621,37.6051,57.5156,140.087,89.8976,304.927,2.29256,2.7183,5.39307,7.74009,10.1008,18.3492,24.6751,38.7077,49.0559,62.2143,95.4723,162.583,2.00288,2.76464,4.12961,8.01169,8.17015,9.01089,13.0556,22.3181,34.4158,53.5541,104.778,112.823,1.96661,2.48636,3.48586,4.20939,8.74465,7.75419,10.6892,26.0619,24.5542,37.4669,46.5368,82.7922,1.83997,1.93545,3.57988,4.18064,5.41493,9.00859,11.3565,16.6709,18.3925,30.7028,43.9995,53.84
1550,21.4981,25.4355,50.9785,116.75,87.7193,182.147,267.62,355.467,482.012,608.799,1161.73,1530.67,19.1208,24.439,69.9655,74.6442,126.302,154.007,165.028,322.313,441.021,539.787,903.078,1421.21,9.91916,25.6713,57.6631,94.6242,104.931,143.777,254.923,228.735,529.599,664.665,722.259,1032.41,11.2439,28.9632,58.3411,101.546,95.2488,153.486,198.073,282.412,382.825,578.262,832.042,1217.87,13.0408,27.9178,49.4779,66.5028,105.217,127.879,285.014,383.487,398.851,591.295,882.084,1378.91,13.1984,25.129,57.8194,56.5823,84.2333,140.361,179.836,329.758,407.36,769.377,782.189,1383.07,14.3155,18.4766,43.5937,66.8448,98.721,131.787,182.272,312.273,413.06,501.458,885.811,1008.87,9.70733,13.4627,43.5008,60.5439,81.6576,132.995,149.766,323.79,340.431,612.947,638.555,1250.01,9.76642,12.4416,23.0149,46.1387,68.6707,149.076,172.705,209.636,336.592,617.311,593.257,781.66,7.26773,14.0136,27.3744,43.1378,60.5837,83.8198,141.261,227.446,228.462,357.928,635.741,782.769,5.96543,8.47033,24.4297,31.9625,52.0888,141.521,94.6743,127.05,304.948,514.932,668.843,850.715,5.49384,10.2058,25.2287,27.1976,48.1366,86.9242,146.291,150.678,236.123,318.816,439.744,883.798,3.72153,7.65144,19.9946,34.2646,36.2813,83.2437,105.349,121.771,147.21,287.305,496.722,934.351,5.5799,7.99439,20.2664,36.3749,30.23,54.0899,88.5606,123.613,170.907,383.458,340.378,561.983,3.52438,5.31441,17.8776,23.7954,22.0158,73.4419,97.2008,128.334,224.677,282.039,422.497,802.14,3.8587,7.06879,14.6974,24.239,23.4074,36.8261,42.1136,110.55,257.648,280.361,372.511,840.882,4.34976,4.06652,11.2767,13.5082,32.679,35.808,55.1112,116.823,157.737,229.46,367.358,721.586,3.46293,4.40515,7.61741,14.7426,25.0128,44.318,46.8315,87.4128,117.415,263.028,299.898,538.267,2.71703,4.5206,7.00146,14.0584,19.3954,28.2321,49.8321,79.6622,95.4578,110.13,146.564,426.028,3.16451,3.30413,9.04458,14.239,15.9097,26.4597,33.7088,50.4859,75.8334,101.666,201.25,308.021,2.45679,3.53138,6.22223,12.3726,16.0762,23.0515,31.7667,40.5818,58.2248,146.378,89.1603,301.675,2.35548,2.77863,5.34474,7.53632,10.3061,18.1953,23.6138,42.3536,48.3644,59.3245,91.5216,179.948,2.0522,2.59335,4.08108,7.57884,7.86517,8.87484,12.6937,19.7536,33.7285,57.6585,101.902,112.136,2.08474,2.53324,3.46839,4.55315,7.87394,7.82842,10.1777,26.6591,24.7235,39.4454,46.0989,82.899,1.86888,2.04418,3.59897,4.22222,5.25497,9.0162,11.0609,16.1416,18.8151,30.5621,44.2927,53.7076
1575,20.9266,25.4355,50.9785,116.75,79.7284,182.147,267.62,355.467,451.269,608.799,1161.73,1530.67,19.1208,29.129,71.4816,78.0288,121.047,154.007,165.028,334.981,441.021,539.787,1041.31,1291.93,10.1308,25.8715,55.402,85.4154,104.931,135.866,254.339,229.018,529.599,659.851,719.808,1032.41,11.2439,28.0422,57.2487,101.546,95.2488,153.486,198.073,275.117,422.417,552.401,805.982,1039.21,13.1057,27.9178,46.8122,72.5525,105.217,127.879,264.489,407.62,398.851,740.096,882.084,1237.49,13.1841,25.129,65.934,56.5823,91.4819,129.176,176.979,327.408,407.36,773.857,667.933,1383.07,14.4701,18.7878,45.7771,59.7622,95.9242,132.457,164.95,312.273,413.06,483.826,854.305,1008.87,9.37327,13.8536,42.4467,57.8052,84.503,129.879,152.51,324.697,359.75,612.947,638.555,1258.22,9.75607,12.4997,23.4196,48.9556,67.2905,125.907,191.617,209.636,261.094,617.382,593.219,871.84,6.47532,14.1661,27.8239,44.946,57.8759,89.865,125.633,215.372,228.441,387.324,688.128,782.723,6.05222,8.9546,24.3241,37.0705,72.0485,140.123,95.9039,128.093,304.935,514.879,674.932,850.785,5.4821,10.0772,24.2886,25.868,49.0824,96.2132,145.804,158.745,252.743,320.974,437.304,883.769,3.73836,7.45679,17.548,33.9219,38.2542,87.322,96.2683,108.218,152.379,284.807,472.476,934.605,5.31739,7.80916,20.588,37.5693,30.6046,55.8695,107.536,146.726,144.463,366.508,340.331,625.353,3.72245,6.19386,17.0566,20.513,22.9139,78.9518,82.9928,123.787,308.139,271.746,454.929,802.335,3.63663,6.95835,14.1794,21.2536,19.3221,60.4934,44.6357,109.921,260.85,276.956,386.722,840.878,4.22378,4.20037,12.3834,11.1707,38.1623,39.2871,50.812,83.6393,146.305,210.058,343.451,758.935,3.15764,4.49161,9.33509,13.4082,22.1092,51.316,52.3165,79.2474,137.395,255.066,263.069,589.209,2.62594,4.38034,7.7188,14.4955,18.4822,34.3738,52.9837,93.5084,104.643,129.719,172.887,376.363,3.02178,3.64635,8.82975,13.1516,16.2261,25.285,35.2478,43.0171,74.7908,120.698,196.13,284.93,2.39919,3.57164,6.24411,10.3801,14.827,20.3738,32.4697,42.6906,51.3526,139.706,99.2425,283.483,2.32016,2.71055,5.32881,7.26434,10.0686,18.3655,24.8232,45.5375,40.8417,59.2358,92.7338,196.339,2.10639,2.63734,4.09905,7.44158,7.33251,8.95082,12.7788,21.5224,30.2439,55.6704,86.9908,109.473,2.10424,2.4465,3.41592,4.7436,8.28157,7.84121,10.0662,25.0287,25.4353,34.4803,45.1924,81.4264,1.8906,2.01421,3.5255,4.13089,5.04808,8.76919,10.9738,16.1259,18.6944,29.4766,43.5385,50.9131
1600,20.4714,23.6,50.1722,113.314,89.7045,182.147,267.62,355.467,461.433,608.799,1161.73,1530.67,19.1208,27.2376,71.4816,71.3069,121.047,154.007,158.947,322.528,441.021,539.787,1041.31,1421.21,8.30986,25.9582,63.5798,85.4154,104.931,175.216,254.923,226.922,529.599,681.837,812.667,1032.41,11.2439,27.2342,56.7043,99.7306,95.2488,153.486,198.073,282.412,452.234,578.262,755.284,1038.56,13.1057,27.9178,49.4779,76.7392,105.217,127.879,228.089,393.197,398.851,649.791,882.084,1378.91,13.0658,22.4558,65.934,56.7428,87.4264,146.005,180.699,327.408,395.123,773.857,808.723,1383.07,14.7893,18.8578,45.7771,68.0054,98.721,131.764,164.95,312.273,362.42,533.749,885.811,1008.87,9.18068,13.954,42.5495,60.5729,84.4848,133.009,148.347,324.713,371.612,612.957,638.555,1124.98,9.79523,12.4114,22.4018,48.9556,66.091,125.803,191.606,209.707,336.646,637.838,593.274,896.062,6.66791,14.0948,27.7107,44.4271,61.2273,83.3805,141.074,225.24,228.43,390.088,688.196,782.8,5.8672,8.28635,24.3286,38.1635,69.9537,141.646,120.426,125.407,250.477,479.608,663.876,850.91,4.83455,10.084,25.0924,26.4819,49.3887,96.9316,133.634,158.791,245.742,319.477,475.324,883.884,3.61882,7.16767,18.6301,37.0201,39.4554,80.1792,98.7829,106.013,146.437,283.782,496.726,934.605,5.74777,6.63272,20.6289,36.3401,32.653,47.87,106.696,145.246,162.228,415.999,339.236,434.936,3.71628,6.10417,15.3212,20.4794,19.9841,76.192,95.5605,123.328,259.212,299.18,464.872,714.395,3.92047,6.55264,14.285,24.159,20.0594,51.0236,50.2324,109.637,258.576,278.899,364.133,841.087,3.96993,4.05497,11.6493,13.2222,35.2336,34.5621,49.3456,126.135,152.699,245.933,372.683,733.206,3.12044,6.80071,7.15005,14.8762,22.3684,50.8257,52.6716,68.6778,136.821,237.884,328.327,604.159,2.75839,4.21233,8.05775,16.2277,17.6291,31.142,56.0218,91.0975,101.726,132.016,169.388,420.864,2.99873,3.66175,9.27354,13.9038,16.593,24.9116,34.0221,48.7909,74.5602,137.314,202.751,306.832,2.44774,3.25561,6.2134,12.914,15.8342,24.5559,30.6397,42.1535,53.3034,143.028,81.8945,309.636,2.32961,2.60077,5.17634,7.511,9.6606,17.4965,24.8046,38.3002,38.4063,59.7684,90.1295,175.268,2.11389,2.61383,4.02339,7.27754,7.51606,8.8349,12.58,21.4421,30.7341,53.1735,100.634,107.862,1.88633,2.45566,3.44589,4.53613,8.09401,7.64101,10.6314,24.2699,25.2984,37.1207,44.9148,79.8378,1.9458,2.05859,3.42951,4.12471,5.24092,8.89055,11.1602,16.3626,17.9376,30.1508,45.4855,52.6272
1625,21.4981,25.3653,50.9785,116.75,87.7193,187.735,251.24,355.467,482.012,590.747,1102.78,1530.67,19.1208,27.2376,71.4816,78.0288,102.047,140.526,156.606,322.632,489.284,539.787,1041.31,1421.21,9.91916,25.9582,57.6631,85.4154,98.8539,143.777,254.923,238.088,424.214,573.675,722.259,1032.41,11.2439,28.8502,56.6244,101.546,95.2488,133.209,198.073,282.412,414.135,578.262,832.042,1016.5,13.0632,27.9178,49.4779,76.7392,105.217,127.879,285.014,384.433,398.851,740.096,978.76,1378.91,13.2646,24.7062,64.0603,56.7428,85.6264,146.947,180.699,332.933,407.371,773.857,814.148,1383.07,14.6972,18.8578,45.8491,68.0054,98.721,131.764,160.697,305.81,374.205,533.756,885.811,1012.12,8.32988,13.7967,42.307,58.8842,84.6379,133.029,137.383,281.094,371.624,612.957,638.555,1258.31,9.45486,12.0882,23.8705,48.9556,68.2038,129.604,191.596,209.707,281.137,637.838,593.236,871.84,6.9984,14.1813,27.6056,45.5036,48.9869,89.9003,141.462,216.872,231.325,390.217,693.471,754.232,6.12942,7.74203,23.4155,35.784,71.8428,142.678,106.014,132.239,247.201,514.986,657.925,850.89,4.69715,8.60876,24.2905,26.0421,45.1927,96.2414,145.803,161.156,245.696,318.452,420.003,883.656,3.8022,6.92565,16.3675,36.3225,38.0367,88.0283,92.0929,109.691,146.823,284.747,496.689,934.782,5.71697,7.78399,20.2218,39.8217,30.4577,55.94,109.139,147.088,162.533,409.817,338.086,612.845,4.47314,5.92948,18.4891,19.6883,21.1743,51.1582,82.6342,108.525,296.251,300.839,462.319,835.618,3.79877,7.56705,15.3825,25.373,20.8132,58.6992,50.59,97.8422,258.223,264.434,367.866,841.111,3.99324,5.65201,11.193,12.6608,38.9447,32.1754,43.9981,117.161,156.813,240.273,377.261,745.369,3.23106,6.35722,8.44177,13.0818,24.6866,45.1686,54.1391,63.828,134.323,205.162,321.312,548.932,2.89727,4.19069,7.92879,15.8085,19.3382,34.1727,51.9295,92.2473,99.8601,132.336,171.777,364.64,2.7939,3.36716,8.89064,14.9069,15.6672,24.7351,27.6606,49.0099,79.0781,105.117,178.572,326.038,2.50981,3.49705,6.08807,12.7009,13.7871,24.1017,29.454,41.61,52.8002,134.54,86.9775,299.138,2.20235,2.67467,5.18031,7.84735,9.60304,17.5548,24.1018,35.2015,38.4202,61.166,90.2919,148.977,2.17262,2.54244,3.96824,7.2341,6.96188,8.5838,12.3031,20.6402,30.1934,52.6528,99.0346,106.358,2.00052,2.44499,3.59105,4.27417,7.61165,7.71449,10.005,26.2216,24.3035,38.6115,45.1336,80.0598,1.8229,1.95197,3.51168,4.10254,5.21671,8.59371,11.1036,16.841,18.6063,29.8422,43.5812,52.218
1650,19.9358,25.4355,50.9785,116.75,83.1493,182.147,267.62,329.966,482.012,608.799,1202.28,1530.67,19.1208,22.3909,71.4816,78.0288,95.6559,154.007,162.875,322.528,338.291,476.53,1041.31,1369.2,9.91916,25.9582,57.6631,76.4103,104.931,143.777,239.914,228.735,529.599,681.837,722.259,1032.41,11.6083,28.8502,54.6017,101.546,95.2488,153.486,198.073,282.412,422.417,578.262,832.042,1038.56,13.1057,26.3651,49.4932,77.5927,100.073,127.879,285.014,407.62,398.851,740.096,882.084,1378.91,13.6722,24.6278,68.4046,52.3302,85.6264,146.947,176.437,327.408,407.371,773.857,808.723,1383.07,14.6416,15.4759,45.8491,68.0054,98.721,126.36,177.417,312.273,413.06,533.756,885.811,1008.87,9.36171,14.279,41.2497,60.5473,84.6442,133.042,152.51,319.265,371.624,612.957,638.555,1258.31,9.0771,11.6203,23.3082,49.3612,68.2137,123.85,191.596,209.707,336.678,637.837,556.052,871.84,6.01275,14.2682,29.9481,46.009,58.5579,83.0267,139.766,226.699,223.508,390.207,688.195,755.247,5.36459,8.29092,23.9172,36.5865,70.0261,141.602,120.128,123.777,304.939,514.965,608.324,850.853,6.09005,9.90764,24.2889,26.2113,49.9042,115.651,147.225,161.197,243.544,318.405,489.296,892.049,3.82503,7.06713,18.0432,35.6595,38.0326,73.8634,104.679,107.378,146.858,271.231,496.673,881.417,6.09425,6.4628,20.5309,41.063,31.8653,51.8197,110.252,147.074,162.718,391.282,342.405,612.874,4.76805,5.34505,20.1508,22.2458,25.3924,80.3909,99.1072,120.666,281.917,287.27,462.413,835.438,3.58523,7.63362,13.3309,21.9501,23.3606,56.4358,49.6293,111.941,249.656,277.453,379.108,833.15,3.79678,4.90459,10.6959,12.2953,35.9468,33.8312,50.2362,101.921,147.835,232.849,350.008,674.786,3.92983,6.39286,7.57512,14.0061,24.7301,45.5145,53.0491,69.3395,121.582,249.749,318.759,558.722,2.69135,4.03994,8.68217,13.8106,18.0162,23.4568,52.737,91.8068,106.969,132.24,169.328,357.903,2.94488,3.41885,8.99956,12.4722,16.3154,24.3026,33.3037,52.6402,79.9852,125.472,193.323,308.532,2.49567,3.33501,5.96055,11.3934,15.4475,19.8432,27.3256,38.4391,43.9202,138.613,82.9436,324.247,2.18212,2.64907,4.90423,10.5097,10.2099,17.4175,24.4062,39.325,31.8614,56.6436,88.8343,183.875,2.13199,2.57878,3.91661,7.48129,7.03423,9.2738,12.466,20.6305,30.1235,52.5352,97.3468,105.046,2.06321,2.36946,3.55931,4.44769,7.52847,7.69503,10.0571,25.234,23.8269,33.7076,44.2005,79.983,1.82557,2.04376,3.40922,4.11234,5.33312,8.56752,10.7562,16.4698,18.3718,29.0759,42.5983,52.353
1675,21.4981,25.4355,50.9785,116.75,87.7193,173.518,267.62,355.467,482.012,608.799,1097.4,1530.67,19.1208,27.2376,71.4816,74.2967,121.047,154.007,165.028,307.544,405.621,510.115,1041.31,1421.21,9.66263,25.9582,57.6631,85.4154,107.503,143.777,255.272,239.238,529.599,665.682,690.554,1032.41,11.2439,28.312,57.1821,101.546,95.2488,153.486,198.073,290.117,422.417,578.262,832.042,1038.56,13.0778,26.7318,49.4932,76.7574,105.217,127.879,285.014,399.367,398.851,715.207,882.084,1358.52,13.6722,24.6278,58.921,53.1757,85.6264,146.947,174.497,327.408,407.371,773.857,781.878,1383.07,14.3424,18.7487,44.969,68.0159,98.721,131.787,164.097,302.04,403.862,533.756,888.557,1008.87,9.43568,15.1627,42.5564,60.9954,84.6442,133.109,143.268,280.364,371.624,588.623,661.919,1191.08,7.97675,12.0402,23.1319,48.4479,63.4832,145.684,191.596,209.312,272.139,637.837,537.652,871.84,6.22925,13.9987,29.1806,43.6944,53.4994,86.0818,140.774,228.924,222.261,386.386,665.94,779.277,6.2479,8.34189,25.3956,24.1247,69.0622,120.157,118.796,154.145,304.904,540.599,658.104,850.861,5.0679,9.77421,23.8373,25.1044,51.4489,97.2553,150.309,151.387,243.55,314.258,420.114,892.03,3.84965,6.83116,18.0096,37.2677,32.6198,71.6158,104.337,111.157,144.998,287.18,496.738,859.878,5.63921,7.91137,21.1203,38.4023,31.5624,52.0048,108.326,143.798,163.4,398.102,342.335,612.644,4.60717,6.42249,17.8495,20.5396,22.4567,74.2193,98.6091,120.63,299.324,301.852,464.826,836.122,3.23257,7.3072,14.0097,17.9949,22.7555,56.837,54.5972,108.363,216.032,281.264,370.921,833.15,3.69901,6.32342,9.73015,11.9348,33.4423,34.7315,52.1096,110.49,143.168,241.213,336.142,605.685,3.77693,6.26355,6.27881,13.6356,23.9588,46.5854,56.0181,80.1141,124.626,238.562,313.457,556.729,2.78437,3.98772,8.01123,15.6691,19.3381,32.8686,43.5562,88.1881,97.3875,130.284,176.034,422.705,2.9027,3.39402,8.82537,14.1481,16.1644,18.826,38.813,48.7555,81.6012,128.004,196.694,309.447,2.43658,3.26489,5.80854,10.6653,15.1363,23.3058,29.1039,45.0889,47.0558,131.748,77.7245,329.665,2.14863,2.69949,5.12923,10.0204,11.5848,15.3659,23.5562,39.0365,32.2755,57.3018,86.5108,187.922,1.96299,2.52172,3.99084,7.17837,7.29309,8.86987,12.285,19.8108,28.96,50.2777,83.5846,103.763,1.77339,2.7311,3.36952,4.61202,7.55726,7.58016,10.3416,22.5839,24.7867,37.5869,43.8281,77.1658,1.8723,2.16164,3.36583,3.9829,5.22571,8.61866,10.9056,16.1296,18.1704,28.2438,42.3928,50.5604
1700,21.4981,23.2622,50.9785,116.75,87.7193,182.147,267.62,355.467,482.012,608.799,1161.73,1511.78,19.1208,27.2376,69.2323,78.0288,121.047,148.807,165.028,322.528,347.922,552.209,1041.31,1421.21,9.91916,22.8482,58.802,82.8561,106.093,143.777,254.923,216.482,529.599,656.099,782.378,1019.97,11.2439,27.8342,57.1821,101.546,95.2488,137.75,198.073,282.412,422.417,560.096,832.042,1052.53,12.8802,27.9178,43.9821,73.6267,102.629,127.879,260.086,379.924,398.851,740.096,882.084,1340.72,13.6864,24.7131,65.934,55.3366,82.966,146.947,180.699,327.408,377.604,732.173,808.723,1383.07,15.2597,18.6487,42.6731,64.5697,98.721,131.787,164.105,312.273,413.06,535.789,815.332,1008.87,9.24081,14.4784,42.5564,60.3437,84.971,133.109,151.421,324.677,326.062,612.962,594.767,1258.31,8.89582,11.6642,23.7873,48.4479,68.6585,135.233,191.596,209.745,336.631,637.837,593.302,871.84,7.15454,12.7128,29.9676,46.713,64.4438,80.4699,137.738,224.329,222.072,358.472,509.675,788.016,6.22802,7.61946,24.0544,27.307,70.5896,136.204,118.78,125.05,289.527,513.839,658.134,850.879,5.73853,9.67093,25.4591,23.1813,50.6231,99.2204,150.396,161.529,245.675,314.125,420.03,812.172,3.76622,6.49907,18.0516,36.1611,36.0473,86.1953,102.995,107.06,145.975,318.526,496.677,689.677,5.75958,7.88462,21.3659,38.6483,32.7585,54.222,109.714,142.676,163.323,395.359,346.965,613.299,4.88091,6.27074,19.1105,19.7149,19.1015,64.0606,90.9088,121.366,297.654,295.289,458.163,835.655,3.85568,6.77278,16.0789,22.7826,22.22,52.2267,40.2533,108.024,251.695,276.669,359.093,842.142,3.70771,6.0575,11.8605,12.1715,39.0976,32.4252,46.8095,120.351,153.383,209.753,373.182,711.428,3.74732,5.6363,9.74417,14.8009,24.7809,47.5951,35.7695,76.1717,134.439,232.292,308.236,398.448,2.67355,3.94811,8.27504,15.039,19.0971,28.1967,49.0036,91.3952,98.173,135.317,151.836,387.157,2.88723,3.43446,8.69137,15.0153,16.871,24.3399,30.3704,60.6395,76.233,128.219,205.226,305.619,2.40402,3.23746,5.89195,11.6475,14.9219,24.0267,29.3367,40.2881,50.4794,119.871,88.003,320.298,2.20958,2.73494,5.17191,7.45645,11.4852,17.1505,23.7816,36.8276,36.0866,63.5961,88.3352,159.828,2.05638,2.56508,3.92002,7.0697,7.99332,8.38153,11.9302,21.3228,27.8332,46.4824,91.2057,101.981,1.96887,2.25464,3.53857,4.05696,7.44291,7.46096,9.79373,23.3254,23.8008,36.7808,43.8198,78.8761,1.84139,2.39879,3.45545,4.10234,5.18027,8.9064,11.0369,16.5471,18.5353,28.9008,42.6503,51.7983
1725,21.4981,25.4355,50.9785,115.619,87.7193,182.147,267.62,355.467,482.012,590.491,1161.73,1373.11,18.233,27.2376,71.4816,78.0288,115.88,154.007,165.028,322.528,441.021,539.787,1041.31,1421.21,9.55285,24.6864,57.6631,85.4154,99.8095,143.777,254.923,228.735,529.599,681.837,722.259,1032.41,11.2439,28.9632,57.1821,101.546,95.2488,153.486,198.073,282.412,422.417,578.262,862.322,953.328,13.1057,28.8598,44.8125,76.7574,105.217,127.879,285.199,364.42,399.768,740.096,863.691,1292.02,13.6864,24.7131,65.934,56.7428,85.7407,143.39,180.699,327.408,407.371,773.857,808.723,1270.54,15.365,18.6487,45.2556,67.0621,98.721,131.787,152.133,307.079,453.825,535.789,885.811,1008.87,9.30058,14.1605,42.5655,60.3509,84.9646,126.491,151.47,324.649,368.314,593.184,638.555,1258.36,9.58161,11.2967,22.6651,48.3048,67.6334,153.824,172.702,174.956,336.646,592.083,593.329,871.84,6.87583,14.004,27.9854,43.1934,64.1251,83.6988,140.549,218.305,216.017,388.379,688.1,788.053,6.6769,8.56229,21.4657,35.2697,64.55,140.811,90.5826,126.068,312.803,513.839,658.131,850.85,5.95693,9.3384,24.9832,25.8983,51.7684,98.5375,145.905,162.857,245.675,286.362,398.619,892.089,3.81603,6.55811,16.6433,35.9805,34.0693,96.9338,101.428,106.371,144.097,253.284,491.697,935.68,5.38653,7.9515,20.2965,40.1939,33.8926,49.2984,110.702,120.788,142.777,365.712,342.238,623.353,4.48279,6.32523,14.0899,19.0449,23.458,77.7546,100.11,121.938,294.632,302.943,464.354,848.534,3.25461,7.26959,15.2972,22.0899,22.5398,56.6404,54.4122,104.481,243.566,272.926,365.206,833.992,3.77731,5.69689,10.8909,9.92045,31.0065,33.1202,49.0635,107.742,148.352,210.901,331.68,666.539,3.90308,5.73384,8.38631,13.1855,24.4677,42.9698,40.8643,72.9702,127.527,196.843,310.833,585.621,2.56904,4.04837,8.38972,15.6013,18.4285,34.3298,49.7456,75.7819,82.1879,127.088,174.189,420.471,2.81608,3.28463,8.49393,14.0512,17.4924,23.3356,29.842,48.8097,75.159,107.102,190.469,320.883,2.57243,3.33668,5.90439,10.6618,13.8863,23.1487,28.6327,41.0086,50.2792,126.46,84.726,277.703,2.18324,2.94178,4.96773,8.38011,9.95508,16.3627,22.1072,39.8787,37.0765,61.7796,84.0526,146.075,2.00093,2.5303,3.75569,6.99227,7.70297,9.07314,11.7492,19.5258,28.2234,50.2395,89.6641,99.5441,2.08166,2.37137,3.40506,4.64663,7.16152,7.74981,9.54031,24.9411,23.8411,37.2079,43.0366,76.3592,1.83453,2.10348,3.53089,4.1148,5.34454,8.67079,10.7342,16.4474,18.5815,29.7782,44.8879,51.3973
1750,21.4981,25.4355,50.9785,116.75,82.5208,182.147,267.62,355.198,497.395,593.849,1161.73,1530.67,19.1208,27.6205,69.3201,78.0288,123.463,154.007,165.028,322.528,355.924,526.757,1041.31,1421.21,10.6725,25.9582,57.6631,84.5424,109.355,144.102,254.923,252.837,529.599,681.837,722.259,1032.41,10.5169,28.9632,57.1821,101.546,95.2488,153.486,217.338,282.412,422.417,578.262,794.457,1038.56,13.1057,27.9178,49.4932,76.8653,102.469,119.664,285.014,407.62,398.851,740.096,882.084,1378.91,13.6864,24.7131,65.934,56.7428,85.7407,146.947,177.538,327.408,407.371,773.857,808.723,1383.07,15.5666,18.6487,43.5386,66.7819,98.721,131.776,164.105,312.273,413.06,535.789,885.811,1008.87,9.21434,14.0976,42.6612,60.0492,84.9782,108.365,140.693,324.649,356.582,609.843,608.118,1192.67,9.52901,11.36,24.7399,57.4797,70.149,149.666,191.612,209.762,336.646,637.884,593.329,871.84,6.79935,14.02,30.0044,46.8881,58.4739,76.9617,138.133,219.118,245.498,390.325,688.095,788.026,6.28784,7.60605,22.6957,36.613,70.1247,141.968,116.712,126.44,312.816,513.828,658.112,850.88,6.00912,8.87042,24.7589,25.3431,46.2957,99.0601,145.112,162.906,226.647,316.289,419.968,859.677,3.77514,6.50919,15.5403,33.8735,36.6416,88.0202,103.274,105.573,117.357,280.787,491.674,811.699,5.66968,7.97619,17.0985,40.0859,30.9588,50.5319,107.594,137.314,163.025,399.549,338.48,547.346,4.80768,5.70367,18.7421,20.407,20.0075,78.8291,99.9316,110.636,301.667,298.187,462.454,848.783,3.81723,6.83134,19.7871,21.1173,22.0363,46.2253,50.6981,100.552,215.421,274.956,397.007,834.099,3.77142,5.09741,11.894,10.6727,37.5596,33.3726,48.0481,115.627,141.997,190.9,336.003,684.8,4.03567,6.04044,10.1547,13.8043,21.5876,42.8754,46.1609,78.9044,126.598,245.697,310.547,594.517,2.59779,3.78968,7.65323,14.3264,19.2866,24.4608,45.8218,87.221,75.3513,131.865,161.313,375.441,2.75818,3.31516,8.47504,12.2566,15.9707,22.6003,28.7972,55.8754,98.4307,115.75,195.644,295.552,2.63179,3.21787,5.83747,8.83556,14.3448,19.0978,25.3605,42.8056,47.6243,111.426,94.5921,285.197,2.11698,2.59748,5.51068,9.49841,11.1843,16.2943,23.7649,38.5413,31.9405,56.9438,88.0639,174.614,1.93166,2.41208,3.86872,6.89318,7.14249,9.48891,11.9849,20.0601,29.2014,46.8311,85.0513,98.8722,2.07717,2.37774,3.8927,4.539,7.19048,7.62793,10.5018,24.0419,23.0832,32.7684,42.8142,77.3371,1.82659,2.07246,3.51924,3.98489,5.83721,8.32029,10.6294,15.8983,17.7262,31.2363,43.3196,50.3347
1775,21.4981,25.4355,48.2767,116.75,91.8622,182.147,267.62,335.572,482.012,608.799,1161.73,1530.67,19.1208,27.2376,71.4816,77.9762,119.713,154.007,163.035,322.528,445.525,531.384,1041.31,1421.21,9.91916,25.9582,57.6631,85.4154,104.931,143.777,236.05,230.651,529.599,681.837,722.259,1032.41,11.2439,28.9632,58.3411,101.546,95.2488,153.486,198.073,282.412,422.417,578.262,764.75,1009.22,13.1057,26.8154,49.4932,76.7756,103.705,127.879,285.014,383.487,398.851,591.295,882.084,1378.91,13.6864,23.8216,57.8194,56.7428,86.2264,146.947,179.836,327.408,407.371,773.857,808.723,1277.58,15.543,18.1545,43.1589,66.8664,90.0522,131.776,164.105,284.794,360.575,535.289,885.811,1008.87,9.31771,14.9047,43.5656,46.8633,84.9964,126.838,151.453,323.729,340.454,609.843,609.483,1258.36,9.52374,12.355,22.1083,46.7573,70.6685,149.651,181.451,178.655,336.622,571.492,593.371,871.862,7.00583,13.6893,29.7643,44.1017,63.0004,89.1058,138.364,219.09,225.357,366.358,617.94,765.493,6.31117,7.98776,23.0241,36.1613,65.2637,140.834,118.807,126.493,234.12,513.816,658.137,842.418,5.52323,9.01416,25.9298,26.5902,52.3267,97.0418,145.726,154.048,236.552,315.961,415.405,892.608,3.93306,6.2561,17.1096,30.7949,37.5685,97.3092,103.351,96.3358,142.965,280.366,492.442,936.158,5.94771,6.63433,19.1527,37.8006,30.8048,52.6586,105.572,141.64,169.042,377.491,339.483,626.051,4.61904,6.26733,13.7387,20.6006,20.0444,75.9573,97.4928,118.562,298.839,261.699,459.733,849.105,3.78997,6.77491,14.9272,21.324,19.6046,51.3078,48.6143,107.304,260.095,278.896,365.281,833.95,3.79352,6.03313,11.8344,13.3999,33.7989,32.7114,47.6142,116.869,152.651,239.078,369.194,711.99,4.03649,5.81782,9.5182,13.6341,20.9166,47.6424,53.1608,69.5461,110.448,234.643,301.094,597.376,2.60727,3.8208,8.34434,14.6696,17.9913,33.5899,48.5746,79.8267,78.3497,126.802,127.31,346.284,2.73109,3.38401,8.41128,13.8838,16.8115,21.8671,32.2459,47.6501,72.707,128.175,186.933,332.989,2.59171,3.13744,5.6978,11.5474,14.283,23.4564,26.6358,43.6417,48.1987,109.134,83.6921,335.414,2.21759,2.71497,6.04533,8.93258,11.3963,14.3503,21.6214,37.5301,36.0036,62.1244,81.2287,222.121,1.90749,2.46935,3.85748,6.67044,7.69781,8.68164,11.5081,20.5369,28.8739,47.0299,84.9097,97.2797,2.08961,2.44146,4.05046,4.35164,7.07544,7.56337,10.5592,22.5391,23.7868,36.325,42.6889,76.1246,1.83306,2.3125,3.35999,3.99703,5.77779,8.58197,10.6129,15.689,18.3227,31.5279,41.4813,51.6187
1800,18.8954,25.4355,47.1592,114.006,87.7193,179.632,267.62,355.467,482.012,608.799,1161.73,1530.67,19.1208,29.129,71.4816,78.0288,121.047,147.442,156.606,319.675,441.021,539.787,917.02,1408.29,9.91916,25.9582,55.402,75.0147,92.2022,143.777,254.339,226.578,521.266,681.837,719.808,1032.41,11.2439,27.9132,57.1821,101.546,95.2488,153.486,197.326,251.852,395.723,553.387,832.042,1026.61,13.1057,27.9178,49.4932,72.5889,107.157,127.879,285.014,407.62,398.851,760.581,882.084,1378.91,13.4656,24.7131,65.934,56.7428,86.2264,146.947,177.579,327.408,407.371,773.857,808.723,1373.11,15.4268,18.4449,45.2556,60.0706,96.9083,127.641,159.724,295.17,413.06,498.451,885.811,1008.87,9.3242,15.4619,42.2198,57.7511,84.9964,121.868,151.453,279.505,359.716,589.756,627.659,1258.26,8.88489,11.8323,21.7348,47.9868,69.0481,149.754,191.596,209.879,314.099,637.904,582.151,871.862,6.80624,14.3359,29.6873,45.2956,66.6076,82.8635,133.216,216.771,245.644,396.252,688.201,788.05,6.2876,7.69469,22.9487,36.8277,63.5507,142.405,104.801,126.548,307.326,515.019,658.204,842.419,6.08658,9.31831,24.9831,26.5928,52.0619,99.9906,143.796,162.892,232.115,315.95,415.383,892.483,3.79532,6.6463,16.1522,30.3414,37.597,90.9248,91.3229,108.191,142.542,281.277,492.434,936.255,6.18851,8.0208,19.5105,34.5094,29.8006,52.059,107.881,146.1,172.761,401.617,343.062,613.573,4.34369,6.20373,18.8979,20.149,20.2667,76.6589,87.964,99.2033,291.331,296.61,458.262,743.065,3.42458,6.85737,21.149,19.7115,21.6585,56.0025,48.3445,106.635,261.616,275.514,344.216,834.96,3.83395,5.71544,11.3185,13.0732,39.2653,30.9023,37.434,105.958,149.75,241.334,371.354,728.925,3.48535,5.67127,8.73781,13.7735,19.9243,44.5983,48.5172,61.1678,133.338,230.933,306.359,586.267,2.68456,3.90686,7.42797,14.9225,18.9805,33.9954,39.0648,84.0954,72.9434,119.434,171.846,326.274,2.64027,3.22949,7.99054,14.0468,15.0954,22.0366,30.1124,44.4804,91.7493,102.669,192.972,324.878,2.65867,3.1975,5.36285,11.0602,13.2895,23.2172,27.7658,43.2088,49.8287,117.623,96.3842,300.304,2.14655,2.77928,5.65962,8.7259,9.56798,18.3017,21.5929,35.2618,35.7155,63.3787,85.281,146.397,1.86245,2.37104,3.74536,6.5191,7.41741,9.93897,11.1887,20.166,27.1669,45.7788,82.6369,90.0147,2.05733,2.23305,4.05699,4.43962,6.88374,7.53472,9.40108,24.556,23.1248,34.926,43.0612,75.4882,1.8828,2.17037,3.44231,3.87701,5.52447,8.58365,10.5951,16.0163,19.1913,28.7821,41.9125,50.8814
1825,21.4981,23.4982,50.1722,116.75,87.7193,182.147,267.62,355.467,482.012,608.799,1161.73,1530.67,19.1208,27.2376,65.5957,71.3069,121.047,154.007,165.028,322.528,441.021,539.787,1041.31,1421.21,9.61116,25.9582,57.6631,85.4154,104.931,143.777,254.923,213.597,529.599,681.837,679.789,1032.41,11.0696,24.6565,56.7043,94.9739,95.2488,153.486,198.073,276.028,422.417,578.262,832.042,1038.56,13.1057,26.3766,49.4932,76.7756,105.217,122.109,285.014,398.705,398.851,649.791,882.084,1378.91,13.4656,24.7131,62.5948,56.7428,86.2264,146.947,180.699,327.408,407.371,773.857,808.723,1383.07,15.4359,17.6175,45.2556,68.3083,98.721,121.188,159.856,312.273,413.06,535.289,885.811,1008.87,9.14245,14.8416,42.4342,62.1978,84.9964,131.696,151.453,324.677,371.65,609.843,587.378,1258.26,9.83102,11.8323,22.6834,46.7218,69.0738,147.302,191.596,209.899,336.598,576.706,593.295,871.862,7.54279,14.1738,30.2216,41.1011,61.7307,90.7656,138.181,217.563,225.39,396.257,688.183,788.085,5.63596,7.76331,22.3841,33.0296,65.9349,142.849,90.0473,124.369,298.878,513.695,658.294,842.38,4.37497,8.89185,25.7241,27.5391,45.293,100.813,130.661,162.991,238.912,315.906,415.339,892.478,3.95396,6.49329,16.546,30.1646,36.5523,89.7381,102.715,108.874,143.001,283.23,526.157,936.267,5.66893,7.22941,19.535,37.634,28.5093,51.2088,84.2241,145.896,156.716,373.175,347.701,500.082,4.7679,5.48412,18.3374,20.1785,23.7314,73.7636,81.9504,120.444,222.342,312.582,463.506,829.663,3.79303,6.63108,15.6496,22.0592,22.2397,58.128,50.0751,106.229,256.651,272.22,357.488,826.905,3.66965,5.8257,10.4754,12.744,33.0041,32.5266,48.0219,116.855,148.804,221.61,365.212,714.402,3.96138,5.86849,7.78972,13.1166,22.2356,40.8345,52.4147,80.2302,127.805,242.599,298.451,584.434,2.59932,3.94492,7.75857,14.6314,19.6733,31.0067,42.8761,79.9993,88.9207,129.359,165.419,404.786,2.71044,3.63634,8.32372,13.0422,17.4575,21.6364,33.8504,54.1582,93.6567,106.816,191.44,322.895,2.66524,3.25842,5.72458,9.63628,14.0162,19.7026,25.5878,41.2012,41.374,116.473,79.8623,312.741,2.06571,2.89192,7.04252,9.1859,10.1092,17.3189,23.4684,37.6185,34.7868,65.2829,82.964,201.737,1.87717,2.37879,3.80831,6.47911,7.02419,11.6634,11.7065,20.4968,26.1736,47.2522,82.1335,94.6248,2.04511,2.34977,4.23253,4.4616,6.76613,7.55392,9.85471,23.9279,23.0952,34.1225,41.4109,73.7469,1.86693,2.1328,3.60281,3.81863,5.7043,8.13959,10.5413,16.3162,20.3941,28.8007,42.492,50.5776
1850,18.3266,25.4355,50.9785,112.033,87.7193,182.147,267.62,355.467,482.012,608.799,1111.21,1530.67,19.0097,27.2376,71.4816,78.0288,121.047,154.007,153.902,322.632,441.021,539.787,1041.31,1375.18,9.91916,25.9582,57.6631,82.7859,100.482,143.777,254.923,234.359,505.188,634.543,722.259,1032.41,11.2439,29.0846,57.1821,95.4481,95.2488,143.166,184.656,282.412,422.417,546.647,832.042,1071.94,13.0632,27.9178,48.1003,76.7392,85.6706,118.756,274.934,401.423,398.851,740.096,854.346,1378.91,13.4656,24.7131,65.934,56.7428,85.4245,146.947,180.699,332.925,367.88,773.857,796.362,1383.07,15.5699,18.5078,45.2556,68.3083,98.721,117.481,151.159,303.429,413.06,535.289,885.811,1008.87,9.627,14.2602,42.7476,62.1978,84.9964,119.461,139.738,294.001,280.578,609.843,616.748,1258.26,9.75357,11.9714,22.9173,47.8577,69.0866,125.739,191.596,209.899,336.598,637.808,593.295,855.106,7.18687,14.129,29.252,45.9398,62.5269,90.3969,138.582,218.109,213.444,396.263,688.178,729.074,5.99925,7.44411,19.1693,35.4499,68.8184,142.872,119.999,151.506,173.058,513.674,664.401,812.946,4.14025,9.17958,24.0725,26.4963,44.1055,98.625,144.468,162.89,252.75,311.239,415.693,892.478,4.1415,6.2357,16.3871,32.8957,35.7212,88.6164,93.4512,104.202,146.738,328.706,471.71,936.659,5.17629,8.26041,19.6593,36.9731,30.4057,52.3469,110.688,130.568,161.77,377.98,354.44,619.845,4.36952,5.71832,18.3156,16.4936,25.7795,76.1252,71.9158,113.111,246.296,312.354,458.414,835.177,3.80011,6.73354,18.7704,21.3558,19.1458,57.481,43.1601,107.558,258.335,267.423,368.392,793.234,3.61465,6.10336,10.8409,13.063,34.0847,43.6575,40.5858,107.734,147.321,242.206,365.182,618.923,3.75798,6.10126,8.49175,11.2791,22.091,46.9939,47.3702,78.9193,123.701,228.825,236.495,598.793,2.54057,3.83053,8.07116,13.1034,18.0355,32.2379,47.015,83.3963,72.123,103.46,171.557,371.171,2.70395,3.30705,7.99369,11.6277,14.0848,22.4572,33.8857,54.1476,92.9407,130.154,174.451,332.369,2.48171,3.33889,5.36087,10.3125,12.9682,20.5626,23.5153,59.0868,44.5809,120.82,99.2347,281.634,2.22834,3.00692,6.89754,9.22454,10.99,14.0703,23.4107,36.1072,32.051,61.6166,82.8711,181.753,1.89793,2.32458,3.7992,6.46283,7.64335,12.2795,11.7136,19.635,28.2671,46.8988,78.071,93.9962,1.92877,2.50924,4.94185,4.20515,6.81069,7.39416,10.5045,22.2848,22.5451,34.9729,41.0357,76.0119,1.92808,2.16939,3.48124,3.74484,5.84184,8.4028,10.5437,16.7351,19.1799,30.6408,43.1656,49.6731
1875,21.4981,25.4355,50.9785,113.309,78.7057,182.147,267.62,355.467,482.012,608.799,1161.73,1530.67,19.1208,27.2376,71.4816,78.0288,121.047,154.007,162.875,322.528,338.291,539.787,1041.31,1284.2,9.91916,25.9582,57.6631,79.5951,108.469,143.777,254.923,228.735,529.599,681.837,688.076,1032.41,11.6083,28.6837,57.1821,101.546,95.2488,149.18,194.986,282.412,412.667,578.262,781.601,1005.46,13.1057,27.9178,49.4932,77.5927,105.217,127.879,253.25,407.62,405.236,740.096,882.084,1343.61,13.4656,24.7044,68.4163,56.7428,86.4121,150.248,166.618,327.408,348.601,699.056,808.723,1383.07,14.4699,18.4378,43.7349,63.5924,104.2,131.764,164.247,312.273,413.06,542.139,821.702,990.104,9.64895,15.023,42.7476,59.6331,84.0722,131.765,151.448,319.265,373.997,611.205,627.659,1258.26,9.17168,11.8503,24.2943,48.2534,69.0835,119.237,191.596,208.545,334.403,637.789,593.333,871.862,6.80361,14.0845,28.3929,44.3548,66.7528,82.3904,129.156,215.336,239.356,384.743,700.017,744.778,5.91711,7.93913,23.7128,35.3206,68.6488,141.794,120.02,142.464,307.394,455.81,614.338,842.368,5.64439,9.88611,22.6448,24.4685,44.3812,109.277,144.525,162.835,255.015,312.222,415.669,892.732,3.87341,6.31843,15.1035,33.411,38.9407,89.3346,102.897,99.6517,140.774,328.708,496.669,936.694,5.7293,6.65081,18.9601,36.5133,30.4705,54.8548,111.556,145.466,159.134,376.016,338.184,621.864,4.14512,5.95701,18.9942,20.9026,17.2041,68.4127,96.1077,119.126,287.34,287.665,452.079,652.768,4.28401,7.01857,16.7273,21.6275,20.5153,51.776,41.18,107.449,229.289,275.271,360.774,753.838,3.56877,5.91194,11.6193,11.2626,38.8242,31.922,42.6178,117.805,144.919,236.28,370.66,702.376,3.80138,5.70229,9.10474,13.3587,22.3548,47.7688,28.3113,78.0398,123.508,221.223,300.741,637.668,2.58639,3.78756,8.85811,14.6146,17.0134,32.7587,45.0626,77.8675,70.5456,129.847,147.436,408.777,2.5963,3.25541,8.1331,13.0641,17.6145,21.3042,33.1583,47.8817,90.7169,125.554,183.286,328.831,2.5417,3.1495,5.49584,10.168,13.4408,22.7618,25.3292,66.8128,46.5748,112.212,98.5788,327.91,2.24064,2.68148,7.18946,8.2054,10.8338,14.4098,23.5645,33.8561,33.3214,61.9013,81.2539,218.448,1.92812,2.31173,3.66632,6.32203,7.52881,10.4067,11.3164,20.1856,28.3664,44.1455,77.2476,87.6028,1.97555,2.33819,5.20457,4.32416,6.77722,7.37905,11.0227,23.2668,22.7818,34.0487,42.2059,74.5375,1.85672,2.21152,3.39579,3.80941,5.92383,8.29855,10.3669,16.6402,19.2071,30.6185,43.6843,49.4014
1900,21.4981,24.2358,51.515,110.655,87.7193,182.147,267.62,355.616,482.012,590.747,1097.4,1530.67,19.1208,27.2376,71.4816,74.2967,106.354,154.007,165.028,282.823,331.937,518.54,1041.31,1354.19,9.91916,23.7278,57.6631,85.4154,104.931,138.834,219.101,228.735,541.899,681.837,722.259,1032.41,11.2439,28.1484,57.1821,101.546,95.2488,150.675,198.073,282.412,422.417,578.262,832.042,1038.56,12.7216,25.3543,49.4932,74.9156,105.217,127.879,285.199,436.616,398.851,740.096,801.32,1358.52,13.4656,24.7044,65.934,48.7039,77.5612,137.353,180.699,323.63,407.371,773.857,781.878,1353.51,15.6011,18.3592,44.4574,68.2977,98.721,131.764,142.767,312.273,352.653,541.956,885.811,1008.87,9.4452,13.857,42.5431,57.3713,85.0295,116.27,153.262,324.649,371.661,611.205,654.626,1258.33,9.66148,12.3543,24.0518,48.2629,70.2391,144.202,191.596,208.545,322.03,637.789,593.312,871.862,7.35845,14.5061,25.7435,44.7116,65.6843,90.0443,139.752,212.942,234.353,378.113,671.688,790.989,5.68983,7.98336,22.6762,35.4445,67.4369,144.164,118.665,126.318,294.447,513.711,664.523,842.349,4.5895,10.1918,23.5,24.7041,43.845,97.6615,144.51,141.515,247.786,313.458,413.383,892.55,3.58124,6.5522,15.787,32.9884,38.6351,78.5853,102.81,106.701,144.391,324.956,496.6,936.935,5.4342,6.67849,20.1233,35.8747,27.7652,51.5149,113.457,116.741,138.035,376.006,343.885,615.571,4.22279,5.93921,16.2953,25.7145,25.9342,78.3886,95.79,119.37,253.706,285.77,450.56,846.134,3.95898,6.54473,21.0495,22.1764,20.9442,55.4257,43.3916,109.785,262.903,270.682,366.58,828.02,3.42336,5.37084,9.77489,9.08577,39.1928,31.3508,49.6866,106.731,147.018,210.946,322.257,640.132,3.46462,5.89434,8.81435,11.1594,21.8005,44.1222,46.0921,61.1029,114.389,223.509,264.735,569.689,2.50553,3.97535,7.76376,14.9293,17.0266,32.6892,43.4103,78.965,62.8717,132.866,173.936,413.375,2.60422,3.21387,8.13389,12.2014,16.3309,21.9098,32.8746,49.2402,70.2592,106.385,182.837,319.659,2.56681,3.10554,5.1081,9.40057,12.7302,22.1925,24.4557,60.05,47.3595,103.443,95.8732,293.609,2.14803,2.85753,6.17529,8.79173,9.86709,13.827,22.8973,36.205,32.2121,62.4021,83.3903,152.41,1.90391,2.35035,3.6509,6.26017,7.40588,10.4426,10.857,19.4185,31.0646,45.4784,77.2012,91.8653,1.9397,2.2318,4.89004,4.39604,6.57203,7.66199,9.2068,23.1688,22.6791,34.0865,40.2802,73.2023,1.79335,2.06174,3.51588,3.90409,5.94181,8.10783,10.4983,16.309,19.9282,30.9759,43.8765,49.9482
1925,21.4981,25.4355,50.9785,111.961,85.1403,182.147,271.723,324.554,482.012,608.799,1161.73,1530.67,19.1208,27.2376,71.4816,78.0288,115.01,154.007,165.028,322.528,441.021,539.787,1038.6,1250.76,10.6049,22.8482,57.6631,85.7026,102.285,143.777,254.923,228.735,529.599,681.837,722.259,1032.41,11.2439,28.9632,57.1821,100.005,94.8841,153.486,198.073,282.412,422.417,578.262,832.042,1038.56,13.1057,27.9178,49.4932,76.7392,97.6228,127.879,221.287,407.62,398.851,741.923,882.084,1253.68,13.4656,18.4571,65.934,56.7582,82.1258,146.947,176.437,327.408,377.619,773.857,802.426,1383.07,15.2323,18.3592,37.3632,68.2977,92.7032,131.776,164.247,287.331,413.06,539.552,885.811,942.987,9.40323,15.3721,42.1221,61.9148,87.8478,128.28,148.53,324.649,351.472,611.205,627.945,1258.33,9.98424,13.4881,24.2939,44.9257,70.2495,134.921,191.596,208.545,336.598,637.789,593.298,871.862,7.72115,14.4814,28.7999,42.6481,66.5355,83.4246,137.082,203.936,191.698,388.249,662.891,778.685,5.76187,8.28703,23.1079,35.4977,65.6327,141.305,102.384,125.647,307.446,513.698,664.581,842.389,5.71878,9.48063,20.6194,26.6061,45.0957,87.1752,146.197,160.497,247.761,310.972,413.341,892.554,3.8602,6.31677,16.7585,33.2662,35.5298,79.7744,99.282,105.822,136.572,322.47,492.295,936.917,5.58197,6.28044,20.6681,35.7556,29.4301,51.3525,111.67,145.601,162.944,370.203,343.783,615.716,4.14783,5.63032,16.7976,22.8909,24.0142,54.1409,90.9573,111.058,291.072,309.494,409.637,811.517,3.83265,6.59072,18.8478,22.3805,21.4533,59.3351,38.1974,81.3186,254.404,275.435,375.861,828.011,3.43739,5.39755,10.7314,9.99045,38.1967,30.1309,49.0063,113.77,134.645,206.369,341.73,684.465,3.79529,5.74791,8.12233,13.1501,21.945,44.5042,47.3282,72.7788,123.656,175.929,266.122,562.752,2.52616,3.58626,7.5119,13.901,18.7127,25.0867,40.4893,77.7044,73.0319,131.709,171.814,350.766,2.66928,3.4942,8.36804,10.6993,17.3685,20.7662,32.9362,53.5973,83.5883,113.869,189.69,337.449,2.58496,3.29352,5.30188,8.90623,13.5136,21.961,24.2466,67.7436,44.6542,104.336,98.3566,315.024,2.23211,2.9446,6.39159,8.78486,9.97965,14.7103,22.7031,35.5958,30.2409,64.3999,81.0177,207.245,1.91582,2.3947,3.74974,6.28005,7.61637,12.5786,11.6576,18.9578,31.2057,44.6152,75.0527,90.6665,1.93169,2.37549,4.90217,4.52475,6.57913,7.28674,9.90096,22.8598,22.3183,33.0342,39.7212,75.3885,1.85023,2.1649,3.53144,3.69744,5.93188,8.202,10.4864,16.1985,19.233,29.5075,42.8385,49.2208
1950,21.4981,23.9346,49.2354,101.369,87.7193,182.147,267.94,355.467,482.012,608.799,1161.73,1373.11,17.9955,27.2376,71.4816,78.0288,114.5,154.007,165.028,322.528,367.297,528.055,1041.31,1421.21,9.01327,25.4416,57.6631,85.4154,99.8095,143.777,254.923,228.735,529.599,681.837,744.102,1032.41,11.2439,28.9632,57.1821,101.546,99.434,153.486,198.073,282.412,422.417,578.262,832.042,1038.56,13.1057,27.9178,49.4932,76.6483,105.217,129.227,285.014,382.76,398.851,580.379,863.691,1378.91,13.4656,20.4761,65.934,56.7582,87.0593,156.851,180.699,323.277,407.386,742.425,808.723,1383.07,15.7289,17.3056,45.2469,67.2556,98.721,131.787,164.247,279.6,413.06,541.956,885.811,1008.87,9.35221,14.9709,42.4322,61.9248,83.9968,124.609,141.137,324.649,333.158,594.567,627.945,1239.99,9.95724,13.6815,27.509,47.3347,70.2495,144.216,191.596,161.117,328.665,642.908,593.34,871.862,7.73665,13.7867,29.5039,42.5173,59.8797,90.8899,139.389,211.355,222.739,396.616,688.181,788.114,5.74506,8.39768,22.8413,35.5044,56.3733,142.438,90.6061,125.631,307.438,513.704,664.554,842.298,5.59952,8.3045,21.997,26.9205,47.6787,97.4312,128.93,158.306,235.12,332.715,409.018,892.779,3.85829,6.18734,16.236,29.6135,31.8671,84.9738,98.6117,100.37,139.69,304.394,496.518,937.434,5.94817,7.90866,18.269,36.0322,30.0206,52.0873,109.48,145.978,162.206,362.986,342.653,614.213,4.32989,5.85807,12.7522,24.5354,22.9137,73.5478,75.6046,116.22,289.812,284.827,455.564,842.416,3.72512,5.92388,19.9488,17.6893,18.4376,58.0348,43.0685,108.919,232.473,274.204,357.404,827.897,3.44311,5.73767,10.1965,11.6897,35.0563,31.2442,51.6627,112.905,143.249,232.909,309.463,724.606,3.72644,4.98,9.51885,12.6972,21.0557,47.0175,50.4743,71.2614,123.47,164.058,308.267,614.918,2.66814,3.59646,7.63513,13.6804,17.7374,28.7756,40.8571,70.8075,64.2474,128.404,167.221,319.342,2.57783,3.436,7.6898,12.1358,16.2495,20.8486,35.8665,55.9057,63.7163,102.075,188.874,327.196,2.44787,3.22467,5.28451,10.2676,13.1586,21.5813,23.6897,58.4859,43.7027,103.988,90.6017,322.807,2.13333,2.81,6.23576,8.11271,10.5511,13.1169,23.4777,35.1343,31.4847,60.9448,79.7873,206.744,1.8988,2.32417,3.7429,6.10221,9.02144,10.8511,12.9246,18.9847,26.6993,43.2644,72.6095,85.3811,1.83812,2.23969,4.89483,4.30813,6.5123,7.40993,10.5672,21.9239,22.2797,37.2502,41.44,71.3745,1.86827,2.16232,3.45632,3.71043,6.14156,8.35314,10.0537,16.5925,19.1372,29.7402,44.0864,48.9732
1975,21.4981,25.4355,50.9785,116.75,87.7193,156.682,267.62,327.072,478.848,608.799,1161.73,1530.67,19.1208,27.2376,71.6373,78.0288,121.047,154.007,165.028,282.752,441.021,539.787,1041.31,1421.21,9.91916,25.9582,57.6631,85.4154,104.931,143.777,254.923,255.203,529.599,673.837,722.259,1032.88,11.2439,26.6786,57.1821,79.2134,92.3379,147.793,206.251,282.412,414.388,578.262,832.042,1038.56,13.1057,27.9178,49.4932,76.6483,104.557,127.879,285.014,390.323,398.851,740.096,882.084,1378.91,13.4123,24.5641,62.2911,56.7582,87.0593,146.947,181.148,324.389,358.419,773.857,808.723,1383.07,15.7289,18.3672,44.2118,68.2977,98.721,131.787,164.513,312.273,395.626,541.956,885.811,1012.99,9.553,14.5391,42.4322,56.5932,85.2156,105.016,150.068,296.349,337.443,597.099,618.99,1098.94,9.25762,13.6016,26.1264,48.8188,69.5714,144.204,191.596,209.943,336.622,637.808,534.771,871.862,7.51137,13.591,30.1138,45.0867,60.0735,79.2371,137.351,211.615,243.85,387.625,688.224,788.119,5.62772,8.16142,22.2501,34.5709,58.5729,142.362,118.927,125.557,276.006,513.974,566.968,842.309,5.33095,9.30388,21.0039,26.2498,46.5179,100.033,148.037,153.048,239.073,362.367,408.955,791.805,3.98563,6.44145,16.4458,28.8035,42.1349,87.3653,92.7287,112.858,141.738,326.186,496.51,867.099,5.92086,6.65593,19.9699,33.2636,29.8455,45.4192,108.21,122.203,162.166,386.023,339.249,610.194,4.17105,5.79565,15.5655,24.1855,26.986,73.9097,86.9417,114.294,281.347,273.066,449.275,714.382,4.16571,6.46881,19.2738,19.0135,20.476,58.4292,40.5857,106.443,240.26,256.468,357.671,834.652,3.44944,5.59548,11.165,11.5536,37.3189,30.5224,49.0144,99.5964,145.294,231.005,354.298,678.292,3.41848,5.31166,8.69555,13.3288,19.2341,46.4036,35.3889,75.4897,122.647,180.079,268.694,626.908,2.55824,4.23242,6.77802,13.8869,17.9213,25.9743,36.6095,74.6271,68.0268,111.581,144.705,397.469,2.58602,3.0786,7.89728,12.7418,17.2268,20.7236,29.9623,53.9571,76.8002,108.575,183.756,276.907,2.71674,3.09366,5.22293,10.2616,12.4011,20.7474,24.579,67.5504,44.5897,89.6313,101.655,318.048,2.36847,2.64814,6.2805,8.24197,10.1512,14.762,22.5206,32.0945,31.0851,61.3692,84.8279,149.91,1.91662,2.32595,3.57004,6.05354,8.07913,10.7132,12.7083,18.926,31.1319,40.1838,73.1732,86.8087,1.83162,2.10133,4.74821,4.25989,6.49217,7.63765,8.84164,22.6334,21.4734,32.5035,42.6673,70.2698,1.84156,2.15183,3.49164,3.83581,5.93767,8.38316,10.1586,17.8218,20.3499,30.3711,45.6056,50.5665
2000,21.4981,25.4355,50.9785,116.75,87.7193,182.147,267.62,355.467,482.012,608.799,1161.73,1530.67,19.1208,24.439,69.9655,74.6442,126.302,154.007,165.028,322.313,441.021,539.787,903.078,1421.21,9.91916,25.6713,57.6631,94.6242,104.931,143.777,254.923,228.735,529.599,664.665,722.259,1032.41,11.2439,28.9632,58.3411,101.546,95.2488,153.486,198.073,282.412,382.825,578.262,832.042,1217.87,13.0408,27.9178,49.4932,66.5028,105.217,127.879,285.014,383.487,398.851,591.295,882.084,1378.91,13.4123,24.5747,57.8194,55.9406,85.6948,140.361,179.836,329.758,407.386,769.377,782.189,1383.07,15.4702,18.3672,43.1502,66.8559,98.721,131.787,181.645,312.273,413.06,522.75,885.811,1008.87,9.2148,14.343,43.8007,59.1114,81.9254,129.378,145.811,323.7,340.475,597.099,618.99,1250.01,9.53885,14.2598,23.4572,45.5967,70.3446,140.623,172.66,211.399,336.646,637.808,593.347,781.703,7.97851,14.6942,29.4065,44.1731,64.6156,85.1182,137.235,207.273,240.543,364.088,633.508,788.155,5.99975,8.32519,21.4511,30.0082,55.1876,138.891,95.0325,124.847,300.502,513.97,664.726,842.319,5.2892,8.67881,24.7031,26.8497,46.1727,86.1168,147.563,147.375,223.618,320.599,411.263,892.322,3.55939,6.73586,16.6005,32.3677,40.2088,84.0655,97.4225,117.7,138.258,326.194,496.482,931.946,5.72986,6.6962,18.4608,33.4717,29.006,48.9543,90.1515,147.111,171.533,349.066,339.169,564.132,4.24939,5.6939,13.2222,26.6241,19.8134,67.3257,96.4312,114.839,213.898,283.849,414.682,770.939,4.08585,6.18174,19.7119,22.8153,20.5093,36.0112,43.2188,108.275,258.533,273.003,374.416,811.43,3.46151,5.72725,10.8182,11.7897,27.4951,29.2223,51.327,104.802,145.734,217.887,344.766,701.078,3.67683,5.02676,8.99758,11.7675,21.7683,44.0881,36.3828,66.0222,103.727,179.691,237.518,592.113,2.56657,4.12522,7.5906,14.1615,18.6117,28.3404,37.4003,66.0197,88.1866,98.4885,134.943,401.589,2.63175,3.59986,7.52201,11.6078,14.9979,18.7541,34.7257,58.074,78.589,110.62,186.785,317.118,2.55406,3.03258,5.03027,9.29125,13.0693,20.327,25.7672,59.5868,44.0151,111.06,101.576,294.688,2.38288,2.82355,6.1251,8.08653,9.32518,13.202,21.4031,34.0407,30.3478,63.2293,79.1426,201.701,1.88228,2.2932,3.63951,6.06538,8.5504,11.4375,11.6927,18.6545,29.7217,43.7437,71.4423,88.1628,1.93136,2.25964,4.58963,4.39883,6.34597,8.50208,9.35691,21.9473,21.6445,33.6752,45.7634,76.6014,1.81106,2.13394,3.49787,3.61949,5.91866,8.11188,10.2714,17.6958,21.3366,30.4316,43.2851,48.4404
2025,20.9266,25.4355,50.9785,116.75,79.7284,182.147,267.62,355.467,451.269,608.799,1161.73,1530.67,19.1208,28.8173,71.4816,78.0288,121.047,154.007,165.028,334.981,441.021,539.787,1041.31,1291.93,10.1308,25.8715,55.402,85.4154,104.931,135.866,254.339,229.018,529.599,659.851,719.808,1032.41,11.2439,28.1017,57.2487,101.546,95.2488,153.486,198.073,275.117,422.417,552.401,805.982,1039.21,13.1057,27.9178,46.8276,72.2253,105.217,127.879,264.489,407.62,398.851,740.096,882.084,1237.49,13.7181,24.4894,65.934,56.7736,92.9434,129.169,176.979,327.408,407.386,773.857,667.933,1383.07,15.738,18.4535,45.2382,60.0657,95.9131,132.435,164.513,312.273,413.06,505.117,854.305,1008.87,9.38462,14.987,42.3409,57.3118,85.2304,127.533,151.408,324.62,359.789,597.099,618.99,1258.2,9.42832,13.429,24.0752,48.0734,70.3341,121.516,191.569,211.399,261.129,637.88,593.347,871.883,6.68152,14.4807,31.4684,46.298,67.1089,90.6442,126.288,201.375,240.712,393.564,685.841,788.16,5.82672,8.45861,22.7517,32.7038,65.3322,138.907,92.1556,123.891,300.548,513.974,664.763,754.535,5.71443,9.39639,22.1198,26.4286,45.0328,98.9078,149.014,158.36,241.775,320.603,398.629,892.37,3.79167,5.96499,16.6063,27.6496,42.4053,88.7678,89.0908,105.989,142.773,323.844,462.985,932.612,5.36354,6.86698,18.5275,36.5694,30.6969,51.3896,112.424,148.163,147.701,335.932,338.035,615.956,4.24731,5.71388,15.503,26.6937,25.252,75.687,80.5077,116.003,285.817,280.901,451.039,847.535,3.75478,5.8943,18.1983,18.1945,18.0603,58.8185,41.0757,85.3264,267.32,274.198,382.434,817.236,3.52376,5.49682,11.1077,10.2633,37.1216,33.7159,45.4564,97.8939,137.446,199.179,324.933,719.532,3.69567,5.40749,8.59923,11.9384,19.9328,46.0725,41.0847,71.4059,126.239,179.825,259.964,622.774,2.74194,3.70866,7.31027,11.6505,17.0703,29.6546,38.0287,69.2508,66.6773,119.223,157.493,376.574,2.64691,3.56821,7.41963,10.2599,16.6472,20.5828,32.323,55.6267,78.5648,112.999,178.194,271.934,2.6405,3.24543,4.92161,9.93022,12.8241,19.447,24.2864,49.2745,41.4915,99.4248,99.5686,260.648,2.26714,2.72107,6.14665,8.18092,9.93661,14.1214,22.2232,34.6687,30.1301,65.1445,81.9183,190.563,1.90063,2.24383,5.84483,6.00337,9.10148,10.6845,12.5809,18.8792,28.5328,40.1086,69.6338,86.5275,1.83198,2.34843,4.58024,4.25472,6.33114,8.43071,9.78799,21.7577,21.7503,33.3438,43.5977,71.6274,1.93725,2.17867,3.34201,3.65625,5.78951,7.98644,10.53,18.1006,20.0395,28.741,43.7478,48.4571
2050,20.4714,23.6,50.1722,113.314,89.7045,182.147,267.62,355.467,461.433,608.799,1161.73,1530.67,19.1208,27.2376,71.4816,71.3069,121.047,154.007,158.947,322.528,441.021,539.787,1041.31,1421.21,8.30986,25.9582,63.5798,85.4154,104.931,175.216,254.923,226.922,529.599,681.837,812.667,1032.41,11.2439,27.2342,56.7043,99.7306,95.2488,153.486,198.073,282.412,452.234,578.262,755.284,1038.56,13.1057,27.9178,49.4932,76.4119,105.217,127.879,228.089,393.197,398.851,649.791,882.084,1378.91,13.2962,23.9331,65.934,56.7736,88.8893,146.005,180.699,327.408,395.145,773.857,808.723,1383.07,15.738,18.4535,45.2382,68.2977,98.721,131.753,169.318,312.273,362.42,541.956,885.811,1008.87,9.18931,15.2005,42.4683,60.8875,85.2193,129.531,147.363,324.62,325.176,597.104,618.99,1124.98,9.50303,13.1593,22.6192,48.2812,68.3303,119.774,194.294,211.372,336.669,637.9,593.361,896.125,6.92237,14.5489,30.689,48.6345,67.5543,84.6189,139.979,213.768,240.719,393.565,685.909,778.152,5.55125,7.67248,22.6284,36.6074,66.6785,140.431,114.343,122.582,250.885,479.18,664.754,846.292,5.00972,9.82494,23.2121,28.1125,44.8726,96.2517,137.114,160.66,246.854,320.61,470.183,892.509,3.86197,6.40836,16.4841,32.0497,44.65,78.8899,93.3698,103.726,143.608,277.634,492.165,932.6,5.69129,6.3917,18.2715,36.8053,31.4792,48.6225,109.571,146.375,164.981,370.959,339.028,427.333,4.11587,5.95895,16.6101,20.6783,24.8164,76.8161,98.7183,113.59,237.338,304.067,452.469,742.187,4.39221,6.25086,16.2873,22.0653,21.0653,46.8601,41.2189,106.533,257.183,275.121,362.328,811.519,3.3684,5.54281,10.8036,11.9112,34.8806,29.1624,51.4305,115.738,143.429,234.605,352.206,737.011,3.60191,5.33159,8.68709,12.0297,19.0409,46.4085,49.3444,70.6282,121.054,172.538,256.125,599.275,2.63866,3.75925,7.74522,14.4811,15.6207,28.3474,38.1931,69.133,65.0624,125.709,156.998,395.051,2.66175,3.40965,7.56198,11.3257,16.6512,20.0112,33.4726,43.1411,64.0726,112.121,176.619,313.677,2.41954,3.21351,5.00363,9.48804,12.7539,19.9609,25.1944,69.315,43.045,103.725,98.4941,297.229,2.25299,2.69542,6.02849,7.67695,9.77986,15.0878,22.6054,31.6482,29.7169,63.8334,79.4013,192.298,1.90549,2.15695,5.22567,5.86737,8.97993,10.5606,12.1398,19.3836,25.1141,41.4544,68.8119,89.17,1.80818,2.52025,4.40671,4.22331,6.29702,7.83179,10.2446,21.7777,20.8361,34.745,42.6992,66.0952,1.95143,2.22475,3.37507,3.70607,5.88836,8.30122,9.97405,18.5626,20.9759,29.8859,45.0009,50.698
2075,21.4981,25.3653,50.9785,116.75,87.7193,187.735,251.24,355.467,482.012,590.747,1102.78,1530.67,19.1208,27.2376,71.4816,78.0288,102.047,140.526,156.606,322.632,489.284,539.787,1041.31,1421.21,9.91916,25.9582,57.6631,85.4154,98.8539,143.777,254.923,238.088,424.214,573.675,722.259,1032.41,11.2439,28.9632,56.6244,101.546,95.2488,133.209,198.073,282.412,414.135,578.262,832.042,1016.5,13.0632,27.9178,49.4932,76.4119,105.217,127.879,285.014,384.433,398.851,740.096,978.76,1378.91,13.4123,24.6296,64.0603,55.9406,87.0593,146.947,180.699,332.925,407.386,773.857,814.148,1383.07,15.4914,18.5467,45.2382,68.2977,98.721,131.753,162.142,305.817,374.174,541.956,885.811,1012.12,8.38422,14.4965,42.4683,60.3697,85.5715,129.812,136.404,279.455,371.651,597.104,620.563,1258.25,10.2629,13.198,24.3797,47.7869,70.8803,122.454,194.294,211.372,281.122,637.9,593.374,871.883,6.38207,14.8059,29.006,49.1412,58.0881,86.6376,138.71,213.853,249.546,393.654,685.91,746.433,5.91107,7.89483,23.096,34.7246,66.1766,138.77,101.328,127.02,255.579,514.124,664.739,846.292,5.35713,8.13087,22.4832,25.2022,46.6163,98.3835,150.775,160.61,248.26,320.629,411.918,891.68,4.0075,6.36512,16.0254,31.9694,40.3608,88.0635,89.1882,112.409,141.524,323.879,492.122,932.634,5.50081,6.18788,17.5065,36.5351,23.9381,54.7821,116.16,149.375,162.65,370.945,338.956,609.098,3.93745,5.88096,13.972,16.2055,19.6099,51.8063,80.549,102.144,279.877,310.562,461.417,843.118,4.26229,6.76533,18.4667,21.3019,19.5206,54.2864,41.7593,94.9163,271.94,258.521,366.964,805.361,3.31482,5.78563,10.3106,10.8186,38.0811,28.3888,50.4214,110.514,146.688,233.793,345.858,727.741,3.59588,5.01307,9.21721,11.4185,20.45,39.1786,48.2757,74.061,119.306,188.897,252.704,542.728,2.72849,3.90416,7.23044,14.14,16.6416,30.8875,36.5614,70.8535,64.8317,127.961,164.331,350.642,2.61925,3.06828,7.3448,11.7023,17.1007,19.2086,33.1506,50.0449,69.6238,92.6619,160.702,330.997,2.6622,3.02306,4.81982,8.61042,12.3874,19.2246,23.6264,66.3897,41.3751,108.436,99.3018,279.137,2.34012,2.87242,5.56587,7.80364,9.49262,16.4805,21.543,31.0068,29.4172,61.757,88.3087,147.907,1.91413,2.25186,3.98911,5.95615,8.67796,10.224,12.2249,18.8293,30.4893,39.4938,70.3374,96.878,2.12253,2.06924,4.68652,4.5915,6.21262,8.54858,9.25891,21.3916,20.6052,32.5197,46.1638,74.4625,1.96268,2.1513,3.39853,3.75267,5.72534,8.01025,10.1252,17.6875,20.854,29.6566,43.1754,47.4532
2100,19.9358,25.4355,50.9785,116.75,83.1493,182.147,267.62,329.966,482.012,608.799,1202.28,1530.67,19.1208,22.3909,71.4816,78.0288,95.6559,154.007,162.875,322.528,338.291,476.53,1041.31,1369.2,9.91916,25.9582,57.6631,76.4103,104.931,143.777,239.914,228.735,529.599,681.837,722.259,1032.41,11.6083,28.9632,54.6017,101.546,95.2488,153.486,198.073,282.412,422.417,578.262,832.042,1038.56,13.1057,26.3651,49.4932,77.2655,100.073,127.879,285.014,407.62,398.851,740.096,882.084,1378.91,13.4028,24.6296,68.4281,52.3302,87.0593,146.947,176.437,327.408,407.386,773.857,808.723,1383.07,15.2032,17.3058,43.7309,68.2872,98.721,126.383,178.808,286.296,413.06,541.956,885.811,1008.87,9.03972,16.0139,41.1132,59.08,85.5715,129.824,151.396,319.222,371.651,597.104,620.57,1258.25,10.1296,14.3646,24.5807,48.2937,70.8931,117.752,194.294,211.372,336.717,637.828,556.717,871.883,7.10179,14.2896,27.29,46.9294,67.8167,83.062,136.672,212.413,239.301,396.828,685.939,742.949,5.48264,8.17576,23.2865,36.0325,63.408,140.937,90.2896,120.656,313.322,514.109,614.435,846.263,5.13682,9.95616,25.0712,27.4971,44.7697,110.817,149.083,158.428,246.763,319.377,484.87,891.7,3.97327,6.19026,16.3539,32.5538,37.9295,77.5333,89.7874,104.448,143.876,307.577,488.041,875.002,5.65072,6.58909,19.3331,35.355,30.3383,48.4386,115.97,146.132,159.139,368.58,334.653,614.88,3.61632,5.67528,15.8183,20.3821,27.7098,73.3637,80.0453,108.404,266.426,296.047,461.696,843.168,4.08743,6.61702,13.3328,20.3227,20.1599,45.5321,43.3484,104.844,271.061,278.754,369.26,812.746,3.45559,6.05444,10.6333,11.13,37.0938,28.8694,52.1629,105.346,137.974,225.59,328.55,657.417,3.7587,5.45682,9.21787,12.1089,20.0538,37.8531,46.8955,70.4116,110.197,177.847,262.191,597.023,2.56818,3.93347,7.32319,13.4179,16.9427,20.8707,37.9506,71.5165,71.2324,125.891,158.281,336.024,2.76212,3.31171,8.00413,9.62237,16.9039,20.6336,31.1579,56.0761,75.5747,94.9425,174.764,311.054,2.55627,3.29897,5.02558,9.09011,12.5799,18.7499,24.2264,68.7413,36.4186,103.873,102.007,300.502,2.29011,2.7233,5.92411,7.86066,9.24206,15.7876,21.2646,33.9525,29.0549,63.2917,75.5161,180.659,1.8246,2.30233,5.19592,5.76318,8.48181,10.6363,11.4044,19.7571,28.3912,41.0965,67.5787,94.8044,2.39644,2.24046,4.41614,4.31438,6.05596,8.74897,9.00728,21.0792,21.2143,34.145,45.8281,89.5058,1.93118,2.15548,3.34938,3.67869,5.78856,8.0144,10.4491,17.3321,20.013,27.8767,42.8613,47.5563
2125,21.4981,25.4355,50.9785,116.75,87.7193,173.518,267.62,355.467,482.012,608.799,1097.4,1530.67,19.1208,27.2376,71.4816,74.3019,121.047,154.007,165.028,307.544,405.621,510.115,1041.31,1421.21,9.66263,25.9582,57.6631,85.4154,107.503,143.777,255.272,241.331,529.599,665.682,690.554,1032.41,11.2439,28.312,57.1821,101.546,95.2488,153.486,198.073,290.117,422.417,578.262,832.042,1038.56,13.2015,26.7318,49.4932,78.1628,105.217,127.879,285.014,399.367,398.851,715.207,882.084,1358.52,14.1944,24.6296,58.921,53.1757,87.0593,146.947,174.508,327.408,407.386,773.857,781.878,1383.07,14.7282,18.6167,45.2305,68.2872,98.721,131.787,165.488,302.048,403.862,541.956,899.59,1008.87,9.34417,15.4705,42.2629,59.08,85.5719,127.218,144.924,280.396,371.673,572.765,643.971,1191.02,10.1849,14.4878,23.709,47.8844,70.8931,142.095,194.294,210.765,257.643,637.828,537.364,871.883,7.43638,13.7921,28.0197,44.0118,64.1659,85.1518,137.891,212.366,242.637,396.849,663.725,781.874,5.82629,8.68813,22.4315,34.9096,64.1228,116.229,114.789,115.884,307.713,541.535,653.871,846.472,5.57043,9.425,23.368,26.0823,44.8103,96.5972,150.672,151.1,246.744,319.328,412.14,891.746,3.9815,6.67786,16.5806,32.3103,38.7177,68.5059,93.1605,108.64,143.38,274.052,484.826,856.941,5.54449,7.75045,18.8799,35.6108,30.2617,49.5185,113.349,142.602,161.574,371.584,334.673,618.511,3.7586,5.30294,15.9738,19.4421,23.6193,66.9211,97.2287,117.456,279.004,311.213,425.402,844.089,3.82869,6.53926,15.4027,16.2016,20.5906,52.706,44.5554,102.532,218.682,281.173,369.212,812.608,3.44577,6.318,11.0423,10.3499,35.646,31.0668,39.7077,106.009,142.198,162.409,323.447,588.507,3.33835,5.35854,9.78307,11.4785,20.0659,40.3453,48.4985,71.1347,109.783,169.317,257.754,542.943,2.7128,3.68545,7.07683,11.9294,16.6653,28.7229,37.0083,71.9887,62.9676,125.504,169.121,398.486,2.64286,3.29921,7.34482,9.91491,15.5635,17.7058,33.3376,55.7155,73.7786,120.131,180.791,319.81,2.54234,3.2478,4.85408,9.3647,11.9219,18.6539,23.5185,53.6826,41.3121,99.9973,99.7646,285.729,2.13662,3.21398,5.69799,7.3208,9.55295,15.1673,21.2827,33.5916,28.5396,63.719,84.6961,166.871,1.87625,2.20921,4.8812,5.70171,8.29332,10.3882,11.5601,19.747,24.1015,40.8633,65.9436,90.1272,2.39003,2.48156,4.3996,4.50406,6.20324,8.2478,10.0776,20.864,21.6909,33.4219,43.1758,96.5714,1.89154,2.12379,3.31213,3.70045,5.95131,8.02678,10.4463,17.9125,20.8357,29.0421,47.7006,49.7973
2150,21.4981,23.1839,50.9785,116.75,87.7193,182.147,267.62,355.467,482.012,608.799,1161.73,1511.78,19.1208,27.2376,69.2874,78.0288,121.047,148.807,165.028,322.528,347.922,552.209,1041.31,1421.21,9.91916,22.8482,58.802,82.8561,106.093,143.777,254.923,216.482,529.599,656.099,782.378,1019.6,11.2439,27.883,57.1821,101.546,95.2488,137.75,198.073,282.412,422.417,560.096,832.042,1052.53,12.8349,27.9178,49.4932,75.0322,102.629,127.879,260.086,379.924,398.851,740.096,882.084,1340.72,13.4028,24.6296,65.934,55.3666,84.2847,146.947,180.699,327.408,377.619,732.173,808.723,1383.07,15.657,18.6167,45.2305,64.8298,98.721,131.787,165.488,312.273,413.06,541.956,858.74,1008.87,9.25996,15.4061,42.2629,59.0662,85.6053,131.065,151.479,324.684,326.099,597.104,522.157,1258.25,9.66802,14.1284,24.7027,47.8092,70.908,133.522,194.294,211.365,336.765,637.808,593.381,871.883,7.6603,13.7377,28.3292,47.1351,67.4449,78.6262,133.522,211.169,242.823,366.778,507.416,788.184,5.75223,7.3237,23.312,26.4659,64.5886,136.822,115.417,123.682,285.873,514.036,653.928,846.511,5.31375,9.48102,25.432,24.6788,45.8932,103.179,150.68,160.179,248.135,319.316,412.083,813.829,4.03212,6.64837,17.072,32.7709,39.371,84.8261,88.7157,105.941,143.004,309.888,480.113,685.836,5.21904,7.14407,18.5456,34.7449,30.5745,49.6041,113.822,136.197,161.572,374.626,338.868,615.341,3.76867,5.50685,17.1177,19.6424,22.4968,58.7703,87.0721,115.56,278.279,306.63,457.413,844.483,4.33455,6.53253,17.6556,19.4325,21.0932,43.4541,40.7211,104.314,255.236,278.52,356.278,781.867,3.29813,5.84523,8.94588,10.3067,38.9023,30.2925,42.2451,111.063,137.715,208.122,348.345,680.287,3.51928,5.4247,9.6375,12.0638,19.5925,44.1464,44.4828,74.8513,116.783,168.119,255.971,389.377,2.74401,3.70162,6.89735,14.7516,16.516,27.0107,34.0642,69.0875,63.3776,126.623,141.801,363.329,2.62415,3.36456,7.33031,11.5274,16.7106,20.6387,31.0224,55.5319,66.6952,109.062,179.333,314.902,2.51068,3.17186,4.91261,8.98962,12.1072,18.5677,22.9294,64.5848,44.0104,99.0938,88.0225,283.646,2.11565,2.97701,5.83182,7.4422,9.30426,13.2146,20.8531,30.4771,28.1808,63.5955,85.4538,183.573,1.87926,2.1616,4.56044,5.88227,8.16252,10.5364,11.9968,19.1567,27.1694,40.2682,67.0519,95.9368,2.06619,2.39018,4.22951,4.79167,5.9931,8.23031,10.7856,20.5834,19.419,32.554,46.7991,87.844,1.85019,2.15745,3.29338,3.80013,5.87337,7.99703,9.8756,17.8601,19.9247,28.5089,44.6832,52.1145
2175,21.4981,25.4355,50.9785,115.619,87.7193,182.147,267.62,355.467,482.012,590.491,1161.73,1373.11,18.233,27.2376,71.4816,78.0288,115.88,154.007,165.028,322.528,441.021,539.787,1041.31,1421.21,8.64697,24.6864,57.6631,85.4154,99.8095,143.777,254.923,228.735,529.599,681.837,722.259,1032.41,11.2439,28.9632,57.1821,101.546,95.2488,153.486,198.073,282.412,422.417,578.262,862.322,953.328,13.1057,28.8598,44.8125,78.1628,105.217,127.879,285.199,364.42,399.768,740.096,863.691,1292.02,13.4028,24.6296,65.934,55.9692,87.0593,143.39,180.699,327.408,407.386,773.857,808.723,1270.54,15.5237,18.5312,45.2305,67.2556,98.721,131.787,153.522,307.079,453.844,541.956,896.844,1008.87,9.28882,14.3472,42.0799,61.1954,85.6053,124.797,151.404,324.684,368.352,580.472,620.61,1258.16,10.1868,13.5171,24.5539,44.2397,69.0633,144.686,176.263,176.557,266.879,585.969,593.36,871.883,7.70419,14.1181,28.9252,43.3881,66.5223,80.004,137.911,212.652,236.236,396.962,686.009,788.203,6.12018,8.90117,19.2718,33.28,64.072,141.481,90.0614,123.662,300.803,514.021,660.404,846.473,5.14921,9.69611,25.8313,26.9331,45.0361,96.0666,152.272,158.146,248.081,285.099,387.994,888.969,3.716,6.67354,16.0752,34.265,37.2547,90.4677,93.9795,107.271,139.17,289.563,484.12,933.548,5.22938,6.51913,19.2134,35.4447,35.9783,49.0208,112.409,117.015,144.277,353.488,334.172,632.968,3.8083,5.15135,13.9477,16.7058,21.5225,71.3115,97.3502,115.09,276.396,305.641,471.263,768.232,3.92678,6.32376,19.7799,20.6756,20.0285,44.6028,41.2379,104.81,248.311,282.325,364.685,813.584,3.30956,5.85566,9.71362,10.6433,36.886,48.4652,49.9342,102.449,139.348,203.794,305.829,659.926,3.92614,5.03848,10.657,10.8516,19.2272,43.4926,41.7543,76.7161,115.809,182.753,254.211,630.163,2.7404,3.71327,7.18692,14.3599,16.8233,29.1863,35.652,65.2111,79.8441,129.439,169.571,388.36,2.66706,3.64052,7.45226,11.4534,15.3798,20.5145,30.316,46.8663,69.0341,98.8117,156.532,305.683,2.33276,3.04265,4.99035,9.33729,12.0054,17.9279,23.2014,61.2126,42.1745,103.047,95.8895,267.381,2.25913,2.87973,5.57098,7.55085,8.54761,14.9371,19.5034,31.1765,27.4421,61.4087,92.7991,181.826,1.95087,2.21229,4.57669,5.6805,8.11157,10.5954,11.0999,20.5302,24.9702,40.2401,67.3089,93.1227,2.2313,2.19038,4.31176,5.65316,5.9829,8.48007,11.0022,20.1673,20.8568,33.3418,47.8571,86.38,1.87532,2.14518,3.29054,3.75013,5.60364,7.89242,9.94956,17.1041,19.9002,27.6718,42.084,51.8398
2200,21.4981,25.4355,50.9785,116.75,82.5208,182.147,267.62,355.198,497.395,593.849,1161.73,1530.67,19.1208,27.6205,69.3201,78.0288,123.463,154.007,165.028,322.528,355.924,526.757,1041.31,1421.21,10.6725,25.9582,57.6631,84.5424,109.355,144.102,254.923,252.837,529.599,681.837,722.259,1032.41,10.5169,28.9632,57.1821,101.546,95.2488,153.486,217.338,282.412,422.417,578.262,794.457,1038.56,13.1057,27.9178,49.4932,78.1828,102.469,119.664,285.014,407.62,398.851,740.096,882.084,1378.91,13.4028,24.2486,65.954,56.8043,87.0593,146.947,177.538,327.408,407.386,773.857,808.723,1383.07,15.5327,18.5256,43.518,66.7767,98.721,131.787,165.488,312.273,413.06,541.956,896.844,1008.87,9.3497,14.6121,42.0799,61.2114,85.6053,104.561,140.961,324.684,356.661,597.104,590.184,1192.5,9.90355,13.3085,25.0457,58.7075,70.9316,142.402,194.305,211.35,336.765,637.785,593.36,871.883,7.86171,13.323,28.0305,46.4491,61.4473,82.8722,138.196,209.998,242.665,393.971,686.014,788.225,5.99277,8.44155,20.9862,37.0618,67.4672,141.453,110.429,124.09,300.788,514.019,660.349,846.542,5.59406,9.0758,22.4162,24.6549,49.2783,98.3236,152.336,155.137,226.666,318.036,411.985,856.503,3.82503,6.47823,16.6591,31.1827,40.3233,84.9746,94.5373,105.999,119.351,273.614,480.028,808.437,5.42191,6.194,22.0487,33.303,34.9887,46.4685,114.856,104.105,165.589,381.548,338.636,546.453,3.61778,5.46686,17.0416,18.997,20.3309,71.4252,96.0064,105.717,277.764,317.323,468.325,844.291,4.41394,5.46543,19.2345,19.6769,19.9704,42.6287,39.7062,104.483,218.359,279.819,375.304,813.538,3.29665,6.28264,10.1329,9.92017,38.1159,30.7028,53.7862,111.644,138.811,180.589,323.112,703.553,3.68046,5.57345,11.198,11.4897,18.3074,37.4268,45.0273,72.3336,113.739,182.204,251.145,638.234,2.55428,3.49169,7.11516,11.0685,17.2775,23.1855,35.1383,68.2206,63.0147,132.658,155.938,373.002,2.67301,3.60909,7.917,9.53513,16.2001,20.4089,28.3808,57.1129,73.538,103.422,171.277,291.034,2.33447,3.15449,5.33608,8.73164,11.5987,18.1402,23.2442,60.7731,43.1756,87.1289,99.7119,241.115,2.01144,2.87673,5.55159,7.47246,8.7706,12.8684,20.3063,32.7143,27.5398,63.3141,88.7997,177.955,1.88117,2.22095,4.75676,5.57432,7.76166,10.4274,11.2804,19.8866,23.7559,39.3645,64.0158,91.5166,2.22202,2.48921,4.14405,4.58528,6.10653,8.09859,9.58179,20.1962,22.1925,33.6731,53.6676,98.6691,1.8439,2.10668,3.31098,3.66418,5.70359,7.82218,10.0922,17.5925,19.8606,27.6354,45.0928,49.5746
2225,21.4981,25.4355,48.2767,116.75,91.8622,182.147,267.62,335.572,482.012,608.799,1161.73,1530.67,19.1208,27.2376,71.4816,77.9762,119.713,154.007,163.035,322.528,445.525,531.384,1041.31,1421.21,9.91916,25.9582,57.6631,85.4154,104.931,143.777,236.056,230.651,529.599,681.837,722.259,1032.41,11.2439,28.6757,58.3411,101.546,95.2488,153.486,198.073,282.412,422.417,578.262,764.75,1009.22,13.1057,26.8154,49.4932,78.7628,103.705,127.879,285.014,383.487,398.851,591.295,882.084,1378.91,13.4028,23.3645,57.8376,56.8043,87.0593,146.947,179.836,327.408,407.386,773.857,808.723,1277.58,15.5327,18.0318,43.1405,66.8559,90.0522,131.776,165.488,284.794,360.575,541.956,896.921,1008.87,9.5212,15.5061,43.4199,46.4859,85.5942,126.924,151.404,323.744,340.47,597.104,591.538,1258.16,9.72335,13.3419,23.1671,46.9377,70.9316,142.402,184.199,178.701,336.765,571.511,593.402,871.883,7.98458,13.3759,28.1523,45.2732,66.7478,85.921,138.604,209.991,243.875,372.002,605.365,767.407,5.84105,8.26397,22.9814,36.6287,66.8288,138.882,113.76,124.11,300.822,513.988,667.078,846.401,5.17096,8.96887,24.4826,26.8898,45.4186,97.8576,152.324,148.17,239.124,317.882,412.037,889.116,3.95422,6.32333,16.3182,33.9753,35.7889,96.9251,92.7934,97.6567,141.577,273.583,476.948,674.596,4.99733,5.8244,18.7148,35.8069,31.8049,51.491,117.696,142.652,170.06,359.879,331.897,615.396,3.63664,5.44724,15.8896,20.6912,19.6925,73.0867,96.7109,115.107,281.664,266.265,475.389,844.893,4.03187,6.29238,19.1317,20.3266,18.0081,47.2077,40.4333,105.818,255.758,279.756,351.206,815.649,3.18863,6.09595,10.1651,11.4286,34.6339,52.9859,48.7803,115.658,135.474,228.572,343.423,708.037,3.7053,5.42072,10.5983,10.9719,17.6035,42.5781,46.884,75.8741,99.3345,166.706,248.825,609.161,2.92813,3.59691,7.05713,15.2124,15.1325,29.8273,33.4242,66.5465,62.4061,131.452,164.522,245.37,2.63296,3.43986,8.01999,10.7835,15.6387,19.9713,31.6406,44.0367,72.1005,109.851,177.252,316.027,2.51603,3.05618,4.78509,9.21516,11.3526,17.6124,21.3835,51.9676,42.8311,92.725,99.8305,207.475,2.02929,3.2169,5.45968,7.28156,8.9893,14.5553,19.893,32.646,27.2813,62.2825,86.9673,177.973,1.88598,2.08017,4.5652,5.54501,7.84088,10.3907,11.4918,20.9206,24.3755,39.5655,63.2144,89.5697,2.113,2.77703,4.06467,4.91311,6.16732,8.29483,9.78094,19.8951,25.5337,36.027,48.2467,87.3106,1.8014,2.12466,3.27565,3.7053,5.69153,7.76003,9.88031,17.3099,19.4136,27.5116,43.5262,52.8112
2250,18.8954,25.4355,47.1592,114.006,87.7193,179.632,267.62,355.467,482.012,608.799,1161.73,1530.67,19.1208,28.8173,71.4816,78.0288,121.047,147.442,156.606,319.675,441.021,539.787,917.02,1408.29,9.91916,25.9582,55.402,75.0147,92.2022,143.777,254.339,226.578,521.266,681.837,719.808,1032.41,11.2439,27.9132,57.1821,101.546,95.2488,153.486,197.326,251.852,395.723,553.387,832.042,1026.61,13.1057,27.9178,49.4932,74.5762,107.157,127.879,285.014,407.62,398.851,760.581,882.084,1378.91,13.4028,24.2486,65.954,56.8043,87.0593,146.947,177.598,327.408,407.386,773.857,808.723,1373.11,15.6423,18.6202,45.2305,60.7977,96.8972,127.633,165.488,295.176,413.06,505.117,896.921,1008.87,9.28555,15.6836,41.2819,61.5148,85.5942,121.43,151.398,279.462,359.785,577.13,620.703,1258.23,8.12161,13.5175,22.9732,47.3892,70.9828,144.638,194.321,211.434,314.247,637.804,582.19,871.883,7.17991,12.8051,28.8289,44.8642,67.6813,92.5023,132.646,209.523,244,394.057,685.947,788.255,5.74795,7.9852,22.985,36.5643,63.3145,137.438,102.099,122.768,300.827,513.907,660.365,846.381,5.09961,9.42183,21.2895,26.6869,44.0592,99.7711,152.352,160.669,232.318,316.761,412.027,897.977,3.72414,7.07728,16.5139,30.7815,39.084,87.0075,85.0576,103.61,140.772,273.57,475.582,934.32,5.12002,6.29125,18.8506,32.2018,39.8336,50.2833,111.162,146.833,173.952,374.13,335.137,615.608,3.64767,5.67414,17.2371,27.7625,19.2694,74.4768,86.7845,93.6503,280.097,302.717,473.918,845.071,4.16547,5.9672,17.4226,19.1585,19.612,37.5509,42.0512,83.7485,252.746,269.022,334.948,814.571,3.03995,6.36245,10.0361,10.2574,37.6275,50.5511,47.8987,108.44,135.136,230.426,343.809,689.786,3.4024,5.02303,11.9824,11.4439,18.0225,42.215,42.5312,75.6222,115.074,161.629,246.244,593,2.91978,3.46294,6.76757,14.6019,15.7181,26.9918,30.9996,66.3131,61.5759,110.726,169.992,311.865,2.64245,3.41505,7.9188,11.3445,14.2618,20.8909,32.2978,46.8329,65.5246,96.0695,174.386,269.527,2.58522,3.00906,4.66032,9.1548,11.3335,17.3062,22.1556,60.3392,41.7036,101.05,96.2241,262.081,2.24561,2.86266,5.44902,6.98783,8.70405,13.0283,19.4677,32.287,27.0151,61.2695,84.0649,147.055,1.92907,2.20307,4.33077,5.83462,7.86998,10.2087,10.6378,19.1154,25.5942,37.4061,65.6281,88.3789,2.0988,2.77948,4.15192,5.38902,5.77041,8.13063,8.90053,19.5036,24.3183,28.937,55.8883,91.1915,1.79322,2.11594,3.24174,3.79281,5.55348,7.69319,9.95826,16.8681,19.1497,27.1814,42.4415,55.0329
2275,21.4981,23.4982,50.1722,116.75,87.7193,182.147,267.62,355.467,482.012,608.799,1161.73,1530.67,19.1208,27.2376,65.5957,71.3069,121.047,154.007,165.028,322.528,441.021,539.787,1041.31,1421.21,9.61116,25.9582,57.6631,85.4154,104.931,143.777,254.923,213.597,529.599,681.837,679.789,1032.41,11.0696,24.369,56.7106,94.9739,95.2488,153.486,198.073,276.028,422.417,578.262,832.042,1038.56,13.1057,26.3766,49.4932,78.7628,105.217,122.109,285.014,398.705,398.851,649.791,882.084,1378.91,13.4028,24.0576,62.6222,56.8043,87.0593,146.947,180.699,327.408,407.386,773.857,808.723,1383.07,15.7756,17.8748,45.2305,69.0297,98.721,121.188,161.206,312.273,413.06,541.956,896.921,1008.87,8.88488,15.1549,42.0882,59.6936,85.5942,129.386,151.424,324.684,371.699,597.104,587.385,1258.23,9.90309,13.3357,24.3823,45.4163,71.0085,143.751,194.321,211.434,336.717,576.815,593.347,871.883,7.60691,13.6906,28.2224,42.7,62.5325,93.4473,137.122,207.971,243.898,394.079,685.963,788.256,5.30517,8.51711,22.682,36.0303,63.6727,138.905,95.2036,120.741,291.463,513.898,660.486,846.372,5.14049,9.03924,24.7597,28.0173,43.9942,103.976,141.141,159.157,237.912,315.626,412.057,897.977,3.97279,7.01433,15.7796,34.2283,38.1389,84.1565,95.1358,103.679,144.554,273.595,562.977,934.359,5.10063,6.32519,18.3986,32.7205,29.0784,50.3337,91.055,136.271,155.996,364.686,335.038,496.769,3.85065,5.46643,16.39,22.9489,22.8539,78.9016,82.4813,119.683,213.119,309.75,461.567,844.821,4.23383,5.86488,18.6124,20.8759,20.2538,46.0864,44.2566,104.767,260.169,280.722,356.89,815.113,3.30342,5.96627,10.3921,10.7823,35.5468,50.8483,40.4978,114.463,138.799,218.6,340.118,707.975,3.79052,5.25921,9.21723,10.8768,18.5172,41.0337,43.6366,67.6053,111.713,178.337,244.182,603.88,2.80846,3.6358,7.50155,14.0795,16.472,27.2068,31.3066,65.2117,83.7931,122.168,141.561,367.691,2.81344,3.82152,7.63748,10.8931,14.7374,20.3663,32.9484,46.7562,73.4998,100.09,166.278,330.448,2.43509,3.11277,5.36347,9.01856,11.1843,17.2737,23.0994,55.5222,38.2386,96.5746,110.704,292.986,2.12398,2.95695,5.36146,7.13483,8.53877,13.8904,18.88,32.1778,26.6321,60.1714,82.2325,165.514,1.9033,2.20353,4.16946,6.25543,7.52067,10.1093,10.5891,21.1937,23.9462,38.9598,67.7337,87.2969,2.28343,2.48061,4.15073,5.35384,5.98403,8.28458,10.4794,19.7715,22.0865,32.3192,55.5695,98.7626,1.83864,2.09834,3.29803,3.70681,5.68113,7.66941,10.1584,16.8231,19.3804,26.5964,43.2113,49.2763
2300,18.3266,25.4355,50.9785,112.033,87.7193,182.147,267.62,355.467,482.012,608.799,1111.21,1530.67,19.0097,27.2376,71.4816,78.0288,121.047,154.007,153.902,322.632,441.021,539.787,1041.31,1375.18,9.91916,25.9582,57.6631,82.7859,100.482,143.777,254.923,234.359,505.188,634.543,722.259,1032.41,11.2439,28.7971,57.1883,95.4481,95.2488,143.166,184.656,282.412,422.417,546.647,832.042,1071.94,13.0632,27.9178,48.1003,78.7628,85.6706,118.756,274.934,401.423,398.851,740.096,854.346,1378.91,13.4028,24.0576,65.954,56.8043,87.0593,146.947,180.699,332.925,367.895,773.857,796.362,1383.07,15.7475,18.6282,45.5697,69.0297,98.7294,117.495,152.509,302.467,413.06,541.956,896.951,1008.87,9.16478,15.7794,41.7333,59.6936,85.5942,118.77,139.316,294.478,280.784,597.104,609.796,1258.23,10.083,13.3272,22.3771,47.482,71.0085,123.328,194.321,211.451,336.717,637.828,593.333,855.136,7.41161,13.4219,28.3881,46.1434,61.9309,94.2588,137.6,208.193,215.973,394.056,685.963,724.284,5.88262,9.06651,19.7156,35.9608,67.6875,136.631,111.658,152.332,149.12,513.905,660.553,817.055,4.20122,9.07043,24.9038,23.2279,45.2407,99.2298,145.098,161.609,243.013,314.556,412.088,898.03,4.23558,6.19067,16.2724,35.4892,37.7562,83.5378,88.3573,99.3937,146.798,273.588,455.488,935.032,4.93088,6.02978,24.6107,35.3441,38.9689,50.298,117.441,129.578,142.512,372.714,357.456,607.265,3.6451,5.6064,16.444,21.5095,18.8519,72.9941,70.6294,111.596,243.809,299.518,452.851,829.275,4.18955,5.53008,17.284,20.8987,19.5722,45.8122,43.3756,104.396,258.797,270.253,371.563,777.802,3.12872,5.91462,9.20306,9.61769,34.4652,51.1513,48.4669,113.231,132.77,228.765,285.066,688.465,3.84974,5.56608,10.0708,11.5111,17.9076,38.6937,45.3807,73.6219,110.747,176.136,247.191,657.875,2.67736,3.33017,7.48145,11.5486,16.222,27.8497,34.7389,68.4662,60.9304,92.3119,171.7,341.485,2.68343,3.32724,7.44475,8.89112,15.4062,20.0325,30.9119,43.6151,67.9331,107.882,147.165,306.562,2.44952,3.03766,6.32845,8.95488,11.0247,17.2123,22.8245,51.3767,39.0834,96.569,104.843,217.684,2.20258,2.86312,5.51989,7.22345,8.27475,12.5226,19.2021,33.774,26.3631,61.7276,82.6195,164.142,1.85196,2.20236,4.33382,6.09996,7.40473,9.91862,10.4387,21.8983,23.6153,36.5705,66.877,82.9676,2.1236,2.51565,4.04537,4.93346,6.16826,8.0685,9.62212,19.2152,25.4502,35.5247,50.0037,102.708,1.90033,2.03869,3.25135,3.80888,5.55839,7.53953,10.2974,16.9871,19.4316,26.5084,42.6883,51.8914
2325,21.4981,25.4355,50.9785,113.309,78.7057,182.147,267.62,355.467,482.012,608.799,1161.73,1530.67,19.1208,27.2376,71.4816,78.0288,121.047,154.007,162.875,322.528,338.291,539.787,1041.31,1284.2,9.91916,25.9582,57.6631,79.5951,108.469,143.777,254.923,228.735,529.599,681.837,688.076,1032.41,11.6083,28.3962,57.1883,101.546,95.2488,149.18,194.986,282.412,412.667,578.262,781.601,1005.46,13.1057,27.9178,49.4932,79.6164,105.217,127.879,253.25,407.62,405.236,740.096,882.084,1343.61,13.4028,24.0576,68.4481,56.8043,87.0593,150.248,166.618,327.408,348.617,699.056,808.723,1383.07,14.7973,18.6282,43.9563,64.6139,104.209,131.764,165.488,312.282,413.06,542.094,832.843,990.104,9.36001,15.7332,41.7333,57.964,84.954,129.386,151.428,319.26,374.045,597.104,620.703,1258.23,10.735,13.4334,24.9529,46.9697,72.2869,118.717,194.321,211.449,334.56,637.828,593.343,871.883,6.99822,13.7258,28.0445,47.0933,67.3037,91.7049,123.65,209.561,236.717,385.432,702.946,730.431,5.68549,8.05444,22.1068,37.7264,68.0718,136.689,112.75,140.049,300.76,455.841,616.652,846.532,5.42165,9.78759,24.724,24.3172,43.889,108.593,145.979,154.992,243.008,318.876,409.778,898.199,4.52746,6.85516,15.8925,33.6297,43.1239,83.6411,95.8765,95.9222,148.916,273.602,472.521,935.034,4.94613,6.02825,22.3631,35.107,39.8456,49.1529,115.275,114.668,147.095,369.543,331.684,608.484,3.76177,5.3905,16.8777,21.8088,17.5654,64.7489,92.5182,118.416,261.252,278.868,453.997,652.042,4.02078,6.00919,16.1351,18.9751,18.3866,45.7226,42.5927,104.437,215.648,280.43,364.342,741.426,3.28745,5.87355,10.0511,10.1744,31.7906,47.8467,47.2199,116.9,134.027,226.515,336.499,677.098,3.76336,5.38731,9.60715,11.0832,18.1634,41.2831,43.6191,76.9127,111.904,167.618,287.809,612.269,2.73823,3.54571,7.50122,14.6126,16.707,27.5776,34.5538,65.5339,58.7527,115.939,145.438,384.079,2.64777,3.89593,7.67701,10.6318,15.5034,18.8986,31.4507,41.3242,71.5018,95.6783,165.662,320.236,2.33326,2.91276,5.5369,8.52211,10.8712,16.6057,22.778,57.6364,40.7454,96.8891,96.7071,219.426,2.21175,3.04068,5.43266,7.22758,8.62094,13.5426,18.6886,31.8683,26.006,60.689,83.6585,161.429,1.8867,2.09919,4.15114,5.70518,7.42608,9.86537,11.5013,20.7683,26.5853,38.0867,66.41,85.9985,2.12123,2.65103,3.95538,5.36814,6.63862,7.95154,10.6518,18.8379,24.8033,34.7173,53.3984,90.9883,1.87014,2.14381,3.22479,3.86867,5.49976,7.54762,9.79976,16.7576,19.5925,26.3335,41.4994,54.1015
2350,21.4981,24.2358,51.515,110.655,87.7193,182.147,267.62,355.616,482.012,590.747,1097.4,1530.67,19.1208,27.2376,71.4816,74.3019,106.354,154.007,165.028,282.823,331.937,518.54,1041.31,1354.19,9.91916,23.7278,57.6631,85.4154,104.931,138.834,219.101,228.735,541.899,681.837,722.259,1032.41,11.2439,27.9709,57.1883,101.546,95.2488,150.675,198.073,282.412,422.417,578.262,832.042,1038.56,12.7216,25.3543,49.4932,76.9393,105.217,127.879,285.199,436.616,398.851,740.096,801.32,1358.52,13.4028,24.0576,65.954,48.7119,69.6105,137.353,180.699,323.63,407.386,773.857,781.878,1353.51,15.6384,18.6282,44.7007,69.3397,98.7294,131.764,144.025,312.282,352.653,541.956,896.951,1008.87,9.34452,14.351,41.7333,55.6395,85.6302,115.198,153.244,324.658,371.699,597.104,645.423,1258.02,10.4808,12.9086,24.6172,46.9697,72.2976,142.397,194.321,211.449,322.247,637.828,593.35,871.883,7.00375,14.3758,26.2308,45.5307,66.1669,92.3379,135.423,209.592,243.914,375.687,668.298,778.228,5.5445,8.38859,21.7421,37.0115,69.2516,138.347,114.164,121.643,286.496,513.956,667.457,846.532,4.89826,9.36074,24.6407,28.3118,43.8833,99.9206,141.991,136.896,243.01,320.131,409.682,907.574,4.05817,6.33674,16.3692,32.0138,42.0986,73.118,93.3274,103.51,147.308,274.046,476.931,935.275,4.97999,6.08724,22.3534,33.3577,35.9239,50.5257,114.787,121.381,141.155,368.843,331.59,608.366,3.86969,5.39192,13.2136,23.9629,19.4866,70.5979,92.558,105.158,238.537,278.511,461.645,836.001,3.92275,6.03543,15.3021,21.1822,16.2762,45.3458,46.4746,94.2795,243.976,275.98,370.12,805.149,3.30918,6.05572,10.1649,10.3873,36.6777,49.0606,50.6654,107.49,133.474,203.93,298.694,607.363,3.68016,4.82203,11.4891,10.9838,18.66,37.6867,44.2102,55.4626,103.828,180.705,246.035,528.731,2.82341,3.79599,7.19031,14.8264,15.023,30.3474,34.733,64.914,59.6098,123.039,166.682,385.739,2.63691,3.30601,7.04034,10.7176,14.8025,21.3718,32.4753,44.0112,70.7549,113.05,162.447,272.058,2.63596,2.94261,5.4244,8.81056,10.875,16.3853,21.422,58.6795,39.718,94.2225,92.993,211.104,2.34868,3.01454,5.24748,6.89462,8.46953,11.9419,18.3651,31.423,25.7796,55.5156,88.2787,134.543,1.92712,2.20164,4.20043,6.35242,7.49696,9.60352,12.5761,21.6996,22.7505,37.3417,64.0102,84.7387,2.12031,2.66176,4.00493,5.31141,6.33493,8.09508,10.3142,18.8976,21.965,31.7337,52.4152,96.3071,1.83934,2.18217,3.29999,3.799,5.44173,7.42742,9.97132,16.2809,19.5485,26.6756,41.1574,51.4107
2375,21.4981,25.4355,50.9785,111.961,85.1403,182.147,271.723,324.554,482.012,608.799,1161.73,1530.67,19.1208,27.2376,71.4816,78.0288,115.01,154.007,165.028,322.528,441.021,539.787,1038.6,1250.76,10.6049,22.8482,57.6631,85.7026,102.285,143.777,254.923,228.735,529.599,681.837,722.259,1032.41,11.2439,28.6911,57.1883,100.005,94.8841,153.486,198.073,282.412,422.417,578.262,832.042,1038.56,13.1057,27.9178,49.4932,78.7628,97.6228,127.879,221.287,407.62,398.851,741.923,882.084,1253.68,13.4028,18.1307,65.954,56.8043,87.0593,146.947,176.437,327.408,377.619,773.857,802.426,1383.07,15.2349,18.6282,37.3294,69.3397,92.7115,131.753,165.488,287.341,413.06,539.561,896.951,942.987,9.44783,16.0591,41.7407,59.1243,88.6191,126.911,148.609,324.658,351.492,597.104,620.757,1258.02,10.1069,12.8741,24.7916,43.3192,72.3152,134.606,194.321,211.449,336.741,637.9,593.35,871.883,6.73436,13.8173,26.2834,46.4412,66.8159,88.8891,132.572,203.186,193.807,386.913,660.603,771.213,5.58793,8.99577,22.7419,32.424,65.6118,137.478,100.933,120.981,300.821,513.921,667.498,846.62,5.46986,8.89496,23.9382,25.9991,45.5344,92.5804,153.774,156.541,242.948,320.106,409.736,907.544,4.26708,5.34918,17.2975,34.0313,39.2018,78.0183,92.1138,103.151,144.229,313.172,473.978,935.268,5.01012,6.09975,19.9258,35.7061,39.2938,49.0462,118.651,149.752,161.625,357.166,336.158,608.493,3.76279,5.71431,15.4248,27.476,21.7408,60.2926,85.4866,109.604,261.958,307.624,411.606,798.233,3.92032,5.74718,17.2763,20.4936,16.8559,45.7229,46.934,82.6844,239.616,281.539,272.634,815.803,3.42388,5.69062,8.98498,9.71481,33.5264,46.3804,51.6582,114.993,127.604,207.529,320.088,648.185,3.72975,5.62516,11.2862,11.6219,16.3877,38.6302,43.2135,70.0636,110.143,183.435,244.098,554.878,2.79407,3.77287,7.02797,13.5097,17.4636,23.412,31.1257,65.2084,66.2566,129.854,168.185,338.205,2.69352,3.57226,7.68767,9.80548,15.7168,23.0714,31.1636,50.9061,71.9699,128.126,173.978,324.425,3.37003,2.88516,5.65639,8.78097,10.8241,16.4099,23.6116,57.2141,35.4895,95.0944,96.3782,233.617,2.16763,3.12254,5.3335,7.04921,8.39474,12.9712,18.2341,31.4513,25.7655,60.0359,87.1523,160.075,1.88315,2.16037,4.2421,6.18943,7.18543,9.40465,12.6152,23.7496,22.4703,37.4893,67.2245,83.7207,2.02061,2.66538,4.01169,4.75599,5.98083,7.93281,9.15116,19.0068,25.1767,32.6228,50.7863,100.033,1.873,2.28082,3.30413,3.78232,5.4315,7.47947,10.087,16.3486,19.0716,26.7633,41.0055,51.2652
2400,21.4981,23.9346,49.2354,101.369,87.7193,182.147,267.94,355.467,482.012,608.799,1161.73,1373.11,17.9955,27.2376,71.4816,78.0288,114.5,154.007,165.028,322.528,367.297,528.055,1041.31,1421.21,9.01327,25.4416,57.6631,85.4154,99.8095,143.777,254.923,228.735,529.599,681.837,744.102,1032.41,11.2439,28.6911,57.1883,101.546,99.434,153.486,198.073,282.412,422.417,578.262,832.042,1038.56,13.1057,27.4562,49.4932,78.7628,105.217,129.227,285.014,382.76,398.851,580.379,863.691,1378.91,13.4028,19.739,65.954,56.8043,87.0593,156.851,180.692,323.277,407.386,742.425,808.723,1383.07,15.5619,17.9219,45.562,69.3397,98.7294,131.776,165.488,279.609,413.06,541.956,896.967,1008.87,9.27304,16.0374,41.743,59.1243,84.0542,124.948,141.322,324.67,333.251,580.478,620.757,1240,10.257,13.2526,28.2649,44.6185,72.3152,143.969,194.321,162.725,328.874,630.256,593.364,871.883,7.19121,13.9894,28.2823,47.0301,64.0177,92.1672,134.803,209.685,244.106,392.157,691.165,778.256,5.55235,8.51944,23.1582,37.0686,52.1672,136.734,89.9896,120.977,300.805,513.945,667.489,846.451,5.42263,9.53507,22.3231,27.6987,45.564,100.497,128.338,160.004,232.849,333.356,407.606,907.71,3.99236,5.77266,16.8052,35.2323,34.4936,84.1996,95.0009,100.076,144.829,295.247,473.988,935.977,4.91808,6.96618,24.1066,36.1202,29.6753,50.957,117.214,147.904,156.087,353.017,331.453,640.424,3.53573,5.20806,15.257,23.1771,22.1632,72.1773,90.7328,118.977,265.981,270.028,457.839,841.359,3.95915,5.41123,18.1844,16.4449,18.0423,44.1057,41.3171,110.962,223.355,278.974,371.809,815.783,3.26503,5.56083,9.81346,9.496,31.3299,49.041,51.8053,118.388,129.31,231.052,337.402,679.845,3.71283,5.18133,9.40704,11.0372,17.5226,41.7303,43.8207,77.6045,109.424,172.23,245.809,661.567,2.69452,3.70788,7.12421,10.7038,15.9732,24.4921,35.1298,63.5578,57.5911,120.748,146.223,298.241,2.56988,3.16253,7.45983,10.5456,13.5476,21.3838,31.6176,44.7445,69.9757,113.141,170.815,324.73,2.91247,2.93259,6.10092,8.73792,10.5093,16.4982,21.1589,49.5024,38.6231,87.6833,97.1939,214.59,2.31972,3.06157,5.28469,6.93361,8.33908,13.1309,18.1485,31.2571,25.3987,58.7341,86.1916,157.931,1.94393,2.19996,4.2321,5.54298,7.16137,9.55467,11.2648,22.791,24.3345,37.6982,66.2686,79.603,1.89895,2.67431,3.94488,5.06043,6.36127,8.03356,9.17445,18.3073,24.3494,35.1044,50.0276,87.1139,1.77397,2.2284,3.39704,3.73381,5.35202,7.40561,9.85557,16.5398,19.6886,27.9765,39.89,52.9143
2425,21.4981,25.4355,50.9785,116.75,87.7193,156.682,267.62,327.072,478.848,608.799,1161.73,1530.67,19.1208,27.2376,71.6373,78.0288,121.047,154.007,165.028,282.752,441.021,539.787,1041.31,1421.21,9.91916,25.9582,57.6631,85.4154,104.931,143.777,254.923,255.203,529.599,673.837,722.259,1032.88,11.2976,26.4002,57.1883,79.2134,92.3379,147.793,206.251,282.412,414.388,578.262,832.042,1038.56,13.1057,27.4562,49.4932,78.7628,104.557,127.879,285.014,390.323,398.851,740.096,882.084,1378.91,13.4028,23.909,62.317,56.8043,87.0593,146.947,181.14,324.389,358.419,773.857,808.723,1383.07,15.6432,18.8897,44.4334,69.3397,98.7294,131.776,165.488,312.282,395.631,541.956,896.967,1012.99,9.6226,14.1971,41.743,58.1397,85.2808,106.326,150.045,296.439,337.487,597.109,620.877,1098.96,9.93197,13.7925,24.9144,46.7183,71.1806,143.943,194.321,211.483,336.717,624.986,534.71,871.883,7.67367,13.5991,27.3697,46.8421,60.8548,79.3582,123.48,210.318,244.118,386.387,691.24,778.261,5.4074,7.65118,22.9912,36.5645,55.0966,135.333,114.261,123.843,296.228,499.243,564.701,846.46,5.55416,9.1558,21.4616,25.0288,44.4255,101.641,152.126,154.833,243.679,363.18,407.539,903.525,4.41764,6.43295,16.8063,35.6248,39.4102,81.3457,89.9947,110.459,141.956,317.57,473.945,865.59,5.27019,5.93908,24.0747,32.8003,41.8496,47.7613,120.78,119.964,158.574,368.559,331.422,608.695,3.4187,5.22173,16.4287,23.483,19.1657,78.6775,90.3083,116.011,263.083,276.499,450.351,719.516,3.95387,5.41041,17.304,18.8236,16.2363,47.5982,47.6181,115.207,239.983,264.229,382.776,816.838,3.11133,5.80076,9.70933,10.2253,30.7647,47.7232,37.7034,114.321,129.689,228.748,333.81,651.692,3.52825,5.08965,11.0667,10.7584,17.8805,40.6736,42.4111,73.8627,106.868,162.064,245.725,631.943,2.56705,3.94085,6.9907,10.4989,15.1178,26.9087,32.1687,60.365,56.1467,106.826,135.975,362.12,2.50324,3.25541,7.3008,11.2058,15.5406,23.4823,31.226,47.8031,62.9657,95.3351,183.003,286.507,2.41824,2.88038,5.92296,8.41395,10.3805,16.2534,21.9553,55.2682,39.6151,92.0464,103.247,214.269,2.29366,2.92234,5.20849,6.83987,8.21367,11.9652,17.7,30.3706,25.0414,58.1251,84.2545,137.179,1.87118,2.18189,3.98034,5.86188,7.25772,9.36702,12.4483,23.0475,24.1384,37.0168,61.8909,81.8824,1.99048,2.6582,3.85466,5.06557,6.39682,7.94654,8.52066,18.1341,23.9528,29.4152,49.2651,97.724,1.87512,2.23386,3.35628,3.70092,5.29913,7.3137,9.77845,16.9568,19.5413,27.3942,39.5289,52.0732
2450,21.4981,25.4355,50.9785,116.75,87.7193,182.147,267.62,355.467,482.012,608.799,1161.73,1530.67,19.1208,24.439,69.9655,74.6442,126.302,154.007,165.028,322.313,441.021,539.787,903.078,1421.21,9.91916,25.6713,57.6631,93.3582,104.931,143.777,254.923,228.735,529.599,664.665,722.259,1032.41,11.2976,28.6911,58.3473,101.546,95.2488,153.486,198.073,282.412,382.825,578.262,832.042,1217.87,13.0408,27.4562,49.4932,66.5028,105.217,127.879,285.014,383.487,398.851,591.295,882.084,1378.91,13.4028,23.8753,57.8519,56.8043,85.6948,140.369,179.828,329.758,407.386,769.377,782.189,1383.07,15.3529,18.8897,43.472,67.5979,98.7294,131.776,182.743,312.282,413.06,522.75,896.967,1008.87,9.42323,14.8532,42.8494,56.5346,80.6308,130.619,146.807,323.73,340.481,597.109,620.877,1250.03,9.49916,14.4122,23.6571,43.5291,72.3685,144.045,194.321,211.503,336.717,624.986,593.353,785.788,7.69369,14.418,27.0256,45.2075,66.0587,86.1492,133.994,205.264,243.871,392.31,638.911,778.236,5.72779,10.5205,20.5219,31.048,55.6785,135.155,93.5495,121.037,289.972,499.249,667.622,846.47,5.54465,8.92237,23.9371,27.4597,43.2776,91.7888,152.964,145.108,226.526,325.006,403.23,918.672,4.32308,6.74572,16.1521,31.0416,38.2049,81.7246,91.5216,117.128,137.592,317.72,477.993,936.177,5.0117,5.63278,24.2267,31.2409,40.7684,49.8511,91.1236,148.782,165.558,341.096,331.455,570.459,3.38785,5.08757,13.7761,27.102,24.2476,72.3567,90.428,107.481,202.033,304.457,408.547,768.885,3.70371,6.15417,17.5495,20.385,16.0255,39.5998,49.9469,117.679,260.985,278.372,376.504,817.333,3.57012,5.55404,8.14053,12.1151,28.1708,26.4545,49.1764,111.197,128.073,216.53,333.556,678.797,3.4146,4.82384,8.44995,10.2959,17.5385,40.4286,35.486,70.3368,95.1657,177.271,220.823,595.387,2.50426,3.858,7.54929,10.5323,16.5861,25.4775,29.8806,59.7055,76.8887,121.795,129.401,308.978,2.70085,3.21679,7.24487,11.4716,14.9193,22.9418,33.1501,49.6367,67.7836,138.98,179.154,321.177,2.93787,2.92082,5.75764,8.18767,10.4602,15.9627,21.9118,50.7078,35.2242,90.3635,100.21,224.68,2.33496,3.01526,5.33087,6.69463,8.03952,12.5545,17.3755,30.4185,24.9543,57.2784,83.7633,156.994,1.86549,2.18033,3.98076,6.03245,6.83866,8.72885,12.5885,22.6998,23.0361,36.9764,66.9405,78.2045,1.95792,2.64007,3.92093,4.83102,5.85142,7.82764,8.37543,18.4969,23.635,30.7583,48.7758,95.8727,1.85321,2.26208,3.30523,3.72715,5.30703,7.29998,9.69267,16.5522,18.7338,26.6322,39.4765,50.0013
2475,20.9266,25.4355,50.9785,116.75,79.7284,182.147,267.62,355.467,451.269,608.799,1161.73,1530.67,19.1208,28.8173,71.4816,78.0288,121.047,154.007,165.028,334.981,441.021,539.787,1041.31,1291.93,10.1308,25.8715,55.402,85.4154,104.931,135.866,254.339,229.018,529.599,659.851,719.808,1032.41,11.2976,27.2181,57.255,101.546,95.2488,153.486,198.073,275.117,422.417,552.401,805.982,1039.21,13.1057,27.9178,46.8276,74.5762,105.217,127.879,264.489,407.62,398.851,740.096,882.084,1237.49,13.7085,23.8753,65.9883,56.8043,92.9434,129.169,176.973,327.408,407.386,773.857,808.723,1383.07,15.5467,19.0397,45.2305,61.1077,95.9215,132.469,165.488,312.282,413.06,505.117,857.293,1008.87,9.59329,15.5307,41.554,55.0534,83.9176,128.666,151.448,324.67,359.859,597.109,620.877,1258.02,9.83912,13.7873,24.3362,46.7926,72.3793,123.414,191.99,211.503,261.129,624.986,593.353,871.883,7.18975,14.335,27.4038,48.1081,66.7451,92.808,124.647,200.087,243.893,394.249,691.256,783.209,5.80881,9.38425,22.7652,38.0653,65.1532,136.586,91.778,119.522,289.982,500.531,661.019,754.781,5.33755,8.98589,21.6265,27.9439,40.0407,101.69,148.321,153.778,242.849,324.977,407.521,918.671,4.08296,6.95839,16.5907,31.3839,37.8721,85.9974,85.3782,104.042,143.54,317.67,475.2,936.866,4.72869,5.73395,19.8392,31.5966,41.061,50.2983,120.853,152.177,146.606,326.229,331.363,614.642,3.41004,5.4189,16.3616,27.0456,18.8136,72.7467,73.7884,118.645,275.555,272.973,460.71,841.37,3.88368,5.42765,16.9653,18.6507,16.4358,42.1415,51.1987,116.138,254.441,280.796,396.386,817.325,3.4485,4.87643,9.46101,9.75364,36.908,30.8258,45.0963,100.915,114.516,196.134,338.8,667.481,3.44323,5.43285,10.8151,12.0305,15.8641,36.0565,39.302,71.5365,113.56,170.528,242.332,663.789,2.55498,3.57384,6.91962,11.3699,17.7145,25.3482,36.9194,65.8184,73.2475,107.632,154.327,363.385,2.69373,3.45657,8.48834,11.1227,14.9272,22.1564,28.8577,49.9358,69.0217,97.1995,173.363,280.405,2.79586,2.97435,5.2883,7.90899,10.5522,16.4533,21.6428,46.879,35.2681,81.1097,100.591,229.67,2.27052,3.05918,4.95484,6.59568,8.14276,11.7533,17.4514,30.0708,25.012,57.0321,81.2829,152.768,1.93804,2.20976,4.02798,5.88602,7.34278,9.20174,12.1271,24.3425,23.9167,36.3466,65.8809,80.577,1.91994,2.72387,3.84947,4.79387,5.98871,7.99382,9.0355,17.7169,24.3909,33.9862,47.8843,94.0788,1.9519,2.26565,3.45028,3.73251,5.29153,7.90089,9.65681,16.1604,19.8842,27.4068,38.7934,51.4119
2500,20.4714,23.8426,50.1722,113.314,89.7045,182.147,267.62,355.467,461.433,608.799,1161.73,1530.67,19.1208,27.2376,71.4816,71.3069,121.047,154.007,158.947,322.528,441.021,539.787,1041.31,1421.21,8.30986,25.9582,63.5798,85.4154,104.931,175.216,254.923,226.922,529.599,681.837,812.667,1032.41,11.2976,26.9621,56.7106,99.7306,95.2488,153.486,198.073,282.412,452.234,578.262,755.284,1038.56,13.1057,27.9178,49.4932,78.7628,105.217,127.879,228.089,393.197,398.851,649.791,882.084,1378.91,13.2962,23.2414,65.9883,56.8043,88.8893,146.005,180.692,327.408,395.145,773.857,808.723,1383.07,15.6822,19.0397,45.2305,69.3397,98.7294,131.787,165.488,312.282,362.42,541.956,897.028,1008.87,9.63846,15.1745,41.7933,59.1591,83.9282,130.63,146.49,324.67,324.898,597.109,620.877,1124.83,9.97855,13.8265,23.722,46.3675,69.7811,122.225,191.99,210.058,336.717,624.986,593.353,896.153,7.06921,14.3895,27.5292,45.0432,62.9969,86.0339,136.72,211.61,244.204,394.222,691.225,778.241,5.58119,8.81329,21.2635,36.0176,62.7553,137.202,109.642,117.171,247.683,464.696,661.009,846.57,5.31767,9.27579,21.8212,29.7547,42.5205,101.012,133.733,154.798,240.775,324.812,468.155,908.246,4.32891,7.13343,16.5576,34.7161,42.7733,76.287,90.1043,105.577,143.482,275.53,475.222,936.791,5.00219,5.52734,23.9115,34.3332,40.3762,50.5422,110.539,149.832,159.872,365.088,410.876,421.609,3.50111,5.23655,16.4936,19.4268,17.2852,75.2363,91.5245,115.72,267.492,303.195,457.868,743.118,4.02167,6.12861,15.7933,20.2391,16.7184,44.9295,39.6025,103.747,254.049,280.954,378.263,810.152,3.3937,5.20902,9.31786,11.6001,32.0286,44.4285,49.4353,114.511,122.247,231.213,339.804,663.28,3.30407,5.03192,9.20533,10.4855,16.0763,40.9365,40.9539,68.2121,79.0628,168.574,240.857,650.531,2.51185,3.78742,7.68494,10.46,13.8154,23.6045,32.6047,62.4856,74.3397,117.305,158.295,383.203,2.87631,3.23324,7.11024,10.1843,14.1569,21.2616,30.9111,47.3117,69.0288,95.21,169.78,302.247,2.65514,2.96663,5.36754,7.89476,10.212,16.4419,20.569,47.5642,40.1596,83.7838,94.3326,198.778,2.18859,2.85049,5.22546,6.53126,8.02521,12.5392,17.2948,29.1754,24.8422,56.5634,83.0873,147.939,1.93835,2.16249,4.04708,5.77218,7.05399,9.14969,11.0226,21.7495,24.8784,42.2337,64.8039,77.1139,1.91985,2.71806,3.73311,4.84642,6.22643,7.69182,9.1001,17.6295,23.3694,29.1913,47.3141,88.1235,1.90833,2.16551,3.36533,3.72433,5.24315,8.2287,9.48517,16.7723,19.3334,27.3565,38.3398,50.708
2525,21.4981,25.4675,50.9785,116.75,87.7193,187.735,251.24,355.467,482.012,590.747,1102.78,1530.67,19.1208,27.2376,71.4816,78.0288,102.047,140.526,156.606,322.632,489.284,539.787,1041.31,1421.21,9.91916,25.9582,57.6631,85.4154,98.8539,143.777,254.923,238.088,424.214,573.675,722.259,1032.41,11.2976,28.6911,56.63,101.546,95.2488,133.209,198.073,282.412,414.135,578.262,832.042,1016.5,13.0632,27.9178,49.4932,78.7628,105.217,127.879,285.014,384.433,398.851,740.096,978.76,1378.91,13.4028,23.9537,64.1003,56.8043,87.0593,146.947,180.692,332.916,407.386,773.857,814.157,1383.07,15.8013,19.0397,45.2305,69.3397,98.7294,131.787,162.142,305.827,374.205,541.956,897.028,1012.12,8.57165,15.4487,41.8016,57.9738,83.9157,121.678,136.417,281.049,371.714,597.109,621.063,1258.03,11.1387,13.5333,24.7024,46.7719,72.4002,127.053,191.99,210.058,279.338,624.986,593.342,871.883,7.47059,14.6162,26.788,48.0881,57.2073,92.3877,135.392,211.626,251.175,394.455,697.439,746.515,5.7744,8.76533,22.2997,35.6159,61.4375,138.682,105.065,123.808,238.599,499.334,667.822,846.57,4.77812,8.4535,21.7247,26.976,44.2222,96.3446,134.441,130.189,240.781,321.561,407.558,919.425,4.19971,5.65678,17.2135,35.0626,37.6545,85.06,86.8108,110.466,143.482,273.237,475.259,936.922,4.87678,5.76564,24.2137,33.7825,35.9206,52.0662,117.585,149.057,146.475,367.411,410.858,615.297,3.62377,5.35168,13.5718,22.8138,23.0774,51.0735,87.9908,104.168,265.418,300.791,463.39,837.326,3.95204,5.91024,16.9002,19.9954,16.3457,36.5019,53.3103,88.0694,257.919,263.147,381.562,805.279,3.28272,5.52989,9.23979,9.89653,32.1914,43.904,41.1447,111.549,129.092,228.856,340.659,659.413,3.48442,4.89964,11.9356,11.3565,15.2187,37.3149,39.9732,73.9932,110.222,187.052,239.671,647.567,2.51254,4.17224,7.53498,10.5847,13.6223,25.3775,32.2015,60.5102,74.4652,124.214,157.487,340.266,2.81147,3.27212,6.24525,10.3755,15.3382,22.1952,31.9375,52.8558,67.6928,88.2396,158.911,314.428,2.63907,3.01298,5.1252,7.9239,10.1983,15.8424,21.1082,51.3464,39.4097,88.6398,95.6718,206.99,2.34619,2.80362,4.99019,6.38203,8.03183,11.9392,16.8944,29.4339,24.3599,52.0294,80.9856,136.37,1.91315,2.1982,3.77953,6.32789,7.12668,9.04923,12.0659,22.6529,24.8611,39.109,61.4637,79.6569,1.96787,2.54799,3.78855,4.81103,6.13809,7.72758,8.36225,18.0615,23.2849,30.6064,46.8622,90.7772,1.89738,2.36984,3.39953,3.65969,5.41077,7.93204,9.39696,16.3404,18.4605,26.6038,38.7604,48.8993
2550,19.9358,25.6782,50.9785,116.75,83.1493,182.147,267.62,329.966,482.012,608.799,1202.28,1530.67,19.1208,22.3909,71.4816,78.0288,95.6559,154.007,162.875,322.528,338.291,476.53,1041.31,1369.2,9.91916,25.9582,57.6631,76.4103,104.931,143.777,239.914,228.735,529.599,681.837,722.259,1032.41,11.6083,28.6911,54.6079,101.546,95.2488,153.486,198.073,282.412,422.417,578.262,832.042,1038.56,13.1057,26.555,49.4932,79.6164,100.073,127.879,285.014,407.62,398.851,740.096,882.084,1378.91,13.4028,23.9537,68.5059,52.3484,87.0593,146.947,176.43,327.408,407.386,773.857,808.723,1383.07,15.0989,15.9537,43.6171,69.3397,98.7294,126.383,178.816,286.333,413.06,541.956,897.028,1008.87,9.71075,15.0254,40.6092,58.8813,83.9157,130.63,151.461,319.215,371.714,597.126,621.063,1258.03,10.9972,13.9997,27.7622,46.4411,72.9682,117.429,191.99,210.085,336.789,624.986,556.584,871.883,7.28134,14.9206,28.7062,47.9333,65.8418,83.3246,133.261,211.67,239.238,394.42,697.444,743.337,5.35561,8.94255,22.5056,35.8771,63.1255,138.946,91.0932,118.89,294.937,499.357,616.924,846.589,5.2154,9.03724,20.3887,27.0553,43.4153,113.624,135.089,155.219,240.742,321.605,481.491,919.418,4.545,6.15471,15.7909,34.7877,37.7388,76.6969,86.8415,105.596,144.26,304.911,470.851,879.369,4.90331,6.13098,19.5133,35.0211,42.0216,53.0663,118.907,150.38,159.622,353.173,410.874,609.355,3.47814,5.72288,15.5958,25.9669,28.0302,73.177,79.1527,113.508,258.953,289.571,444.12,825.561,3.80587,5.93098,15.5671,18.5838,16.5548,45.2145,56.3609,115.234,251.472,276.131,382.061,824.571,3.30481,5.41531,7.85603,10.3608,35.941,44.2113,42.0514,99.3218,121.679,226.693,313.532,636.415,3.43566,5.31071,11.2763,11.2427,14.5895,34.5203,37.8918,69.7512,107.777,174.007,239.116,644.954,2.46228,4.00887,7.5893,9.8445,15.6502,23.1194,31.8621,60.1007,61.5615,120.913,153.82,343.437,2.82581,3.5624,7.29693,9.93432,14.8758,23.0417,29.0066,50.8053,68.1833,116.933,174.956,296.939,2.78205,3.11768,5.26185,7.79533,10.4435,15.7259,21.8731,50.4434,33.1884,83.3256,94.5543,233.921,2.36158,2.72614,5.27247,6.21082,7.95112,11.2084,16.7897,29.2507,24.3897,56.4164,78.8485,142.849,1.88278,2.15341,3.96136,6.99855,7.26632,8.89913,11.7666,23.3286,23.3634,48.3938,65.7935,76.0068,1.9708,2.65617,3.70552,4.57277,5.91465,7.86274,9.36577,17.7821,24.4928,31.3724,46.6147,87.0676,1.85408,2.32044,3.40868,3.65043,5.46222,7.86907,9.33671,15.7821,19.0229,26.9506,38.423,49.8889
2575,21.4981,25.6782,50.9785,116.75,87.7193,173.518,267.62,355.467,482.012,608.799,1097.4,1530.67,19.1208,27.2376,71.4816,74.3019,121.047,154.007,165.028,307.544,405.621,510.115,1041.31,1421.21,9.66263,25.9582,57.6631,85.4154,107.503,143.777,255.272,241.356,529.599,665.682,690.554,1032.41,11.2976,28.0398,57.205,101.546,95.2488,153.486,198.073,290.117,422.417,578.262,832.042,1038.56,13.2015,26.7318,49.4932,78.7628,105.217,127.879,285.014,399.367,398.851,715.207,882.084,1358.52,13.4028,23.9537,58.9471,53.1757,87.0593,146.947,174.508,327.408,407.386,773.857,781.878,1383.07,14.6359,18.7175,45.5697,69.3397,98.7294,131.787,165.488,302.058,403.862,541.956,899.806,1008.87,9.6699,14.9515,41.8244,58.889,83.9157,127.982,145.643,280.452,371.714,572.787,644.585,1190.81,8.71758,14.0028,23.6759,46.4221,72.981,141.623,189.265,210.946,260.273,624.986,540.426,871.883,7.26147,14.0565,27.9836,47.2899,63.4936,84.4262,135.452,210.519,244.11,394.425,673.035,771.945,6.03873,8.55475,22.3981,35.5797,66.1545,116.658,107.645,124.182,294.927,527.24,661.198,817.101,5.22796,9.19844,22.3322,25.7081,44.1672,101.633,126.548,145.519,240.248,322.664,405.628,919.468,4.55059,6.44262,16.5312,34.9653,37.1598,71.1299,85.0527,109.08,144.31,273.646,470.902,845.012,4.8471,6.0757,22.7715,34.6739,43.3167,53.4313,119.937,146.255,158.917,355.76,410.299,608.011,3.5044,5.12976,15.0619,26.1229,24.1539,75.3583,89.7454,112.612,259.678,296.765,462.278,821.818,3.88213,5.95591,16.4419,15.22,16.8615,43.7807,42.7325,108.183,221.126,275.071,362.498,832.413,3.0798,5.27027,7.15963,9.38816,29.1745,44.9922,49.5789,113.25,120.299,209.159,298.745,565.347,3.29644,5.33841,11.7794,10.2261,14.7079,37.3957,39.5875,73.8692,96.1707,104.333,234.092,594.766,2.48504,3.97872,7.01853,12.1311,18.1535,23.3177,38.9093,61.9982,72.1578,89.5911,152.768,379.163,2.94803,3.28412,6.70874,11.1216,14.0323,22.3953,30.7561,48.6233,68.003,118.874,180.874,313.729,2.80455,3.12453,5.13276,7.837,10.2774,17.0974,18.437,45.9661,40.342,78.378,95.5949,288.414,2.22703,2.88196,4.88223,6.16573,7.86215,11.2701,16.8876,28.4242,24.6444,55.1107,81.6768,142.404,1.94134,2.24985,4.0696,6.10683,7.13371,8.73293,10.9332,22.5649,24.5129,40.7312,65.419,75.1422,1.97405,2.62032,3.67339,4.60759,6.39406,7.76001,9.36615,18.8442,23.311,33.2711,46.2486,84.9666,1.80006,2.35881,3.40544,3.60754,5.4787,8.02991,9.3721,16.6286,19.4055,27.0221,36.8651,50.6684
2600,21.4981,23.1839,50.9785,116.75,87.7193,182.147,267.62,355.467,482.012,608.799,1161.73,1511.78,19.1208,27.2376,69.2874,78.0288,121.047,148.807,165.028,322.528,347.922,552.209,1041.31,1421.21,9.91916,22.8482,58.802,82.8561,106.093,143.777,254.923,216.482,529.599,656.099,782.378,1019.97,11.2976,27.6511,57.205,101.546,95.2488,137.75,198.073,282.412,422.417,560.096,832.042,1052.53,12.8802,27.9178,49.4932,75.6322,102.629,127.879,260.086,379.924,398.851,740.096,882.084,1340.72,13.4652,23.9537,65.9883,55.3766,84.2847,146.947,180.699,327.408,377.619,732.173,808.723,1383.07,15.5536,18.7175,45.5697,65.4566,98.7294,131.787,165.488,312.282,413.06,541.956,858.944,1008.87,9.71431,14.8208,41.8244,58.3484,84.2449,130.608,151.543,324.644,326.191,597.126,521.633,1258.03,10.4818,13.4346,24.5715,46.4459,72.9827,130.746,189.281,210.122,336.765,624.986,593.321,871.883,7.45447,14.2624,28.6449,47.4041,67.3266,79.2005,133.29,210.527,243.934,367.115,515.67,778.249,5.73242,7.96374,21.8957,25.2685,54.838,134.562,108.831,122.764,283.385,499.322,661.144,846.599,5.33857,8.91112,22.2249,22.1056,45.4336,102.704,149.107,155.277,240.319,321.468,405.612,818.047,4.65018,6.0897,15.4527,30.0976,38.7926,89.8744,87.8589,106.235,143.908,308.588,470.925,677.744,4.8974,5.81916,22.5516,34.137,43.1915,45.8754,117.765,138.026,160.64,353.677,410.156,610.037,3.44023,4.94813,17.122,26.4683,23.541,62.5717,88.0729,113.021,266.351,294.795,466.005,834.123,3.74193,5.68091,16.1413,20.0263,16.7231,42.9474,52.1693,110.957,252.174,272.517,370.241,790.192,3.27014,5.57498,7.71028,9.44771,38.7121,44.7778,44.2145,111.985,121.863,204.582,340.445,641.974,2.96168,5.14684,11.3652,11.3697,14.5382,42.3753,39.0628,76.0879,106.794,167.11,232.075,464.001,2.51556,4.23375,7.28566,10.37,18.1629,24.7428,35.7089,59.4602,72.7541,120.275,130.968,352.679,2.81813,3.18816,6.40785,11.2615,14.8174,22.0579,29.3507,55.2181,57.8725,102.243,182.031,313.498,2.63709,3.08642,5.10642,7.50703,10.2248,17.1405,20.24,48.9188,42.6355,69.2945,93.7541,201.867,2.27101,2.90952,5.09001,6.13744,7.80819,11.1956,16.9774,27.7878,24.5242,54.5296,79.0628,146.267,1.93041,2.22463,3.73899,6.07311,7.1189,8.76277,11.6996,21.7797,28.3036,53.7463,60.0552,74.5411,1.93793,2.47522,3.61515,4.64018,6.11045,7.61336,8.26171,19.2625,22.7348,27.9859,45.9654,87.2449,1.90033,2.3061,3.32418,3.76986,5.60524,7.94417,9.39923,16.1003,19.3693,26.6742,37.6461,48.7389
2625,21.4981,25.4355,50.9785,115.619,87.7193,182.147,267.62,355.467,482.012,590.491,1161.73,1373.11,18.233,27.2376,71.4816,78.0288,115.88,154.007,165.028,322.528,441.021,539.787,1041.31,1421.21,8.64697,24.6864,57.6631,85.4154,99.8095,143.777,254.923,228.735,529.599,681.837,722.259,1032.41,11.2976,28.6911,57.205,101.546,95.2488,153.486,198.073,282.412,422.417,578.262,862.322,953.328,13.1057,28.8598,44.8125,78.7628,105.217,127.879,285.199,364.42,399.768,740.096,863.691,1292.02,13.4652,23.9537,65.9883,56.8043,87.0593,143.39,180.699,327.408,407.386,773.857,808.723,1270.54,15.7822,18.7175,45.5787,69.3397,98.7294,131.787,153.522,307.079,453.844,541.956,897.059,1008.87,9.65057,13.7965,41.8327,58.7063,84.2449,126.161,151.461,324.644,368.342,580.52,621.063,1258,10.7046,13.9119,24.929,43.4621,70.4311,139.26,171.237,175.361,268.414,573.21,593.287,871.883,7.38823,14.5638,27.0016,47.9436,65.5839,82.1262,137.644,209.215,237.238,396.426,692.244,778.258,5.77015,9.37964,19.7978,34.574,67.2316,137.037,90.13,121.99,294.846,494.495,661.144,846.59,5.09004,8.62509,22.4127,26.7484,44.0872,103.615,149.045,157.106,240.789,279.172,377.667,919.966,4.08295,5.96866,15.5229,34.0583,35.296,100.885,94.3067,106.705,138.47,286.394,473.701,937.543,4.96166,5.47017,23.6367,33.2769,37.9426,51.2639,116.098,122.79,143.121,337.461,410.158,641.345,3.39753,4.77871,15.2408,22.4027,23.5678,74.0897,77.0689,116.062,261.522,306.181,463.889,768.38,3.64041,5.77061,16.8306,18.9692,16.2687,43.2099,53.261,112.705,250.171,272.747,382.198,824.519,3.22761,5.44009,9.98847,9.58848,22.1728,43.1118,50.7817,101.316,124.135,196.004,304.164,624.994,3.07857,4.92311,9.91399,9.99962,14.6351,40.7422,39.885,76.209,97.1125,172.946,232.76,651.59,2.45764,3.95905,7.28566,10.2727,14.5909,25.5488,35.0512,56.4696,94.7835,123.172,152.237,372.261,3.06774,3.16022,6.74742,10.8379,15.1989,23.2401,31.7306,50.3741,61.3235,92.1284,169.57,284.211,2.69231,3.01536,4.93827,7.89046,10.3275,17.0694,22.2633,47.1068,37.6885,80.72,91.9725,249.307,2.32307,2.9751,4.98086,6.06908,7.6244,11.3827,16.7827,28.2801,24.1216,54.488,77.9845,144.738,1.88107,2.23692,3.75433,7.06817,7.23445,8.29784,11.5438,23.2413,23.7077,43.8687,65.527,73.6765,1.95652,2.52648,3.5995,4.51536,5.7459,7.59524,8.12123,17.3955,23.5022,30.8315,45.2698,81.7111,1.90734,2.38037,3.33991,3.81071,5.52933,7.76819,9.19359,15.5795,18.699,26.213,37.0865,47.8321
2650,21.4981,25.4355,50.9785,116.75,82.5208,182.147,267.62,355.198,497.395,593.849,1161.73,1530.67,19.1208,27.6205,69.3201,78.0288,123.463,154.007,165.028,322.528,355.924,526.757,1041.31,1421.21,10.6725,25.9582,57.6631,84.5424,109.355,144.102,254.923,252.837,529.599,681.837,722.259,1032.41,10.5705,28.6911,57.205,101.546,95.2488,153.486,217.338,282.412,422.417,578.262,794.457,1038.56,13.1057,27.9178,49.4932,79.6885,102.475,119.664,285.014,407.62,398.851,740.096,882.084,1378.91,13.4874,24.0377,65.9883,56.8043,87.0593,146.947,177.544,327.408,407.386,773.857,808.723,1383.07,15.7899,18.7175,43.5245,67.7316,98.7294,131.776,165.488,312.282,413.06,541.956,897.059,1008.87,9.51645,13.8322,41.8387,58.7063,84.2449,105.828,141.665,324.644,356.699,597.126,590.637,1192.38,10.7242,13.6034,25.9212,57.4962,72.9938,136.343,189.292,210.122,336.765,625.033,593.28,871.883,7.31447,13.9239,29.8077,47.2105,61.1215,79.3783,125.011,210.625,243.763,394.475,692.234,778.278,5.94813,9.00733,19.7575,35.3013,58.86,135.653,109.299,120.966,294.864,495.806,661.217,846.727,5.36131,8.23307,21.3874,24.7177,48.2897,101.589,147.752,155.376,222.664,313.29,405.564,887.475,4.47143,5.94815,16.0968,30.6041,36.828,91.6796,94.8544,107.701,117.183,316.366,473.747,803.483,4.14395,5.71023,20.8192,33.6589,41.2773,45.341,112.976,105.524,162.638,356.248,410.109,539.628,3.3589,5.49665,15.6707,18.9227,24.0344,74.1768,89.3635,103.457,274.077,307.583,459.712,838.366,3.56016,5.47983,16.223,17.5777,16.3009,38.7247,51.1499,111.189,217.938,272.613,405.687,818.487,3.22607,5.19488,8.31046,9.57165,32.1829,29.8752,50.6994,108.925,106.699,145.5,320.561,673.711,3.29548,5.62523,10.0848,10.6371,15.1203,35.5618,37.0152,73.9092,106.388,174.521,229.026,661.305,2.50861,3.92666,7.04746,11.0428,15.7943,23.4044,45.9231,57.476,94.9252,128.791,148.505,346.27,2.97201,3.34192,8.26449,9.78207,13.7196,22.2471,31.179,49.4774,67.0925,100.562,175.065,310.716,2.68517,3.12466,5.08782,7.54675,10.3044,17.6942,25.879,45.6614,46.3442,73.5625,97.4161,326.226,2.33234,2.7857,4.99462,6.07371,7.6631,11.1706,16.56,27.6934,24.7516,54.7097,80.5771,140.887,1.90071,2.26206,3.87438,6.76329,7.04095,8.73803,10.5346,23.6573,25.6669,45.7987,64.7052,73.6291,1.89065,2.54111,3.55544,4.42866,6.20923,7.89772,9.44708,18.2468,24.4001,30.9892,44.6127,83.8466,1.87446,2.41286,3.38202,3.63833,5.49487,8.09033,9.13369,15.7673,18.9595,26.2929,37.5341,49.1955
2675,21.4981,25.4355,48.2767,116.75,91.8622,182.147,267.62,335.572,482.012,608.799,1161.73,1530.67,19.1208,27.2376,71.4816,77.9762,119.713,154.007,163.035,322.528,445.525,531.384,1041.31,1421.21,9.91916,25.9582,57.6631,85.4154,104.931,143.777,236.056,230.651,529.599,681.837,722.259,1032.41,11.2976,28.6911,58.3473,101.546,95.2488,153.486,198.073,282.412,422.417,578.262,764.75,1009.22,13.1057,26.8154,49.4932,78.7628,103.705,127.879,285.014,383.487,398.851,591.295,882.084,1378.91,13.4874,23.5256,57.861,56.8043,87.0593,146.947,179.836,327.408,407.386,773.857,808.723,1277.58,15.4576,18.3678,43.4811,67.7826,90.0606,131.776,165.488,284.804,360.575,541.956,897.059,1008.87,9.49982,15.3981,43.3054,45.3415,84.2585,127.067,151.461,323.687,340.501,597.126,592.005,1258,10.7438,13.7237,24.0389,47.0198,72.9827,138.151,179.212,178.889,336.765,558.614,593.28,871.883,7.33268,14.226,29.6607,45.3598,65.1114,89.9754,136.962,210.628,243.754,402.61,611.675,757.408,5.80833,8.97506,22.5919,33.7717,64.9397,136.681,112.142,122.349,294.82,495.813,661.226,846.858,5.56922,8.42351,22.9154,26.7938,44.5454,100.335,149.093,144.974,228.451,314.142,405.6,920.171,4.48572,6.07533,14.7904,33.3617,36.7796,105.084,94.374,98.7338,142.566,316.382,473.737,670.584,4.93998,5.87955,21.0202,33.3323,43.2256,50.3654,111.32,149.893,168.647,338.698,417.065,610.103,3.41339,4.74374,15.6331,24.8281,23.9194,77.0515,88.3498,112.331,269.416,263.1,459.759,830.581,3.70905,5.90218,15.7739,16.0853,16.5568,42.7103,45.7825,109.43,253.229,271.636,369.012,818.427,3.18368,5.09281,7.92714,12.202,27.8383,46.4728,49.1964,110.794,123.265,222.964,305.934,687.698,3.01746,5.19541,11.1443,11.2761,14.7799,39.5698,37.6345,67.6486,87.7711,169.541,229.239,634.337,2.51439,3.61698,7.42489,14.4055,18.4185,24.0447,42.2243,57.668,69.0411,120.443,143.765,292.672,2.95236,3.41686,7.03382,10.1372,14.2808,22.1914,30.5453,48.1784,66.3327,100.112,175.695,285.849,2.68558,3.07725,5.02932,7.74747,10.6,18.9181,22.7121,43.4797,45.3466,78.3453,98.5539,283.426,2.27384,2.84579,4.90467,6.02776,7.77854,11.034,16.6813,27.0758,24.4923,53.7266,78.5482,138.976,1.93531,2.2519,3.6372,6.12373,7.02488,8.59648,10.5413,21.9296,29.4446,43.3411,63.8685,72.7905,1.86947,2.5571,3.50574,4.42016,7.36137,8.78257,9.79009,18.8655,23.6262,29.4603,44.884,81.2243,1.84981,2.28237,3.30305,3.87783,5.43494,8.21625,9.26991,15.8383,19.4692,27.1578,37.4106,46.9812
2700,18.8954,25.4355,47.1592,114.006,87.7193,179.632,267.62,355.467,482.012,608.799,1161.73,1530.67,19.1208,28.8173,71.4816,78.0288,121.047,147.442,156.606,319.675,441.021,539.787,917.02,1408.29,9.91916,25.9582,55.402,75.0147,92.2022,143.777,254.339,226.578,521.266,681.837,719.808,1032.41,11.2976,27.9286,57.205,101.546,95.2488,153.486,197.326,251.852,395.723,553.387,832.042,1026.61,13.1057,27.9178,49.4932,74.5762,107.157,127.879,285.014,407.62,398.851,760.581,882.084,1378.91,13.4874,24.0377,65.9883,56.8043,87.0593,146.947,177.598,327.408,407.386,773.857,808.723,1373.11,15.4623,18.5208,45.8709,61.1195,96.9056,127.637,165.488,295.186,413.06,505.117,897.059,1008.87,9.33852,15.4526,41.3619,58.7154,84.2659,122.331,151.461,281.049,359.817,577.181,621.07,1265.04,9.91064,13.2003,23.7278,47.0094,72.9955,141.763,189.307,211.672,314.332,625.033,582.091,871.925,7.49837,13.2323,29.5498,47.1384,63.7815,91.8588,131.398,204.575,244.302,392.754,691.101,778.293,5.60141,9.0434,23.3819,33.517,59.3032,137.724,110.185,122.501,301.119,509.338,661.274,846.8,5.52734,7.51628,20.2457,27.4186,43.2513,99.6054,151.414,155.28,223.962,314.179,407.811,920.235,4.6085,5.35688,14.2713,29.8791,42.914,92.7542,86.8715,105.392,142.48,272.501,469.514,938.275,5.08516,5.88655,21.1871,31.7187,44.179,53.6688,109.905,153.437,161.733,352.214,417.036,613.747,3.41563,5.3607,16.6909,25.0468,19.3848,76.5849,89.6044,94.0914,261.111,296.159,450.563,830.742,3.65011,5.7814,15.5693,19.0641,16.8152,36.2277,49.0758,108.134,245.367,274.764,351.317,819.547,3.11334,5.29011,13.9974,9.39918,39.8256,43.9622,44.8013,101.98,119.025,225.707,336.299,666.949,3.03773,4.87045,9.428,11.9392,14.6889,39.7508,38.2354,76.9538,104.541,160.628,230.738,644.865,2.58524,4.33168,7.43711,14.3023,18.1267,24.3657,37.2758,57.0222,70.132,106.57,137.418,290.027,2.97037,3.24551,8.05232,10.6591,16.1395,21.0323,29.6261,52.0841,60.8771,96.0473,178.804,274.766,2.43957,3.07387,5.05973,7.62737,10.4662,18.2312,24.7199,45.276,44.0741,78.6107,100.436,294.455,2.25377,2.94771,4.8328,5.86657,7.68777,10.7637,15.9223,27.6168,23.7662,49.6781,74.9821,129.37,1.87263,2.15206,3.57648,6.75442,6.82977,8.44833,11.3522,22.0369,25.1658,46.2584,60.5951,72.0345,1.88376,2.53923,3.66384,4.38499,8.65854,8.61634,8.80613,19.5733,23.5584,29.9393,44.6225,80.3504,1.85152,2.30207,3.28018,3.87806,5.48525,7.95382,9.70133,15.5746,21.3661,28.466,36.4027,48.7887
2725,21.4981,23.4982,50.1722,116.75,87.7193,182.147,267.62,355.467,482.012,608.799,1161.73,1530.67,19.1208,27.2376,65.5957,71.3069,121.047,154.007,165.028,322.528,441.021,539.787,1041.31,1421.21,9.61116,25.9582,57.6631,85.4154,104.931,143.777,254.923,213.597,529.599,681.837,679.789,1032.41,11.1232,24.3759,56.7217,94.9739,95.2488,153.486,198.073,276.028,422.417,578.262,832.042,1038.56,13.1057,26.3857,49.4932,78.7628,105.217,122.109,285.014,398.705,398.851,649.791,882.084,1378.91,13.4874,24.0377,62.657,56.8043,87.0593,146.947,180.699,327.408,407.386,773.857,808.723,1383.07,15.4771,18.7929,45.8709,69.341,98.7294,121.188,161.206,312.282,413.06,541.956,897.059,1008.87,8.92155,15.1713,41.6544,58.7154,84.2669,130.66,151.473,324.618,371.725,597.148,587.411,1265.04,12.1985,13.8853,24.296,46.3107,72.978,141.811,189.307,211.672,336.765,564.004,593.249,871.925,7.44983,15.5607,29.4822,42.306,61.3937,92.1889,133.338,207.437,241.834,392.749,691.111,778.328,5.14837,8.85834,23.2681,33.1006,62.7528,140.146,92.0958,118.002,290.952,510.643,661.358,846.799,5.60844,8.37727,22.3665,27.6491,43.0785,98.559,136.162,154.09,228.125,314.18,407.827,920.272,4.71375,5.3733,14.4989,33.1761,42.0916,88.467,93.06,108.676,142.672,255.077,552.927,938.282,4.84514,5.79076,20.5663,33.1281,34.9622,49.3048,84.5988,151.75,157.021,349.477,416.929,492.76,3.39354,5.13601,18.0189,21.334,27.265,68.5258,80.5135,115.322,211.546,276.006,450.777,830.702,3.75524,5.13988,15.7978,19.9565,16.2624,38.7587,53.0163,107.347,160.783,277.175,358.97,812.406,3.1431,5.50863,14.5985,9.96417,37.1955,42.9833,42.2251,112.76,118.918,212.322,334.192,666.957,3.26854,4.63687,9.73298,9.6562,13.9194,38.4245,35.8533,86.6768,104.221,177.567,217.569,640.501,2.48506,3.94444,7.24272,13.2426,15.3597,23.4462,38.6619,54.8746,94.6856,96.8707,129.119,349.161,2.96226,3.39993,7.14239,10.4829,14.567,22.6978,29.5561,51.322,62.6487,122.976,171.655,297.179,2.537,3.13075,4.90722,7.52124,10.585,18.3955,24.0504,42.8863,34.0693,78.1524,95.8602,228.35,2.20076,2.85368,5.12259,5.88946,7.49137,11.0981,16.5723,26.2559,24.7704,54.6062,74.7531,136.565,1.9806,2.26613,3.77659,6.60873,6.89855,8.17339,11.3223,22.49,24.493,43.4875,63.4666,71.5784,1.82814,2.5076,3.78455,4.27947,6.44856,7.96258,9.34387,20.6738,23.4275,29.7938,44.3746,79.6202,1.933,2.29208,3.29611,4.2505,5.45565,8.01871,9.65826,15.3424,20.6189,28.4417,39.0067,48.2106
2750,18.3266,25.4355,50.9785,112.033,87.7193,182.147,267.62,355.467,482.012,608.799,1111.21,1530.67,19.0097,27.2376,71.4816,78.0288,121.047,154.007,153.902,322.632,441.021,539.787,1041.31,1375.18,9.91916,25.9582,57.6631,82.7859,100.482,143.777,254.923,234.359,505.188,634.543,722.259,1032.41,11.2976,28.8125,57.205,95.4481,95.2488,143.166,184.656,282.412,422.417,546.647,832.042,1071.94,13.0632,27.9178,48.1003,78.7628,85.6706,118.756,274.934,401.423,398.851,740.096,854.346,1378.91,13.4874,24.0377,65.9883,56.8043,87.0593,146.947,180.699,332.908,367.911,773.857,796.362,1383.07,15.3867,18.7929,45.88,69.341,98.7294,117.495,152.509,303.474,413.06,541.956,897.074,1008.87,9.26379,14.63,41.6704,58.7154,84.2669,118.832,139.346,293.945,281.004,597.148,610.161,1265.04,11.9905,14.0038,23.2649,46.8857,72.9669,121.526,189.307,211.672,336.765,625.057,586.465,855.178,7.33517,14.6227,29.3164,47.8002,60.6333,91.0853,133.241,208.742,211.688,397.482,691.106,724.359,5.52371,9.61184,19.7699,34.705,63.1117,140.153,112.174,144.91,231.005,510.657,661.381,812.542,5.19065,8.84439,23.2498,22.9901,44.2755,97.7402,145.385,153.699,237.719,314.155,405.978,909.675,4.39591,5.91823,15.1824,31.5503,41.8498,89.1701,91.1834,102.491,140.189,267.024,448.911,931.434,4.83463,5.21767,20.8315,32.9366,44.9795,53.6068,113.671,141.576,163.035,351.194,347.346,607.649,3.30231,5.99826,16.7049,22.3087,23.1176,73.4722,68.5804,119.477,234.218,299.326,450.705,824.851,3.56946,4.46804,15.018,19.6947,16.2218,42.0926,49.5472,105.366,249.123,263.919,383.939,776.289,2.96281,4.94773,13.9987,8.89317,36.0169,31.1111,46.8011,108.615,121.901,220.709,286.555,667.34,3.10413,5.61602,10.8645,11.1774,14.2863,35.7826,37.6339,94.4085,98.9034,166.872,225.538,598.302,2.43084,4.07352,6.64916,11.37,18.5201,23.2352,48.3536,58.3416,95.5537,87.4,150.072,333.102,2.94265,3.30067,7.41925,9.81121,15.7221,21.8127,28.4423,56.9777,65.5073,102.737,151.694,282.753,2.65156,3.1546,4.9395,7.26238,10.35,18.6601,25.0842,45.6215,45.6677,67.6783,97.5905,311.515,2.21703,2.77781,4.8547,5.77635,7.37199,11.0371,16.418,27.6598,24.4594,53.3383,77.4433,128.407,2.07357,2.29034,4.00202,6.55993,6.84934,8.38905,10.8305,23.391,26.4516,43.0377,63.1323,71.6167,1.83052,2.4818,3.5196,4.26257,7.79135,8.24654,10.3927,17.4956,23.1559,29.1397,44.439,77.7951,1.8615,2.2826,3.27162,3.89947,5.30469,8.00357,9.49823,15.3488,19.296,28.0813,37.1795,49.4452
2775,21.4981,25.4355,50.9785,113.309,78.7057,182.147,267.62,355.467,482.012,608.799,1161.73,1530.67,19.1208,27.2376,71.4816,78.0288,121.047,154.007,162.875,322.528,338.291,539.787,1041.31,1284.2,9.91916,25.9582,57.6631,79.5951,108.469,143.777,254.923,228.735,529.599,681.837,688.076,1032.41,11.6083,28.4116,57.205,101.546,95.2488,149.18,194.986,282.412,412.667,578.262,781.601,1005.46,13.1057,27.9178,49.4932,79.6164,105.217,127.879,253.25,407.62,405.236,740.096,882.084,1343.61,13.4874,24.0377,68.5059,56.8043,87.0593,150.248,166.618,327.408,348.632,699.056,808.723,1383.07,14.6067,18.7929,45.88,64.6202,104.209,131.764,165.488,312.282,413.06,542.05,832.966,990.104,9.82665,15.0599,41.6858,57.6819,83.0215,130.649,151.461,319.206,374.07,597.148,621.07,1265.04,10.7843,14.1747,24.2377,45.9546,73.0101,117.611,189.307,211.729,334.596,625.057,593.169,871.925,7.05812,13.8477,28.4523,48.7009,64.7818,88.0643,121.817,209.376,232.915,384.069,704.208,730.577,5.53779,8.54479,24.4865,35.8005,66.232,130.757,112.802,137.178,301.181,460.197,610.187,839.367,5.53204,9.29179,22.1628,21.5836,44.9681,111.031,146.544,155.017,237.716,313.95,405.974,909.764,4.38015,6.7315,14.1845,31.4595,42.9351,89.9435,90.5998,101.17,148.503,311.059,469.544,931.419,4.92953,5.66442,20.5549,32.1317,43.3219,53.309,120.718,121.15,144.331,347.471,417.371,608.853,3.38048,5.91653,17.4163,20.3083,22.7931,62.5901,89.7653,115.135,249.486,287.047,449.279,653.547,3.49982,5.09371,14.0005,17.6746,16.53,44.046,42.6361,108.082,198.874,269.147,372.792,727.983,3.00425,5.27519,13.8306,10.1426,31.9112,42.6999,47.5601,111.511,130.205,204.135,335.408,661.825,3.08578,4.81212,10.6565,10.6943,14.0991,39.7794,33.7819,91.6945,102.603,160.242,225.734,649.135,2.69662,3.73673,7.15758,14.8246,18.6915,23.066,46.5672,53.5993,92.8954,111.727,138.354,369.973,2.85306,4.05576,7.30656,10.0487,12.4356,20.7247,28.9689,48.7215,64.473,97.3803,166.381,285.872,2.53503,3.133,4.86111,7.57199,10.4985,18.2092,29.8855,45.3071,45.0551,76.6209,95.1523,305.8,2.18861,2.81612,5.06354,5.77155,7.47897,10.9596,16.3687,26.626,24.2084,52.1847,73.8104,128.59,2.04847,2.20182,3.76863,6.23535,6.91342,8.53709,12.1559,21.8326,28.281,47.1768,58.8235,73.3057,1.89059,2.51449,3.68736,4.34316,8.34257,8.78304,9.53316,19.0544,22.5657,28.6068,43.6719,76.6469,1.90719,2.21317,3.25592,3.93753,5.38841,7.9024,9.47239,15.2325,20.2725,28.0108,36.6641,47.3309
2800,21.4981,24.2358,51.515,110.655,87.7193,182.147,267.62,355.616,482.012,590.747,1097.4,1530.67,19.1208,27.2376,71.4816,74.3019,106.354,154.007,165.028,282.823,331.937,518.54,1041.31,1354.19,9.91916,23.7278,57.6631,85.4154,104.931,138.834,219.101,228.735,541.899,681.837,722.259,1032.41,11.2976,28.822,57.205,101.546,95.2488,150.675,198.073,282.412,422.417,578.262,832.042,1038.56,12.7216,25.3543,49.4932,76.9393,105.217,127.879,285.199,436.616,398.851,740.096,801.32,1358.52,13.4874,24.0377,65.9883,48.7199,69.6105,137.353,180.699,323.63,407.401,773.857,781.878,1353.51,15.3867,18.7929,45.0088,69.341,98.7294,131.764,144.032,312.282,352.653,541.956,897.074,1008.87,9.19947,13.9677,41.6938,56.537,84.2699,116.408,153.286,324.603,371.725,597.148,645.841,1265.29,11.2115,13.045,24.1888,45.9546,73.0101,128.226,189.318,211.729,322.37,625.057,593.148,871.925,7.97559,13.6908,24.8875,47.6939,60.9081,91.9838,136.306,209.399,239.577,377.349,674.127,778.424,5.65735,8.88898,24.0369,36.4819,67.1849,140.77,112.733,129.112,278.541,510.393,661.465,839.328,5.29091,9.12596,22.8105,27.0073,44.2122,101.11,147.218,135.736,242.364,313.964,405.986,905.559,3.98424,5.16329,14.5474,31.7827,45.9339,78.9452,91.7634,105.88,137.677,308.81,473.588,931.773,5.31009,5.4136,20.1498,30.6403,36.5543,51.0709,121.049,128.14,139.068,345.769,417.244,610.388,3.30174,6.2311,14.5653,24.974,23.8464,76.2933,94.5933,115.705,237.738,270.497,441.907,833.849,3.45785,5.00133,13.3424,19.7122,18.4168,41.5663,49.0896,92.7216,258.566,271.317,370.536,799.199,2.93082,5.66518,10.1584,9.48528,40.6787,42.9673,44.2182,111.601,126.077,175.013,303.865,588.541,3.23918,4.55613,10.343,17.9479,9.94786,34.9504,36.388,91.0957,91.3368,169.275,225.379,633.914,2.86768,4.31547,7.31701,16.4189,18.7917,23.9069,35.9248,71.3908,73.0203,97.0368,140.223,338.505,2.90686,3.95501,7.05385,9.63609,15.7568,20.3834,29.8139,57.2246,62.7121,116.639,162.013,262.067,2.44218,2.99353,5.11427,7.46866,10.4276,18.2229,28.8609,43.1011,32.5609,70.7891,92.2077,302.62,2.18424,2.83429,4.79667,5.62246,7.57403,11.0503,16.3861,27.9806,23.7059,49.2467,77.7115,122.641,1.9569,2.13652,3.87166,6.37563,6.62129,7.85954,12.0297,22.1456,24.6115,45.5418,62.105,70.3759,1.96887,2.50805,3.79153,4.19601,7.85368,8.74119,9.99309,19.7055,22.3621,28.9023,43.3392,72.6989,1.86978,2.19657,3.30101,4.14299,5.49776,7.66789,9.83182,15.1952,21.0858,30.017,37.8331,47.4864
2825,21.4981,25.4355,50.9785,111.961,85.1403,182.147,271.723,324.554,482.012,608.799,1161.73,1530.67,19.1208,27.2376,71.4816,78.0288,115.01,154.007,165.028,322.528,441.021,539.787,1038.6,1250.76,10.6049,22.8482,57.6631,85.7026,102.285,143.777,254.923,228.735,529.599,681.837,722.259,1032.41,11.2976,28.6911,57.205,100.005,94.8841,153.486,198.073,282.412,422.417,578.262,832.042,1038.56,13.1057,27.9178,49.4779,78.7628,97.6228,127.879,221.287,407.62,398.851,741.923,882.084,1253.69,13.4874,22.427,65.9883,56.8043,87.0593,146.947,176.437,327.408,377.635,773.857,802.426,1383.07,14.9678,18.7929,37.9981,69.341,93.8844,131.764,165.488,287.363,413.06,539.58,897.074,942.987,9.28434,15.6319,41.6985,61.0854,86.2064,128.084,148.671,324.603,351.501,597.148,621.07,1265.29,11.2345,14.0101,24.5985,43.0936,73.0036,119.22,189.318,211.729,336.741,624.986,593.162,871.925,7.64288,13.9259,26.4735,45.3329,65.8188,88.6406,134.907,208.358,217.888,388.728,663.353,769.036,5.65744,9.03117,24.6596,32.1363,68.0809,140.787,99.3044,121.516,294.991,510.382,661.446,836.762,5.63703,8.60904,22.8864,26.4371,45.9335,94.3167,145.883,157.343,242.345,312.85,406.027,905.525,4.55462,6.84269,16.351,31.9207,43.7568,78.1506,91.9489,109.07,138.776,308.783,470.773,931.752,4.91778,5.31855,19.2777,33.3432,42.0408,49.5595,114.773,153.772,159.316,338.585,417.171,607.154,3.23469,6.42929,17.4552,20.681,21.9003,60.0061,88.6086,109.482,259.732,305.462,400.842,801.427,3.42825,5.06839,14.1835,19.5694,15.9576,41.183,47.7691,81.4403,250.973,273.374,272.459,804.79,3.02181,5.53048,13.4267,8.86538,34.9872,44.5328,47.1099,113.085,119.382,199.226,317.97,625.732,3.16341,5.22296,9.7708,16.4812,14.1901,36.0879,35.4466,94.4359,98.461,168.191,227.511,540.972,3.05342,4.46833,6.73055,15.6968,17.8155,24.4374,54.5826,53.458,63.881,118.123,134.858,349.478,2.62603,3.68346,6.80854,8.95611,15.0689,21.6003,28.1253,60.2185,63.6393,97.0898,173.603,270.431,2.70128,3.11551,5.47589,6.80966,10.1055,18.454,24.527,43.6399,36.8907,69.5988,93.9857,316.626,2.09786,2.72033,4.97055,5.61209,7.43705,10.8623,16.3475,27.6478,24.4005,53.8941,77.0611,127.181,2.00862,2.23312,3.75521,6.39818,6.52336,8.10801,10.5171,22.3226,25.823,44.1557,61.4636,69.5598,1.9713,2.42792,3.70286,4.24324,7.21754,8.46968,10.3264,19.4198,21.9406,28.5393,44.3737,74.6331,1.80859,2.27433,3.2788,4.09037,5.55818,7.67766,9.572,15.0579,20.2573,29.2055,37.8064,49.6857
2850,21.4981,23.9346,49.2354,101.369,87.7193,182.147,267.94,355.467,482.012,608.799,1161.73,1373.11,17.9955,27.2376,71.4816,78.0288,114.5,154.007,165.028,322.528,367.297,528.055,1041.31,1421.21,9.01327,25.4416,57.6631,85.4154,99.8095,143.777,254.923,228.735,529.599,681.837,744.102,1032.41,11.2976,28.6911,57.205,101.546,95.2488,153.486,198.073,282.412,422.417,578.262,832.042,1038.56,13.1057,27.9178,49.4779,78.7628,105.217,129.227,285.014,382.76,398.851,580.379,863.691,1378.91,13.4874,19.8094,65.9883,56.8043,87.0593,156.851,180.699,323.277,407.401,742.425,808.723,1383.07,15.5143,18.1708,45.88,69.341,98.7294,131.776,165.488,279.6,413.06,541.956,897.074,1008.87,8.864,15.378,41.6985,61.0854,82.8495,124.959,146.028,324.603,333.295,580.553,621.07,1240.03,10.2934,13.6099,28.2048,44.1855,71.9927,130.025,189.318,163.942,328.912,630.232,593.176,871.925,7.68427,13.1694,28.3842,43.9754,62.5027,90.0135,135.74,206.422,238.598,395.832,696.402,778.343,5.86596,8.87399,24.0128,35.9346,51.4356,138.403,78.3137,121.474,292.809,510.353,661.455,844.466,5.49361,8.75933,21.1361,27.8169,44.5182,102.125,120.76,159.283,238.345,324.63,406.064,916.351,4.17166,6.5001,14.6965,34.3824,40.038,86.7472,92.2698,107.474,141.126,271.168,466.693,939.727,5.05384,5.2027,19.0939,32.6462,39.5213,53.9352,117.258,156.832,159.394,336.33,358.803,632.395,3.20818,7.37594,15.6865,22.5333,23.1248,69.3793,95.827,115.23,257.156,263.448,443.227,842.157,3.42075,5.01417,15.2119,16.2665,16.5162,39.948,43.43,107.461,232.293,278.785,374.424,791.748,2.99751,5.51662,12.6929,9.28126,31.5683,44.0562,42.9912,110.56,119.834,228.068,336.667,654.22,3.04016,5.35896,10.2419,15.8524,9.98562,37.6973,34.8504,85.6093,94.8943,161.418,225.644,649.853,3.08707,4.5756,7.44993,15.7904,17.5222,23.6124,54.4774,53.3553,89.5749,95.3664,128.555,299.311,2.86611,3.83004,7.57086,9.26002,14.373,21.7263,28.7322,58.4891,61.303,97.5241,170.206,282.72,2.45855,3.02386,5.15687,7.50594,10.0915,18.5943,22.4318,42.3938,27.7418,64.9826,94.3429,299.889,2.12652,2.65683,4.81039,5.78524,7.21492,10.6983,16.4127,27.337,24.4159,52.6127,75.4859,126.673,2.10848,2.23957,3.82862,6.18142,6.56958,8.43159,12.3566,22.8435,28.5818,45.3045,60.7628,71.664,1.92197,2.43876,3.65297,4.20081,7.66222,8.79741,9.47463,19.0016,21.3984,29.2414,44.976,72.0681,1.8535,2.22738,3.17496,3.99729,5.35268,7.56938,9.54987,15.0379,20.3359,28.5965,37.411,46.8354
2875,21.4981,25.4355,50.9785,116.75,87.7193,156.682,267.62,327.072,478.848,608.799,1161.73,1530.67,19.1208,27.2376,71.6373,78.0288,121.047,154.007,165.028,282.752,441.021,539.787,1041.31,1421.21,9.91916,25.9582,57.6631,85.4154,104.931,143.777,254.923,255.203,529.599,673.837,722.259,1032.88,11.2976,26.4002,57.205,79.2134,92.3379,147.793,206.251,282.412,414.388,578.262,832.042,1038.56,13.1057,27.9178,49.4779,78.7628,104.562,127.879,285.014,390.323,398.851,740.096,882.084,1378.91,13.4874,24.0377,62.337,56.8043,87.0593,146.947,181.148,324.389,358.434,773.857,808.723,1383.07,15.523,19.0453,44.7566,69.341,98.7294,131.776,165.488,312.282,395.636,541.956,897.074,1012.99,9.17722,14.5546,41.6925,60.0682,84.2879,107.795,151.147,296.491,337.507,597.165,621.084,1103.16,9.72519,13.3296,24.8978,45.7693,70.7632,130.037,189.318,211.696,336.75,624.986,593.158,871.925,7.50953,13.4755,28.6856,48.0421,59.4863,82.8188,124.905,206.416,238.528,393.162,696.315,778.347,5.50671,7.59062,25.1348,36.0944,52.3518,136.133,114.14,122.252,292.899,510.47,558.277,844.408,5.34433,9.42108,20.0595,25.2363,44.3551,100.319,140.064,154.262,232.762,357.072,406.108,899.094,4.51949,6.48676,15.4318,33.5447,43.2036,84.7802,89.5044,110.568,142.91,311.044,466.676,868.906,4.96705,6.36386,19.9826,32.1196,42.9668,48.6681,117.627,128.631,161.772,348.559,417.135,610.261,3.15456,6.90429,17.9242,24.0679,23.8745,81.5529,88.2022,108.79,250.61,273.733,439.475,706.998,3.37062,5.04758,15.0577,17.7019,15.8126,42.5114,40.8028,106.902,239.997,258.895,374.238,793.022,3.05522,5.42947,12.9677,9.37153,35.6198,43.6577,38.5954,109.434,117.535,221.515,338.133,629.76,3.12814,5.37316,9.75781,11.7357,13.9063,37.6197,29.0941,90.2599,103.643,163.554,224.554,611.222,2.97482,4.56418,7.23502,16.3836,17.5593,23.2002,50.8127,52.9106,75.2215,103.483,139.218,360.759,2.87404,3.94763,7.48311,9.52851,13.9562,19.4324,28.1387,55.2019,58.3895,91.5275,174.504,258.917,2.48636,2.88504,4.94307,7.2695,10.1988,18.3224,24.8875,41.7793,28.3818,94.9739,89.5831,298.504,2.1086,2.7269,4.87144,6.08154,7.47264,10.5899,16.4783,27.6265,23.1146,47.7255,75.4901,119.651,2.0323,2.18337,3.94424,6.17104,6.60029,8.04204,12.036,21.5896,27.7396,44.4533,59.0696,68.6472,1.91584,2.40943,3.48959,4.23151,7.36991,8.54768,9.65503,19.1143,21.1864,27.0992,43.1988,69.8769,1.86669,2.16767,3.1643,4.08369,5.56218,7.52472,9.51399,15.2317,20.9123,29.2541,37.2847,48.4305
2900,21.4981,25.3338,50.9785,116.75,87.7193,182.147,267.62,355.467,482.012,608.799,1161.73,1530.67,19.1208,24.439,69.9655,74.6442,126.302,154.007,165.028,322.313,441.021,539.787,903.078,1421.21,9.80582,25.6713,57.6631,94.6242,104.931,143.777,254.923,228.735,529.599,664.665,722.259,1032.41,11.2976,28.6911,58.3473,101.546,95.2488,153.486,198.073,282.412,382.825,578.262,832.042,1217.87,13.0408,27.9178,49.4932,66.5028,105.217,127.879,285.014,383.487,398.851,591.295,882.084,1378.91,13.4874,24.1279,57.861,56.8043,85.6948,140.369,179.836,329.758,407.401,769.377,782.189,1383.07,15.0321,19.0453,43.79,67.5979,98.7294,131.776,182.8,312.282,413.06,522.75,897.074,1008.87,9.37296,14.4869,42.9325,57.3455,79.7766,132.05,147.909,323.642,340.518,597.165,621.084,1250.05,10.1065,13.3264,24.2433,41.2832,71.1303,130.072,170.368,211.716,336.75,624.986,593.145,785.888,7.80639,12.2349,27.409,44.8296,64.5848,87.8943,133.741,204.497,242.881,393.129,637.787,778.357,5.7349,9.13991,22.7448,31.5343,53.4007,138.549,94.7823,122.214,292.873,510.466,661.523,844.428,5.39412,9.30313,22.3025,27.4479,43.4663,91.6672,140.109,147.593,232.526,312.565,406.15,916.533,3.94633,6.52072,15.5033,34.5955,40.4704,84.5826,90.1739,123.395,142.721,311.113,465.246,932.5,4.96411,6.58594,19.3733,29.1308,41.0762,46.6162,86.5015,130.031,169.424,327.991,417.115,549.654,3.35251,6.95873,17.9068,25.4668,23.4944,70.4626,92.1716,102.377,202.718,309.101,403.075,752.871,3.60828,4.97322,14.9946,19.0273,14.6627,36.0548,43.5,104.372,249.406,272.533,378.66,779.416,2.99032,5.06882,13.582,11.4744,35.0471,24.6157,47.8994,103.753,123.554,211.517,336.11,682.941,3.18594,4.68657,7.9559,15.1942,13.5618,37.1837,35.1742,88.0047,85.7037,173.947,210.643,587.72,3.05313,4.20718,7.32892,15.1982,16.9446,23.4067,42.1183,51.9501,93.8315,95.3168,115.948,362.773,2.88924,3.8907,6.47856,9.18425,13.8398,21.5282,30.7864,58.0969,59.7602,114.452,175.637,287.607,2.47023,3.15603,5.99514,7.22516,10.0423,19.1776,30.1217,38.9295,33.1686,92.2754,86.1813,263.401,2.11331,2.73815,4.85209,5.65563,7.32128,10.7028,16.9612,26.8381,24.0355,53.1779,71.6776,122.606,1.97346,2.29282,3.75176,6.26241,6.35818,7.75683,11.2346,21.113,23.0383,43.6233,59.6288,70.2397,1.90846,2.35822,3.54647,4.33637,7.06272,8.34572,10.0989,20.3649,20.7539,29.1664,45.5621,71.8232,1.78877,2.26668,3.2418,4.08257,5.54608,7.63946,9.56673,15.7121,22.6131,29.2759,38.4242,46.9605
2925,20.9266,25.4355,50.9785,116.75,79.7284,182.147,267.62,355.467,451.269,608.799,1161.73,1530.67,19.1208,28.8173,71.4816,78.0288,121.047,154.007,165.028,334.981,441.021,539.787,1041.31,1291.93,11.2642,25.8715,55.402,85.4154,104.931,135.866,254.339,229.018,529.599,659.851,719.808,1032.41,11.2976,27.8417,57.255,101.546,95.2488,153.486,198.073,275.117,422.417,552.401,805.982,1039.21,13.1057,27.9178,46.8276,74.5762,105.217,127.879,264.489,407.62,398.851,740.096,882.084,1237.49,13.4874,24.1279,65.9883,56.8043,92.9434,129.819,176.979,327.408,407.401,773.857,808.723,1383.07,14.9881,18.9033,45.8709,61.0984,95.9306,132.469,165.488,312.282,413.06,505.117,857.329,1008.87,9.53253,15.6039,41.7005,55.5305,83.0635,130.097,152.531,324.589,359.893,597.165,621.084,1265.49,9.60139,13.4242,24.5323,45.1871,71.1422,121.583,189.343,211.698,261.114,625.057,593.131,871.946,7.68832,13.1652,28.6672,48.0396,63.961,91.8702,123.267,194.883,242.889,395.965,696.335,778.345,5.8732,9.45111,24.2055,36.395,63.9644,140.557,90.0407,122.709,292.876,510.438,661.549,758.606,5.29458,9.33261,22.2682,28.9731,40.891,99.4646,144.286,158.216,242.477,315.558,396.896,916.57,4.1374,5.93198,13.5533,30.8849,42.189,83.5364,90.515,108.769,119.231,311.14,465.591,933.218,5.08718,6.62288,18.6833,30.4856,44.7662,52.4601,111.368,151.085,148.48,313.288,417.033,608.713,3.20653,7.02519,17.0104,26.2126,23.4883,72.5926,71.8151,107.527,257.48,275.975,438.474,830.356,4.35275,4.43812,14.771,16.5981,15.6845,37.3685,47.9768,104.25,255.969,270.172,375.097,779.367,3.09169,4.89445,13.2382,9.43117,40.0898,30.363,46.1172,101.332,109.254,189.302,331.8,658.929,3.19629,5.23393,10.2432,11.8034,14.0749,35.6046,35.7484,89.6594,107.914,97.3304,220.82,619.479,3.06764,4.89097,6.85078,12.6002,16.5151,23.9725,37.9678,41.9036,90.6304,98.7325,138.61,345.039,2.89732,3.4585,7.79777,8.81126,14.0151,20.1863,26.7746,48.7584,60.8679,93.1753,170.572,248.745,2.57094,2.91754,5.59683,6.91458,10.268,19.7681,26.7135,41.2872,47.4081,72.7646,91.7486,303.938,2.18959,2.47472,5.14994,5.66982,7.1008,10.5084,16.3057,26.0795,23.7696,52.3251,72.3566,121.218,2.23562,2.24397,3.96323,6.2707,6.23092,8.38603,12.2244,23.0754,25.4036,46.4368,58.8918,67.6411,1.98512,2.38708,3.56954,4.26231,7.07593,8.86354,9.91161,18.4031,20.6369,29.9603,47.415,70.6671,1.80065,2.2,3.20131,4.06872,5.23431,7.67806,9.54738,15.9333,22.2615,28.5519,36.8425,48.0344
2950,20.4714,23.6,50.1722,113.314,89.7045,182.147,267.62,355.467,461.433,608.799,1161.73,1530.67,19.1208,27.2376,71.4816,71.3069,121.047,154.007,158.947,322.528,441.021,539.787,1041.31,1421.21,8.82162,25.9582,63.5798,85.4154,104.931,175.216,254.923,226.922,529.599,681.837,812.667,1032.41,11.2976,26.9621,56.7217,99.7306,95.2488,153.486,198.073,282.412,452.234,578.262,755.284,1038.56,13.1057,27.9178,49.4932,78.7628,105.217,127.879,228.089,393.197,398.851,649.791,882.084,1378.91,13.0157,23.3966,65.9883,56.8043,88.8993,146.005,180.699,327.408,395.16,773.857,808.723,1383.07,15.1896,18.81,45.8709,69.341,98.7294,131.787,165.488,312.282,362.42,541.956,897.074,1008.87,9.69777,15.7476,41.7005,57.6635,83.0471,132.05,145.876,324.622,324.916,597.165,621.084,1132.29,9.59329,12.8484,23.427,45.3195,68.5238,121.408,189.343,211.718,336.75,625.057,593.131,896.188,7.54236,13.3016,28.1249,48.2511,62.3695,83.5093,133.324,208.607,242.904,395.96,675.392,778.396,5.68458,8.73184,25.2885,35.4983,62.2503,139.116,114.969,123.377,246.955,478.464,661.549,844.487,5.28352,9.56462,20.9101,29.7321,43.6176,100.291,132.997,160.18,251.65,315.107,465.159,916.703,4.46827,7.38948,14.614,35.3807,43.1932,77.7827,86.8573,109.422,139.932,314.575,465.614,933.305,4.94967,6.78529,18.7787,32.3152,43.8701,42.6347,111.134,152.245,162.212,350.989,417.248,427.983,3.39101,5.98041,17.213,25.1052,21.7453,75.4282,87.9084,113.915,224.387,300.516,438.529,730.149,4.05604,4.94515,14.1541,19.9975,15.6323,42.0247,43.1894,97.5239,242.09,273.337,371.023,779.601,2.9869,5.20146,7.86969,10.7849,36.3035,43.9651,43.5406,114.107,124.028,218.605,337.805,662.98,3.07942,5.42086,9.28381,15.1975,14.0766,37.8854,35.1406,80.534,100.243,162.254,222.282,613.237,2.83817,4.76937,7.33622,16.5734,16.3456,22.9675,39.6625,52.7347,78.7704,93.0353,148.402,345.621,2.79713,3.94562,7.47559,9.15794,13.321,20.3842,29.2254,45.3818,55.4717,113.567,164.735,262.7,2.68839,2.85293,5.36769,7.18561,10.4617,19.3909,21.8814,38.795,27.8497,71.0906,90.0877,282.373,2.19767,2.54085,4.77815,5.94424,7.45387,10.5462,15.7221,26.624,23.5994,50.6897,71.6478,117.793,2.29925,2.39726,4.25226,5.89085,6.52814,8.6311,12.2933,22.3301,28.0814,44.3794,57.7431,67.4286,1.93735,2.36038,3.45638,4.23778,6.9843,9.17483,9.6981,18.7869,20.5555,29.3325,52.4149,69.5253,1.85305,2.22296,3.19726,3.99988,5.335,7.51053,9.30098,15.7009,20.8465,27.7784,36.0379,46.1051
2975,21.4981,25.3653,50.9785,116.75,87.7193,187.735,251.24,355.467,482.012,590.747,1102.78,1530.67,19.1208,27.2376,71.4816,78.0288,102.047,140.526,156.606,322.632,489.284,539.787,1041.31,1421.21,10.9906,25.9582,57.6631,85.4154,98.8539,143.777,254.923,238.088,424.214,573.675,722.259,1032.41,11.2976,28.6911,56.6467,101.546,95.2488,133.209,198.073,282.412,414.135,578.262,832.042,1016.5,13.0632,27.9178,49.4932,78.7628,105.217,127.879,285.014,384.433,398.851,740.096,978.76,1378.91,13.0407,24.0305,64.1003,56.8043,87.0593,146.947,180.716,332.9,407.401,773.857,814.175,1383.07,14.9709,18.81,46.2423,69.341,98.7294,131.787,162.142,305.827,377.237,541.956,897.074,1012.12,8.87307,15.3334,43.7049,58.6274,83.0406,132.05,136.973,281.08,371.737,597.165,621.084,1265.67,9.21859,13.0543,24.4429,45.976,71.1422,122.398,189.343,211.718,279.352,625.057,593.138,871.946,7.8903,12.6493,26.103,47.6066,54.7905,90.6199,132.724,209.541,244.472,396.114,537.498,748.812,5.62115,10.5699,27.0596,34.1885,63.8599,123.403,102.038,125.426,280.938,510.56,661.631,844.497,5.0793,9.41791,20.6994,29.4376,43.3098,97.1304,142.178,158.191,245.944,314.024,406.192,916.787,4.22467,6.37285,15.5968,34.4243,42.8994,86.5967,88.6959,113.827,137.389,314.605,465.221,933.535,4.84323,6.81139,18.1817,33.0165,33.4168,55.0817,115.261,158.364,163.387,348.408,417.175,608.724,3.37438,6.63104,18.169,22.1157,20.0659,50.6839,88.0387,101.993,247.782,298.228,435.078,838.284,4.10461,4.86201,14.3199,20.3496,17.6527,36.0172,46.4229,97.1146,249.59,258.294,369.48,778.912,2.99179,5.11162,10.1934,9.34535,39.8281,44.1436,38.4927,110.43,125.564,215.713,334.132,663.322,3.46013,5.25807,9.8138,11.9696,14.1336,32.9372,24.7096,87.8721,100.973,176.18,216.822,612.415,3.1422,4.73273,7.29136,16.7233,15.6941,21.2357,40.1605,52.3357,87.256,98.7803,129.364,327.532,2.6955,3.87707,7.46462,9.55132,13.8938,21.4866,28.8516,56.9226,59.9916,93.8331,144.856,269.572,2.59418,3.07996,5.54112,7.05514,9.97554,19.6444,25.9968,39.9877,44.1114,90.9169,86.377,286.374,2.13009,2.69296,4.71099,5.59647,6.95586,10.2755,15.9487,25.8471,23.1245,48.1662,64.5587,116.853,2.10591,2.34289,4.19735,6.13991,6.55028,9.13102,11.4231,21.5093,31.5944,46.2816,57.9064,66.8025,1.88285,2.31813,3.5139,4.29637,6.87523,9.11156,9.75687,19.1397,20.2152,31.0958,46.3748,67.6647,1.79345,2.15158,3.23128,3.84052,5.60568,7.47411,9.45063,15.7327,22.2641,28.9896,38.0686,46.7118
3000,19.9358,25.4355,50.9785,116.75,83.1493,182.147,267.62,329.966,482.012,608.799,1202.28,1530.67,19.1208,22.3909,71.4816,78.0288,95.6559,154.007,162.875,322.528,338.291,476.53,1041.31,1369.2,10.9906,25.9582,57.6631,76.4103,104.931,143.777,239.914,228.735,529.599,681.837,722.259,1032.41,11.6083,28.6911,54.6079,101.546,95.2488,153.486,198.073,282.412,422.417,578.262,832.042,1038.56,13.1057,26.555,49.4932,79.6164,100.073,127.879,285.014,407.62,398.851,740.096,882.084,1378.91,12.9688,24.1205,68.5059,51.9903,87.0593,146.947,176.454,327.408,407.401,773.857,808.723,1383.07,14.474,15.8703,46.2423,69.341,98.7294,126.383,178.824,286.35,413.06,541.956,897.074,1008.87,9.29672,15.2746,42.6385,61.1717,83.0342,132.05,152.526,319.268,371.751,597.198,621.084,1265.67,9.11333,13.3837,27.7577,46.0348,71.1541,116.877,189.343,211.718,336.679,625.033,556.389,871.946,7.4837,13.8973,27.6239,47.5804,66.5684,82.4612,130.438,207.589,232.59,396.14,675.471,743.499,5.19464,8.93364,26.3338,34.6618,64.5117,140.098,91.213,119.615,287.861,510.56,610.433,844.508,5.46248,9.74775,21.3342,28.6036,44.5193,115.396,133.917,160.146,242.914,314.014,480.728,916.767,4.42861,6.33575,15.4699,32.6861,43.1579,73.5129,85.393,108.105,139.66,302.99,465.157,879.513,4.73736,6.0456,18.7346,32.7976,42.3958,52.8527,83.7374,151.955,159.163,346.488,421.8,605.897,3.34344,6.49597,17.9408,24.7167,27.029,72.3064,80.2996,112.165,251.603,289.51,433.384,828.078,3.95544,4.95193,13.3434,14.5112,15.1986,40.4453,46.9048,104.258,246.501,269.21,371.96,786.815,2.87476,5.29831,13.0241,9.86449,35.2163,42.486,38.3634,99.993,117.154,215.988,303.714,638.285,4.03549,4.95477,9.65716,14.994,13.6757,34.9322,34.1949,87.3056,99.7127,173.233,220.786,619.032,3.04362,4.9021,6.94952,16.54,15.6436,22.7653,43.3535,50.8573,73.1694,108.148,132.53,325.292,2.71464,3.49152,7.15507,9.26529,14.832,19.6993,26.9801,53.9625,61.4242,100.208,166.569,255.678,2.57254,3.76181,6.48262,6.62032,9.78282,19.8401,29.5872,38.0072,33.6026,89.5048,85.9195,246.041,2.1323,2.48539,4.90668,5.84912,7.25354,10.4206,17.1144,25.354,23.346,51.5993,65.5937,118.15,2.24467,2.50278,4.06171,6.23958,6.15556,8.38817,11.0258,21.0338,24.1987,45.934,57.1496,66.6106,1.918,2.28761,3.39115,4.17651,6.62004,8.70312,9.98454,19.6646,20.0443,33.1311,50.0871,68.869,1.74611,2.18261,3.12773,3.97711,5.44805,7.58581,9.3,16.3154,21.8282,29.0125,36.6855,48.3493
3025,21.4981,25.4355,50.9785,116.75,87.7193,173.518,267.62,355.467,482.012,608.799,1097.4,1530.67,19.1208,27.2376,71.4816,74.3019,121.047,154.007,165.028,307.544,405.621,510.115,1041.31,1421.21,10.4126,25.9582,57.6631,85.4154,107.503,143.777,255.272,241.406,529.599,665.682,690.554,1032.41,11.2976,28.0398,57.205,101.546,95.2488,153.486,198.073,290.117,422.417,578.262,832.042,1038.56,13.1452,26.7318,49.4932,78.7628,105.217,127.879,285.014,399.367,398.851,715.207,882.084,1358.52,12.9688,24.1205,58.9471,53.1757,87.0593,146.947,174.535,327.408,407.401,773.857,781.878,1383.07,14.3034,18.81,45.8709,69.341,98.7294,131.787,165.488,302.058,403.862,541.956,899.836,1008.87,9.49701,14.7021,43.3788,61.1717,83.0416,129.434,146.018,280.556,371.751,572.854,644.652,1198.44,7.99772,13.2494,24.7402,46.0453,67.3425,130.104,189.343,211.792,260.392,625.033,540.221,871.946,7.41814,13.5392,25.8173,47.9477,63.8709,83.181,133.003,207.571,237.372,396.118,651.083,776.964,5.61434,9.27899,25.7097,35.7703,64.9878,118.288,113.948,125.455,287.856,537.287,661.791,844.645,5.29324,9.72413,20.7918,25.873,45.0352,101.329,125.497,151.11,241.446,313.999,406.276,916.792,4.5616,5.85236,14.9211,34.9881,43.4514,73.4775,90.7646,109.169,140.407,312.311,465.195,826.661,4.94829,6.64136,18.9414,32.3152,40.7278,50.5252,112.389,148.477,156.79,349.662,421.969,604.822,3.34989,7.55544,17.1364,24.2458,21.9691,69.039,90.4993,114.36,252.018,301.03,396.054,828.492,4.27472,4.74297,14.178,15.1623,16.0914,39.3415,43.1265,102.585,212.853,260.24,357.757,781.64,2.84428,5.09648,12.0116,8.81317,36.1998,43.9436,46.6819,111.447,113.205,196.378,286.516,569.609,4.26313,4.8742,9.63935,14.9438,9.94454,33.0854,35.0666,79.6239,88.3505,100.2,218.997,582.037,2.97344,4.81486,7.92672,12.6181,15.2307,24.0295,44.5804,51.9891,83.0895,91.6444,142.393,332.449,2.70624,3.6318,7.65356,8.5656,14.9669,20.3501,28.9195,47.6145,59.6651,120.02,171.892,266.951,2.70002,2.7985,5.41312,7.05182,9.84164,20.6511,30.9546,39.4715,45.9894,83.6466,85.951,280.54,2.15401,2.48254,4.5165,5.84273,7.20712,10.4045,16.3269,24.7897,23.2931,50.4639,66.2905,115.108,2.44083,2.66941,4.40775,6.88596,6.46356,8.73898,12.1545,22.1468,23.2633,47.5888,56.3728,66.1654,2.02985,2.33094,3.40643,4.22546,6.74146,9.23696,9.41261,18.1596,20.0061,29.6055,52.8188,66.9923,1.79957,2.16547,3.11773,4.03337,5.39188,7.41225,9.24546,16.5429,21.2602,27.2137,35.743,45.3134
3050,21.4981,23.1839,50.9785,116.75,87.7193,182.147,267.62,355.467,482.012,608.799,1161.73,1511.78,19.1208,27.2376,69.2874,78.0288,121.047,148.807,165.028,322.528,347.922,552.209,1041.31,1421.21,10.625,22.8482,58.802,82.8561,106.093,143.777,254.923,216.482,529.599,656.099,782.378,1019.6,11.2976,27.6739,57.205,101.546,95.2488,137.75,198.073,282.412,422.417,560.096,832.042,1052.53,12.8802,27.9178,49.4932,75.6322,102.629,127.879,260.086,379.924,398.851,740.096,882.084,1340.72,13.0307,24.1205,65.9883,55.3766,84.2847,146.947,180.716,327.408,377.635,732.173,808.723,1383.07,14.9609,18.81,45.8709,65.4528,98.7294,131.787,165.488,312.282,413.06,541.956,858.986,1008.87,9.51511,15.5188,43.3683,61.1823,83.0716,132.071,152.629,324.68,326.19,597.208,523.796,1265.67,8.8946,14.2326,24.4755,46.0453,71.143,130.118,189.364,211.792,336.774,625.033,593.085,871.946,7.27749,13.9906,27.2525,43.6872,68.3386,81.0365,130.06,205.958,237.368,368.51,505.466,780.565,4.882,8.17779,24.8898,26.0729,54.9194,137.354,112.928,124.682,281.937,510.473,661.811,844.616,5.29247,8.18603,21.5182,23.6151,46.0768,114.388,132.891,160.306,239.028,313.681,406.221,817.996,4.75237,6.19606,16.4023,37.4648,40.4181,86.7099,86.4715,105.839,141.228,304.95,461.368,667.084,5.13707,6.21405,18.8766,31.8944,42.0656,48.7223,114.508,141.006,157.859,346.289,421.9,594.553,3.35389,6.07139,17.8595,19.666,20.8791,61.3144,86.3209,114.939,244.581,283.792,431.893,838.999,4.081,4.9396,14.3326,14.1886,15.3092,42.1207,41.8556,101.078,252.913,266.961,370.103,745.306,2.96175,5.30373,7.41318,8.80048,36.2571,42.9446,38.7008,109.337,117.6,193.885,326.014,635.391,3.76985,5.13096,9.02418,12.5008,13.2951,36.7664,26.0397,90.3085,98.4526,160.1,209.616,464.926,3.0405,4.32923,7.53629,16.5371,15.3908,24.6984,42.2524,50.6667,83.7713,115.162,132.351,344.399,2.56824,3.90564,7.51902,9.00706,13.7504,18.5054,27.2527,60.6385,55.0438,98.8129,171.03,268.369,2.6235,3.50982,6.30521,6.96274,10.5419,20.6216,30.6479,39.4323,44.5135,85.6879,83.5865,280.68,2.13324,2.6079,4.9071,5.65734,7.28251,10.4532,15.8303,25.3221,22.5225,47.9226,74.0385,111.377,2.51876,2.54256,4.28716,6.03975,6.72528,9.25665,11.5735,21.148,27.9393,48.2893,55.7693,65.8935,1.96595,2.26091,3.45173,4.27161,6.66283,9.07012,9.54903,18.3305,19.7265,30.1367,51.7361,65.8176,1.91079,2.09598,3.12455,4.12361,5.55261,7.37628,9.22611,15.8709,20.9225,28.504,37.3932,45.7546
3075,21.4981,25.4355,50.9785,115.619,87.7193,182.147,267.62,355.467,482.012,590.491,1161.73,1373.11,18.233,27.2376,71.4896,78.0288,115.88,154.007,165.028,322.528,441.021,539.787,1041.31,1421.21,10.2587,24.6864,57.6631,85.4154,99.8095,143.777,254.923,228.735,529.599,681.837,722.259,1032.41,11.2976,28.6911,57.205,101.546,95.2488,153.486,198.073,282.412,422.417,578.262,862.322,953.328,13.1057,28.8598,44.8125,78.7628,105.217,127.879,285.199,364.42,399.768,740.096,863.691,1292.02,13.0307,24.1205,65.9883,56.8043,87.0593,143.39,180.716,327.408,407.401,773.857,808.723,1270.54,14.5196,18.81,45.5697,69.341,98.7294,131.807,153.522,307.079,453.844,541.956,897.09,1008.87,9.82823,14.1908,43.8209,61.1823,83.079,127.635,152.536,324.665,368.399,580.618,621.084,1265.69,8.87003,13.0863,24.5522,44.2532,69.8971,128.65,171.268,178.092,268.441,573.286,593.112,871.946,7.44399,14.6771,27.2848,44.5358,66.5416,82.6108,134.667,203.985,236.434,396.249,675.555,780.574,5.1471,9.29918,22.2148,35.3033,64.9648,140.57,88.0977,130.857,288.01,510.452,661.91,844.596,5.01162,7.73946,21.3948,28.2575,46.6728,102.739,133.594,160.343,238.976,278.343,375.088,916.903,3.88422,6.19787,14.0723,35.4696,39.3153,74.6721,90.3266,97.6792,145.19,282.473,461.37,934.31,4.89753,6.88417,18.811,32.2705,40.2235,54.2339,116.446,125.473,143.552,329.431,421.816,636.548,3.44548,6.92189,15.3011,22.5227,22.3522,69.4041,90.8476,115.432,242.28,292.278,435.029,766.701,3.97006,4.79696,11.9948,18.9316,15.0157,35.5953,44.7873,99.3868,252.015,266.295,369.487,768.413,2.9333,5.18833,9.84043,10.626,40.2398,42.9139,42.0098,98.4934,116.636,197.354,293.135,621.269,3.79792,4.96904,9.35981,15.7202,9.99027,35.6096,33.8744,86.9398,98.9389,154.935,216.307,599.992,3.01672,4.57411,7.74785,15.4502,15.2312,25.4148,47.3645,46.1579,86.9678,102.014,143.245,334.725,2.72299,3.70962,7.02503,8.86861,15.0537,19.7024,28.595,54.2202,55.2769,112.708,161.575,254.235,2.54341,3.24584,6.203,6.90469,10.7035,21.294,30.335,38.3324,31.3274,87.7624,83.6467,269.623,2.13199,2.65694,4.7822,5.59666,9.32453,11.3154,17.7671,24.1991,23.055,50.879,69.2974,112.504,2.42763,2.64836,4.2798,6.26606,7.31473,8.99209,11.0375,20.0987,30.8715,52.185,54.9391,65.4585,2.01305,2.26782,3.36929,4.09035,6.4514,8.52912,9.6329,19.006,19.3239,30.857,51.3183,66.2676,1.75369,2.06832,3.17954,4.17272,5.50874,7.50243,9.11742,16.5476,20.9555,28.3779,38.2189,47.5097
3100,21.4981,25.4355,50.9785,116.75,82.5208,182.147,267.62,355.198,497.395,593.849,1161.73,1530.67,19.1208,27.6205,69.3281,78.0288,123.463,154.007,165.028,322.528,355.924,526.757,1041.31,1421.21,11.2901,25.9582,57.6631,84.5424,109.355,144.102,254.923,252.837,529.599,681.837,722.259,1032.41,10.5705,28.6911,57.205,101.546,95.2488,153.486,217.338,282.412,422.417,578.262,794.457,1038.56,13.1855,27.9178,49.4932,79.6885,102.475,119.664,285.014,407.62,398.851,740.096,882.084,1378.91,13.0307,24.1205,65.9883,56.8043,87.0593,146.947,177.567,327.408,407.401,773.857,808.723,1383.07,14.8571,18.81,43.703,67.9521,98.7294,131.785,165.501,312.282,413.06,541.956,897.09,1008.87,9.57786,14.4925,42.3248,60.8761,83.0721,107.294,141.687,324.682,356.763,597.216,590.657,1200.1,9.18642,13.312,25.524,57.3638,71.1383,140.401,189.375,211.812,336.774,625.033,593.126,871.946,7.63537,14.3056,28.1871,48.4355,61.1984,80.4563,124.83,202.862,242.981,396.203,675.561,775.61,5.11921,9.18436,20.2084,36.7457,67.514,139.888,111.96,123.877,287.995,510.431,661.993,844.684,5.47479,8.11557,20.2262,25.6153,48.1007,101.407,133.556,158.414,225.278,315.863,411.307,885.983,4.151,6.28543,14.2649,32.95,41.2646,84.1335,87.749,108.28,122.163,312.295,465.227,786.399,4.06384,6.33665,15.7383,33.0221,39.2949,49.1596,115.796,134.303,156.194,345.585,421.771,683.895,3.31772,7.19451,17.4388,21.2904,22.8279,70.7198,88.0103,103.582,253.869,290.934,427.775,838.788,4.08453,4.82198,13.5474,17.8271,14.8696,32.6765,45.8223,97.003,203.6,267.1,379.638,775.244,2.98737,5.20828,9.75006,10.525,37.6424,29.3267,43.7339,105.985,115.315,157.827,316.47,664.928,4.26367,4.92248,9.04344,15.4799,11.4814,32.8266,34.7309,79.4989,100.182,163.046,216.172,620.363,2.96252,4.34507,7.30858,11.8858,15.0319,23.2116,52.5368,49.824,65.689,96.4784,137.142,365.899,2.74537,3.74012,7.78003,8.51917,14.1168,20.3663,27.4727,50.101,60.9345,103.765,166.966,276.248,2.57456,3.64823,5.66272,6.61346,10.038,20.3736,23.6717,38.5461,35.5828,67.3336,83.4578,280.524,2.12223,2.93069,5.53113,5.66214,7.27159,9.91408,20.5672,23.9194,22.6457,50.4918,71.163,113.83,2.28974,2.63993,4.36942,6.81382,7.20463,8.87563,11.5847,22.568,24.7406,51.3691,54.7604,64.8313,1.95911,2.23652,3.35132,4.11783,6.59685,8.83102,9.62084,18.3283,19.6916,29.6809,50.0386,64.6757,1.75184,2.12086,3.21821,4.11925,5.33553,7.39096,9.2653,16.931,20.8431,27.1962,36.2581,48.8359
3125,21.4981,25.4355,48.2767,116.75,91.8622,182.147,267.62,335.572,482.012,608.799,1161.73,1530.67,19.1208,27.2376,71.4896,77.9762,119.713,154.007,163.035,322.528,445.525,531.384,1041.31,1421.21,10.625,25.9582,57.6631,85.4154,104.931,143.777,236.056,230.651,529.599,681.837,722.259,1032.41,11.2976,28.6911,58.3473,101.546,95.2488,153.486,198.073,282.412,422.417,578.262,764.75,1009.22,13.1057,26.8154,49.4932,78.7628,103.705,127.879,285.014,383.487,398.851,591.295,882.084,1378.91,13.0307,23.4406,57.861,56.8043,87.0593,146.947,179.845,327.408,407.401,773.857,808.723,1277.58,14.7621,18.6087,43.8511,67.6084,90.0606,131.785,165.501,284.804,360.575,541.956,897.121,1008.87,9.51097,15.2793,44.1786,45.9691,83.0321,128.516,152.523,323.705,340.5,597.216,592.025,1265.69,8.79231,13.1288,24.2238,46.064,71.1208,140.401,177.919,178.948,336.789,558.598,593.126,871.946,7.72625,12.986,28.1072,47.0834,66.6036,82.9101,134.469,202.836,242.2,401.363,606.624,760.834,5.15372,8.90626,26.0662,35.1303,68.621,139.918,111.244,123.905,227.923,510.407,661.947,844.596,5.63673,8.65857,20.7783,28.1092,46.7047,102.735,133.684,146.981,233.859,315.412,406.212,917.109,4.0061,5.84302,15.453,33.81,41.6878,83.0005,85.2192,98.5114,142.84,312.276,465.279,673.99,4.95159,6.8874,18.2026,33.9097,41.3721,49.4675,114.299,152.486,161.924,344.644,409.629,606.846,3.31704,7.27559,17.1934,24.8269,21.6568,72.81,89.6383,116.457,240.759,262.17,433.609,839.103,4.29516,4.88075,13.2043,15.6982,15.1836,37.5258,41.5751,97.5771,242.825,269.044,349.018,770.27,2.8149,5.29992,11.7088,10.8836,27.4599,44.8556,44.2536,107.226,111.355,215.258,300.494,688.167,3.89171,5.16348,8.96139,14.1603,13.1762,36.4085,34.8853,63.599,83.8081,164.597,214.647,600.045,2.90419,4.20131,7.54457,15.2693,14.6325,24.7155,51.3201,48.2366,80.4452,98.6685,135.834,261.863,2.71206,3.67008,7.57701,8.6454,14.4413,20.0842,28.4092,66.839,52.7084,109.825,163.863,253.432,2.48616,3.48878,5.69575,7.08659,9.55302,19.7222,30.1052,36.4778,28.1601,62.6762,82.1951,261.836,2.07334,2.95639,5.92299,5.57667,9.09669,12.3437,20.4605,24.393,22.6153,48.4087,69.8019,112.549,2.42383,2.49092,4.41323,6.72388,6.83213,9.23289,11.2901,22.326,28.5509,49.8724,53.7177,64.8751,1.94652,2.26877,3.36039,4.3363,6.43973,9.00889,9.74238,18.2325,19.3637,27.3015,49.3784,65.0913,1.82866,2.12858,3.14739,4.02319,5.55319,7.2274,9.15045,16.4743,20.0751,27.6174,36.7125,47.723
3150,18.8954,25.4355,47.1592,114.006,87.7193,179.632,267.62,355.467,482.012,608.799,1161.73,1530.67,19.1208,28.8173,71.4896,78.0288,121.047,147.442,156.606,319.675,441.021,539.787,917.02,1408.29,10.625,25.9582,55.402,75.0147,92.2022,143.777,254.339,226.578,521.266,681.837,719.808,1032.41,11.2976,27.9286,57.205,101.546,95.2488,153.486,197.326,251.852,395.723,553.387,832.042,1026.61,13.1057,27.9178,49.4932,74.5762,107.157,127.879,285.014,407.62,398.851,760.581,882.084,1378.91,13.0533,22.0311,65.9883,56.8043,87.0593,146.947,177.608,327.408,407.401,773.857,808.723,1373.11,14.7371,18.8177,45.9411,61.4365,96.9056,128.051,165.501,293.292,413.06,505.117,897.121,1008.87,9.46288,15.6515,41.3351,60.8899,83.4069,122.976,152.528,281.061,359.86,577.249,621.091,1265.73,8.74497,13.3926,23.8799,44.0468,71.1954,140.401,189.375,211.814,314.354,625.033,581.951,871.946,7.71735,12.411,29.0241,49.5663,64.6548,89.3069,135.719,199.397,242.808,396.281,675.569,780.749,5.21348,8.44915,25.6895,34.8276,62.1182,140.81,105.025,124.028,290.18,510.91,661.963,844.586,5.79532,9.00678,18.8836,28.6354,44.4133,102.196,143.447,156.608,226.041,315.459,406.201,917.245,4.47107,6.13713,14.7502,36.6706,41.8493,87.248,88.3631,109.546,140.016,310.174,461.302,935.053,4.80168,7.16312,18.1015,29.6123,42.5447,53.655,112.404,156.659,155.172,348.928,415.732,604.957,3.32458,6.70501,18.0492,23.8599,21.1192,74.5778,87.4815,96.443,241.902,282.853,427.746,827.6,3.89647,4.53924,13.3979,17.2422,15.0094,36.5689,41.0798,97.0085,243.356,257.173,332.117,783.991,2.7617,5.25319,12.2864,10.5939,40.9213,44.4707,43.106,107.019,102.406,216.764,332.459,672.987,3.47812,5.09301,8.82582,12.6208,13.6977,34.5144,32.9293,87.2853,103.328,158.737,214.04,605.882,2.88225,4.41625,8.05661,14.7623,14.4471,22.1521,48.3681,48.8007,72.9886,109.497,132.657,277.475,2.57715,3.66523,7.83332,8.64089,13.7559,18.8864,28.5153,55.0993,56.6896,85.113,149.267,243.858,2.69159,3.42348,5.94204,6.94283,10.1439,19.6195,25.7817,38.2287,28.0802,71.4832,76.8073,268.26,2.10684,2.72751,5.6817,5.37499,10.1742,10.8449,20.0982,23.6549,22.452,47.7333,70.423,111.084,2.25394,2.46226,4.22996,6.3176,7.37534,9.08717,11.4909,21.2705,28.8478,48.9815,53.6654,63.9978,1.97231,2.26855,3.50334,4.37044,6.50901,9.00408,9.5454,18.1773,19.0868,29.8665,48.6154,64.4493,1.83769,2.18608,3.11797,3.8883,5.48441,7.55973,8.99579,16.3272,20.043,27.0743,39.0843,46.9559
3175,21.4981,23.4982,50.1722,116.75,87.7193,182.147,267.62,355.467,482.012,608.799,1161.73,1530.67,19.1208,27.2376,65.6037,71.3069,121.047,154.007,165.028,322.528,441.021,539.787,1041.31,1421.21,10.2785,25.9582,57.6631,85.4154,104.931,143.777,254.923,213.597,529.599,681.837,679.789,1032.41,11.1232,24.3759,56.7217,94.9739,95.2488,153.486,198.073,276.028,422.417,578.262,832.042,1038.56,13.1057,26.3857,49.4932,78.7628,105.217,122.109,285.014,398.705,398.851,649.791,882.084,1378.91,13.0533,23.6172,62.657,56.8043,87.0593,146.947,180.708,327.408,407.401,773.857,808.723,1383.07,14.5752,18.9597,45.9411,69.6686,98.7294,121.178,161.236,312.282,413.06,541.956,897.121,1008.87,8.95933,14.5364,44.0209,60.9004,83.4069,132.112,152.566,324.694,371.792,597.216,587.418,1265.73,9.79377,13.304,24.9226,44.3063,71.1898,140.413,189.375,211.814,336.765,564.042,593.072,871.946,8.00332,14.5266,28.1082,41.9982,61.1153,89.3195,136.659,203.151,237.441,396.265,675.61,780.764,4.59571,8.55116,25.2902,33.6835,64.4152,142.354,91.0117,122.166,280.106,510.91,662.01,844.586,5.73219,8.82402,21.0764,30.3738,45.1978,103.457,130.581,156.605,223.689,315.451,406.218,917.208,3.75488,6.13823,15.0067,37.086,41.7065,89.5231,87.4296,109.069,145.238,294.905,553.836,935.056,4.76149,6.02604,18.4491,32.04,33.8333,53.2492,81.2343,141.167,151.661,325.14,415.673,484.094,3.33598,6.3882,18.4897,20.6386,26.2716,67.2228,82.234,117.22,194.492,286.071,432.766,817.223,3.80749,4.647,13.3357,16.1147,14.8855,33.2583,43.654,95.2273,249.656,270.318,365.008,777.047,2.84481,5.37119,12.5778,10.6687,35.8904,24.0872,41.2947,114.405,110.172,214.703,329.385,679.604,4.22867,4.70445,8.40209,14.7347,12.9756,34.8591,34.0135,83.972,101.162,173.711,185.025,614.62,2.88475,4.43898,7.62313,15.8566,14.2869,22.822,51.5917,47.245,79.9382,90.6216,138.81,344.999,2.61098,3.25686,7.13089,9.12756,13.9075,19.6445,29.2159,63.8085,56.6819,119.88,161.042,271.431,2.53835,4.23862,5.98338,6.86431,10.3139,19.2435,29.3694,35.5428,30.6001,81.7671,81.1564,228.697,2.06159,2.93708,5.22308,5.50792,9.59221,13.2017,20.1054,23.2727,22.3137,48.3453,67.356,110.809,2.21597,2.47379,4.1813,6.73172,7.26836,8.94278,10.9045,20.3373,27.9169,47.5023,53.3635,62.8623,1.97911,2.2191,3.45904,4.77257,6.59438,8.59694,9.67576,17.7919,19.4033,32.2571,47.9318,62.6752,1.77882,1.97429,3.17841,4.03615,5.4135,7.79481,9.20965,16.4771,20.3266,26.8451,38.3724,49.3621
3200,18.3266,25.4355,50.9785,112.033,87.7193,182.147,267.62,355.467,482.012,608.799,1111.21,1530.67,19.0097,27.2376,71.4896,78.0288,121.047,154.007,153.902,322.632,441.021,539.787,1041.31,1375.18,10.625,25.9582,57.6631,82.7859,100.482,143.777,254.923,234.359,505.188,634.543,722.259,1032.41,11.2976,28.8125,57.205,95.4481,95.2488,143.166,184.656,282.412,422.417,546.647,832.042,1071.94,13.0632,27.9178,48.1003,78.7628,85.6706,118.756,274.934,401.423,398.851,740.096,854.346,1378.91,13.0533,23.6172,65.9883,56.8043,87.0593,146.947,180.716,332.9,367.911,773.857,796.362,1383.07,14.7494,18.9597,45.9411,69.6686,98.7294,117.509,152.534,303.474,413.06,541.956,897.121,1008.87,9.28462,15.0859,44.0494,60.9004,83.4069,120.016,140.426,294.474,280.995,597.233,610.178,1265.73,9.38841,13.1175,23.5035,46.5612,69.9135,123.736,189.385,211.814,336.765,625.105,586.305,855.221,8.08586,14.1764,27.7952,49.7222,59.9529,90.8371,136.518,207.863,210.247,373.989,537.586,726.65,5.05463,9.44253,21.5143,34.2854,68.414,141.299,112.75,151.009,225.761,510.886,662.058,816.65,5.15611,9.56479,20.5455,25.7588,44.4997,103.386,143.519,157.792,231.821,314.34,404.059,921.478,4.18818,5.63332,15.0765,36.835,40.3131,85.946,87.7994,102.307,146.594,310.235,442.475,935.528,4.81131,6.60521,19.093,32.8612,42.7733,52.2163,114.434,141.928,157.895,331.805,349.317,608.648,3.0432,7.40375,17.512,24.8673,21.649,70.6353,67.4152,110.866,249.433,304.467,431.442,811.137,4.00701,4.25283,13.0139,15.3155,15.971,35.5485,41.7401,94.528,162.095,258.836,344.032,777.251,2.85485,5.30688,13.8836,11.7011,36.5467,43.5448,38.4904,111.562,111.006,197.678,281.511,675.976,4.45697,5.17639,9.76698,11.8725,12.6783,35.7289,35.1816,85.4074,97.9919,161.876,209.081,553.26,2.82419,4.492,8.40745,12.8098,14.3333,24.1181,47.2851,49.7477,81.5435,82.9884,140.304,317.77,2.61842,3.51564,7.51235,8.0658,13.7895,21.4587,28.7897,57.4422,58.6759,91.8837,137.938,255.538,2.58812,4.40712,5.96656,6.6329,9.14269,18.9542,25.0737,37.2423,29.1143,66.2251,81.2214,268.787,2.12478,2.91777,5.57861,5.43336,9.36229,12.4759,20.98,22.8952,22.1197,47.7158,68.3038,109.789,2.22523,2.38894,4.2896,6.5599,7.07498,9.05548,11.3465,23.1276,23.2736,47.8024,52.8603,63.9031,2.0237,2.26077,3.35448,4.35057,6.21617,8.71895,9.62242,17.1322,19.7435,29.9297,47.6885,62.9547,1.78782,2.22826,3.24761,4.00209,5.52456,7.67819,9.62585,16.4106,20.5068,26.7845,37.4174,47.737
3225,21.1943,25.4355,50.9785,113.309,78.7057,182.147,267.62,355.467,482.012,608.799,1161.73,1530.67,19.1208,27.2376,71.4896,78.0288,121.047,154.007,162.875,322.528,338.291,539.787,1041.31,1284.2,10.625,25.9582,57.6631,79.5951,108.469,143.777,254.923,228.735,529.599,681.837,688.076,1032.41,11.6083,28.4116,57.205,101.546,95.2488,149.18,194.986,282.412,412.667,578.262,781.601,1005.46,13.1057,27.9178,49.4932,79.6164,105.217,127.879,253.26,407.62,405.236,740.096,882.084,1343.61,13.0533,23.7757,68.5059,56.8043,87.0593,150.263,166.628,327.408,348.632,699.056,808.723,1383.07,13.9854,19.0414,44.1848,64.9478,104.209,131.807,165.513,312.282,413.06,542,833.012,990.104,9.6793,15.038,44.0494,59.371,82.7117,132.122,152.574,319.28,374.136,597.233,621.091,1265.73,8.83351,13.3878,24.7047,46.0942,69.9262,118.338,189.385,210.395,334.613,625.105,593.068,871.968,8.09484,14.1405,28.6061,48.2339,65.5147,88.0096,122.077,206.057,230.796,384.766,670.382,729.373,4.91126,8.20241,25.0588,34.2891,66.492,141.602,113.174,141.314,290.144,452.147,620.939,844.771,5.91454,8.56928,18.9127,22.3498,43.5091,112.643,143.475,157.944,231.296,319.978,404.035,921.557,4.6893,6.10454,15.369,36.5775,40.9762,86.6865,89.0662,98.7363,149.13,313.861,458.647,935.499,4.5703,6.69479,19.4145,33.3435,42.863,52.2618,115.859,116.602,146.083,328.217,422.487,552.145,3.14861,7.49555,18.788,18.7591,20.8117,63.7396,89.943,116.26,218.455,278.109,433.81,651.435,4.29949,4.58238,12.144,14.5129,15.2404,37.3486,37.4929,96.3611,194.966,268.993,345.664,720.518,2.77689,5.36653,12.066,11.4314,29.5743,43.3433,42.2827,112.206,116.484,187.065,322.315,663.663,4.227,5.27385,9.55013,12.1125,13.5696,34.8486,35.4256,88.358,75.8607,158.082,208.28,613.594,2.74617,4.25331,7.57069,14.9373,14.2119,23.5911,51.8193,46.1586,78.6315,113.438,141.802,367.491,2.49221,3.45193,7.97633,8.5601,14.3025,18.3807,28.756,62.1511,58.4129,118.205,155.473,258.112,2.43629,3.68431,5.84985,6.85125,10.16,18.68,29.1454,37.3825,28.2972,69.5401,73.9033,268.057,2.03345,2.83611,5.03948,5.41245,9.76344,12.3864,20.5864,24.269,21.7339,46.7954,70.6861,109.853,2.25836,2.39126,4.30756,6.2438,7.0456,8.86433,11.3924,21.956,26.3197,47.775,52.3589,63.3845,2.02553,2.21583,3.40473,4.60287,6.55241,8.88577,9.90892,16.926,18.6595,28.8875,46.8269,63.0951,1.71745,2.28713,3.0997,3.95448,5.43885,7.77799,9.86234,15.9755,20.4181,25.969,37.3206,45.7294
3250,20.707,24.2358,51.515,110.655,87.7193,182.147,267.62,355.616,482.012,590.747,1097.4,1530.67,19.1208,27.2376,71.4896,74.3019,106.354,154.007,165.028,282.823,331.937,518.54,1041.31,1354.19,10.625,23.7278,57.6631,85.4154,104.931,138.834,219.101,228.735,541.899,681.837,722.259,1032.41,11.2976,28.6911,57.205,101.546,95.2488,150.675,198.073,282.412,422.417,578.262,832.042,1038.56,12.7216,25.1756,49.4932,76.9393,105.217,127.879,285.199,436.616,398.851,740.096,801.32,1358.52,13.0733,23.7757,65.9883,48.5035,69.6105,137.353,180.716,323.63,407.401,773.857,781.878,1353.51,14.8375,18.9619,44.4697,69.6686,98.7294,131.82,144.057,312.282,352.653,541.956,897.121,1008.89,9.63887,14.1886,44.0494,55.6034,83.4398,117.888,154.394,324.723,371.792,597.233,644.457,1265.73,9.14928,12.7965,25.0845,46.3353,69.4036,131.001,189.385,210.395,322.445,625.105,593.068,871.968,8.54099,14.5304,24.1726,49.2582,56.8547,88.9938,138.795,206.094,223.607,376.762,635.727,780.588,5.19393,8.22522,23.9232,35.1213,66.4836,141.696,113.153,126.094,281.014,510.71,652.037,844.79,4.89919,9.3573,21.131,28.587,44.636,102.327,144.307,130.581,229.707,320.007,404.02,921.512,4.51417,6.00553,13.1688,35.4882,44.7439,65.4702,88.6897,114.702,144.812,285.062,454.907,941.254,4.77605,6.93414,18.2956,32.3748,36.3594,53.0041,116.004,131.848,141.094,295.112,422.437,547.268,3.89582,6.96091,18.887,24.2755,21.5383,71.407,86.1678,116.293,236.796,266.871,438.59,811.704,3.79037,4.58565,12.6729,15.6887,18.3691,36.882,42.7406,96.3493,249.495,268.641,349.509,786.025,2.65644,5.18267,9.5877,10.4291,39.6083,43.9639,42.6564,111.841,119.497,186.591,307.894,513.578,3.85776,4.94521,9.3634,14.4478,10.1903,33.4895,34.8238,88.6485,90.4492,167.086,209.105,622.586,2.70085,4.39568,8.31811,14.9075,14.6235,23.6997,45.4812,61.9396,79.7116,101.118,146.992,329.038,2.67975,3.4601,7.83283,8.38075,14.4017,21.1,27.4221,56.8316,56.7605,122.414,157.593,250.929,2.38526,3.9676,5.52187,6.78005,9.9915,18.4161,28.1741,37.11,30.4486,66.2508,78.0093,226.89,1.98219,2.67606,5.56401,5.32944,9.04818,10.2061,20.9554,22.9442,21.937,49.5346,63.7357,107.899,2.20755,2.3823,4.21271,6.3558,7.11265,8.81003,10.9588,21.803,25.5425,46.2784,51.7226,63.6511,1.99895,2.19876,3.60546,4.73237,6.58328,8.42674,9.69506,17.0929,19.1178,28.8488,46.4881,61.7636,1.79447,2.37695,3.27209,3.89409,5.44195,7.74248,9.31024,15.8981,19.7902,26.0651,38.9196,47.0641
3275,21.4981,25.4355,50.9785,111.961,85.1403,182.147,271.723,324.554,482.012,608.799,1161.73,1530.67,19.1208,27.2376,71.4896,78.0288,115.01,154.007,165.028,322.528,441.021,539.787,1038.6,1250.76,10.625,22.8482,57.6631,85.7026,102.285,143.777,254.923,228.735,529.599,681.837,722.259,1032.41,11.2976,28.6911,57.205,100.005,94.8841,153.486,198.073,282.412,422.417,578.262,832.042,1038.56,13.1057,27.9178,49.4932,78.7628,97.6228,127.879,221.287,407.62,398.851,741.923,882.084,1253.69,13.0733,22.2192,65.9883,56.8043,87.0593,146.947,176.454,327.408,377.635,773.857,802.426,1383.07,14.467,18.9714,38.0592,69.6686,93.8844,131.798,165.513,286.316,413.06,539.58,897.121,942.996,9.58966,15.517,44.0605,59.1041,86.4157,129.522,149.796,324.704,351.555,597.24,621.091,1265.73,7.27597,13.2806,25.0877,43.4163,69.9484,140.401,189.385,210.395,336.717,625.033,593.054,871.968,7.9547,13.9487,24.7473,49.041,66.5311,77.1358,134.767,204.574,234.281,387.704,624.283,773.929,5.1694,8.27822,23.2669,32.1596,66.6935,142.708,111.592,126.097,296.503,510.734,652.125,844.87,5.38583,7.46703,21.2806,27.9109,44.1795,102.709,144.221,142.635,228.252,320.038,403.995,921.526,4.54027,5.92025,18.1546,34.0324,41.6851,74.7807,87.8858,119.151,143.918,309.121,458.621,935.728,4.72898,6.73074,18.802,33.9684,42.0252,53.6924,119.092,154.318,167.844,339.521,422.466,552.994,3.18025,6.9301,18.6501,20.8113,21.4092,60.8601,80.9057,104.635,249.571,278.487,392.587,793.572,3.82441,4.58966,11.9288,15.5944,15.2042,35.6407,43.4058,79.2952,265.497,269.044,360.15,793.942,2.90543,5.31762,12.2444,8.66936,36.6671,44.2826,42.8594,112.203,111.844,177.052,299.48,661.332,4.32959,5.20733,9.77705,13.8837,13.3722,33.9924,28.6725,86.866,101.22,166.45,187.146,524.735,2.7142,4.26995,7.19416,12.5951,13.962,21.6663,48.8319,45.9807,68.4038,126.188,126.115,335.684,2.67307,3.27957,7.6217,8.07961,13.7596,19.3353,28.6751,66.138,57.8243,95.5168,172.028,259.503,2.64205,4.45185,5.4373,6.44295,9.65398,18.3085,23.6782,32.9501,28.5792,66.8012,79.3741,245.66,2.08757,2.78934,5.32204,5.28036,10.1608,12.725,20.2412,22.4411,21.6282,48.3832,70.8686,109.876,2.17943,2.33155,4.29685,6.29647,6.91714,8.72845,11.9286,22.8716,22.6339,46.1038,51.4803,63.4443,1.94723,2.21276,3.43091,4.5822,7.59467,8.75795,9.65217,16.8279,19.6412,30.3742,45.9314,61.5511,1.80483,2.17829,3.16187,3.89165,5.37997,7.63733,9.65915,15.8866,20.2529,25.4212,38.5969,51.0859
3300,21.4981,23.9346,49.2354,101.369,87.7193,182.147,267.94,355.467,482.012,608.799,1161.73,1373.11,18.05,27.2376,71.4896,78.0288,114.5,154.007,165.028,322.528,367.297,528.055,1041.31,1421.21,10.625,25.4416,57.6631,85.4154,99.8095,143.777,254.923,228.735,529.599,681.837,744.102,1032.41,11.2976,28.6911,57.205,101.546,99.434,153.486,198.073,282.412,422.417,578.262,832.042,1038.56,13.1057,27.9178,49.4932,78.7628,105.217,129.227,285.014,382.76,398.851,580.379,863.691,1378.91,13.0019,19.6107,65.9883,56.8043,87.0593,156.851,180.716,323.277,407.401,742.425,808.723,1383.07,14.7267,17.963,45.9411,69.3477,98.7294,131.798,165.513,279.604,413.06,541.956,897.121,1008.89,9.50905,15.7394,44.0605,59.1041,81.363,126.443,146.08,324.704,333.312,580.656,621.091,1240.05,9.66136,12.9299,27.7976,44.5571,69.9603,140.44,189.385,164.256,328.927,630.28,593.054,871.968,7.98313,14.4913,29.167,44.5371,64.5082,87.2605,129.061,207.519,234.437,394.547,657.307,793.344,5.06565,8.53952,22.6905,36.3797,54.4319,137.416,90.1323,123.37,292.272,510.742,652.091,844.733,5.4888,8.84197,19.3807,27.3424,44.8379,102.298,125.443,145.01,233.814,329.179,402.099,921.777,4.23989,5.93844,14.799,33.4654,37.4748,82.3139,86.8386,119.605,145.673,262.899,458.762,936.228,4.91057,5.6682,19.3202,33.8283,41.9562,52.1902,113.817,155.673,153.797,332.85,363.708,566.957,3.80042,7.08164,15.7559,21.2456,21.9878,73.2055,83.7045,116.136,248.372,261.798,428.288,808.556,3.81928,4.49238,12.9765,14.0428,15.6586,36.5591,42.5994,96.6657,240.756,266.937,348.124,785.892,2.64521,5.19346,11.3834,9.91507,28.8137,45.2554,42.8546,107.478,115.569,204.451,317.755,683.236,4.29958,5.05124,8.7555,13.08,10.1711,35.2853,33.6032,82.8718,96.2724,162.781,206.692,614.945,2.71701,4.29545,7.34061,14.8558,13.8423,24.2972,46.8777,45.9697,75.8976,84.549,131.604,329.818,2.5926,3.23635,7.87107,7.76796,14.1083,21.4857,29.0204,61.6966,50.7906,107.55,168.239,248.006,2.42546,4.30942,5.85044,6.69204,9.11356,17.7704,29.1129,34.5968,29.4569,63.2771,78.7892,249.855,2.08026,2.72131,5.54386,5.35939,9.8613,10.4771,19.9339,22.5628,21.5852,47.5019,71.6722,107.54,2.25056,2.33197,4.10737,6.19302,6.83502,8.47893,11.8578,23.5824,25.4573,45.9404,51.792,64.3829,2.01631,2.21305,3.25415,4.55293,7.35877,8.32045,9.7143,16.4562,20.5479,30.2772,45.7755,62.243,1.8653,2.24922,3.06358,3.81989,5.41545,7.62537,9.78371,15.9028,20.0045,25.1211,37.3865,50.4452
3325,21.4981,25.4355,50.9785,116.75,87.7193,156.682,267.62,327.072,478.848,608.799,1161.73,1530.67,18.9644,27.2376,71.6445,78.0288,121.047,154.007,165.028,282.752,441.021,539.787,1041.31,1421.21,10.625,25.9582,57.6631,85.4154,104.931,143.777,254.923,255.203,529.599,673.837,722.259,1032.88,11.2976,26.4002,57.205,79.2134,92.3379,147.793,206.251,282.412,414.388,578.262,832.042,1038.56,13.1057,27.9178,49.4932,78.7628,104.562,127.879,285.014,390.323,398.851,740.096,882.084,1378.91,13.0633,23.7757,62.337,56.8043,87.0593,146.947,181.165,324.394,358.434,773.857,808.723,1383.07,14.9437,18.9881,45.9411,69.3477,98.7294,131.798,165.513,312.282,395.641,541.956,897.121,1013.01,9.54247,13.8238,44.0605,58.3084,82.8448,107.873,151.181,296.606,337.559,597.251,621.1,1103.37,9.93571,13.5436,24.7823,46.1887,68.7325,140.492,189.38,211.88,336.789,625.053,593.037,871.968,8.30943,14.5369,28.5548,49.1492,59.5023,81.8128,127.957,205.93,234.451,394.637,675.666,793.346,5.15579,7.53077,20.8244,35.259,53.8104,137.558,115.093,124.338,286.153,496.273,560.987,844.713,5.58802,8.28409,20.2202,21.7076,40.4541,96.953,134.557,156.815,231.078,356.427,402.052,903.448,4.45263,5.95308,18.787,35.7542,42.9421,83.6728,85.0233,111.401,154.532,303.636,458.754,864.573,4.74508,6.42766,19.7867,32.0271,44.4028,48.87,115.14,127.09,155.539,330.057,415.782,623.101,3.72003,6.88376,19.221,22.9206,23.9689,76.3362,83.2418,110.582,241.77,266.708,425.813,689.51,4.4638,4.4277,12.6867,17.3859,15.511,39.2064,40.2981,98.2546,255.99,253.365,352.301,785.397,2.73089,5.2022,7.09538,10.905,35.1243,43.4207,39.4539,109.139,108.914,167.615,318.437,635.687,4.09222,5.0957,9.04747,11.1285,12.7025,34.4826,31.6465,92.0391,95.5316,161.319,205.028,609.734,2.7829,4.15697,8.85116,14.5033,13.9043,22.0153,49.2529,45.9852,75.4404,106.324,133.775,347.706,2.50399,3.90712,8.45014,7.69132,13.7953,17.6493,26.518,55.3091,55.4621,102.955,142.839,229.976,2.43061,4.1008,5.37483,6.67472,9.52064,17.299,24.0918,37.3631,28.8367,68.2961,73.235,251.81,2.78521,2.58956,5.42785,5.21324,9.78398,11.2749,19.7125,23.811,21.2502,46.7026,72.7255,107.259,2.11274,2.33727,4.17569,6.11336,6.7984,8.51696,12.547,20.485,24.1096,45.4992,50.5121,63.6903,1.97239,2.08184,3.52689,4.81082,6.5191,8.43456,9.8656,16.6248,19.0191,28.8992,45.1266,62.2962,1.93571,2.30664,3.14016,3.88679,5.34197,7.62293,9.28764,15.8267,19.509,25.3168,37.169,46.6645
3350,21.4981,25.3338,50.9785,116.75,87.7193,182.147,267.62,355.467,482.012,608.799,1161.73,1530.67,18.9644,24.439,69.9735,74.6442,126.302,154.007,165.028,322.313,441.021,539.787,903.078,1421.21,10.625,25.6713,57.6631,94.6242,104.931,143.777,254.923,228.735,529.599,664.665,722.259,1032.41,11.2976,28.6911,58.3473,101.546,95.2488,153.486,198.073,282.412,382.825,578.262,832.042,1217.87,13.0408,27.9178,49.4932,66.5028,105.217,127.879,285.014,383.487,398.851,591.295,882.084,1378.91,13.0633,23.4623,57.861,56.8043,85.6948,140.369,179.852,329.758,407.401,769.377,782.189,1383.07,14.4254,18.9881,43.8578,67.6084,98.7294,131.798,182.825,312.282,413.06,522.75,897.121,1008.89,9.58607,15.0407,44.0605,57.1972,79.291,132.128,147.952,323.725,340.486,597.251,621.1,1250.09,9.96873,13.4649,24.0674,42.9488,70.5661,140.466,189.38,211.873,336.789,625.053,593.037,785.887,8.11287,13.4379,29.2852,48.8546,64.4692,84.9214,137.408,202.907,234.328,394.677,617.091,790.521,4.54765,8.99651,20.6845,32.8195,55.5295,137.217,96.1312,122.919,286.173,496.262,652.13,844.713,5.83419,8.39956,20.3514,26.7807,45.3645,87.3889,136.183,150.689,225.757,318.344,407.191,921.774,4.4413,6.07799,14.6468,33.2449,40.0897,80.7235,86.1703,116.303,147.23,307.004,458.753,936.51,4.75833,6.87275,19.0104,31.4955,46.1606,45.9043,87.8275,121.864,151.808,328.249,415.645,499.586,3.85727,6.95363,18.9254,25.4671,22.7555,74.5237,82.3462,105.38,202.644,284.894,392.914,721.677,4.67612,4.37056,12.7692,15.9469,15.5072,30.6774,40.0525,95.7696,156.343,268.499,364.4,777.924,2.67226,5.29608,11.5105,10.6578,41.1003,23.9735,40.2026,105.003,110.497,150.217,318.902,673.059,4.06627,4.71469,8.88551,13.5833,12.7807,34.754,34.9337,91.5314,71.0366,146.675,195.809,583.729,2.68768,4.36921,9.36099,14.4468,13.5547,24.3441,46.7097,43.3573,84.6285,100.518,129.658,304.718,2.53866,3.66867,7.30845,8.0921,13.962,21.5518,30.7689,68.1453,57.7004,112.676,167.027,236.346,2.43559,4.54993,5.55109,6.45648,9.87031,17.2987,27.9366,33.9852,30.2663,59.8581,75.3902,240.529,2.69435,2.70953,6.80804,5.30265,8.91118,9.73043,19.933,22.6371,21.1234,48.8407,71.897,105.485,2.08646,2.25242,4.21539,6.24018,6.72336,8.59932,12.2542,19.731,23.3635,46.0855,50.3839,64.0039,1.90853,2.0174,3.73016,4.91766,6.94835,8.29606,9.70101,16.4144,20.7911,31.4251,44.4805,61.9364,1.98017,2.23563,3.23665,3.77402,5.41768,7.69932,9.73623,15.5941,20.495,24.4996,37.8642,48.9611
3375,20.9266,25.4355,50.9785,116.75,79.7284,182.147,267.62,355.467,451.269,608.799,1161.73,1530.67,18.9644,28.8173,71.4896,78.0288,121.047,154.007,165.028,334.981,441.021,539.787,1041.31,1291.93,10.8367,25.8715,55.402,85.4154,104.931,135.866,254.339,229.018,529.599,659.851,719.808,1032.41,11.2976,27.7936,57.255,101.546,95.2488,153.486,198.073,275.117,422.417,552.401,805.982,1039.21,13.1057,27.9178,46.8276,74.5762,105.217,127.879,264.489,407.62,398.851,740.096,882.084,1237.49,13.0633,23.3141,65.9883,56.8043,92.9434,129.819,176.996,327.416,407.417,773.857,808.723,1383.07,14.582,19.0733,46.2503,61.1212,95.9215,132.475,165.513,312.282,413.06,505.117,857.345,1008.89,9.67145,16.1789,44.0716,55.0109,82.8374,130.152,152.614,324.718,360.005,597.251,621.1,1265.76,9.59554,13.0565,24.384,45.7253,70.578,122.318,189.38,211.873,261.156,625.1,593.037,871.968,7.76113,14.5243,29.3294,49.0133,63.0027,88.8944,128.649,192.462,233.247,394.712,675.691,793.284,5.09989,10.0512,23.7432,34.5434,67.6389,139.521,115.191,122.968,286.183,496.266,652.177,758.92,5.67304,8.26961,20.0022,27.6666,41.5898,97.3508,137.559,147.177,232.644,314.242,401.076,921.796,3.89271,5.59713,15.0686,32.739,41.7467,81.1564,82.9285,113.462,145.418,291.079,461.569,942.469,4.26262,6.50904,16.3289,30.2024,45.1709,51.374,114.868,148.56,127.233,305.765,415.664,551.688,3.9637,6.40787,18.4178,18.6351,27.3433,78.1003,65.0345,115.4,246.582,266.25,422.822,802.006,3.7814,4.36195,12.6144,16.9789,15.635,35.71,43.3316,80.6364,168.701,266.452,368.702,785.305,2.98204,4.90285,9.92937,10.1313,37.5647,30.1653,38.1139,100.414,103.855,205.339,316.07,684.473,4.0078,4.95257,9.25191,12.3636,11.979,33.6267,34.0604,89.8657,102.45,167.802,206.134,621.327,2.68407,4.1718,7.72907,12.4485,13.7083,22.1482,47.1423,46.9764,81.4904,95.5321,133.355,339.705,2.48238,3.73297,7.90585,7.6173,13.9078,21.0404,30.6702,57.7126,57.1214,102.251,159.978,282.892,2.29162,4.42281,5.03359,6.29523,8.90479,17.3433,22.719,32.229,33.3349,61.4945,79.598,255.801,2.43818,2.66086,6.83842,5.24894,9.39429,12.1744,19.0263,22.7021,21.2378,48.6331,72.6887,109.238,2.26762,2.26835,4.12452,5.96811,6.5776,8.39271,11.9327,24.478,21.9786,57.9405,50.3545,65.2048,1.96285,2.18403,3.56725,4.47855,7.23431,8.16239,9.7776,16.2428,20.1761,31.5074,44.294,59.6192,1.97623,2.20496,3.17679,3.82735,5.26094,7.5805,9.72298,15.5016,19.6317,24.4942,36.9973,50.1829
3400,20.4714,23.6,50.1722,113.314,89.7045,182.147,267.62,355.467,461.433,608.799,1161.73,1530.67,18.9644,27.2376,71.4896,71.3069,121.047,154.007,158.947,322.528,441.021,539.787,1041.31,1421.21,8.97717,25.9582,63.5798,85.4154,104.931,175.216,254.923,226.922,529.599,681.837,812.667,1032.41,11.2976,26.9621,56.7217,99.7306,95.2488,153.486,198.073,282.412,452.234,578.262,755.284,1038.56,13.1057,27.9178,49.6822,78.7628,105.217,127.879,228.089,393.197,398.851,649.791,882.084,1378.91,13.04,22.737,65.9883,56.8043,88.8993,146.005,180.716,327.416,395.175,773.857,808.723,1383.07,14.7031,18.143,46.2628,69.3477,98.7294,131.82,165.513,312.282,362.42,541.956,897.121,1008.89,9.79825,16.3466,44.0716,59.0886,82.8474,132.138,145.965,324.718,324.944,597.256,621.107,1132.55,9.60718,12.9665,23.5757,43.9829,67.9494,118.725,189.38,211.796,336.765,625.1,593.037,896.243,7.27148,12.9515,29.3308,46.6929,61.1875,88.1522,138,207.44,236.468,394.726,675.71,783.315,4.95364,8.95518,24.9197,24.7106,69.8881,141.028,112.729,123.421,232.058,467.451,652.152,844.742,5.34683,8.71122,19.5977,29.7248,44.6389,95.3712,127.92,161.557,234.369,313.924,463.795,921.84,4.3852,7.96749,15.8339,31.4022,42.389,74.2789,78.6669,114.379,144.653,307.045,457.803,935.335,4.97327,6.40146,20.8522,33.4859,45.979,41.7633,112.482,152.655,156.147,340.806,422.223,430.058,3.84329,6.97497,17.052,25.5499,25.2821,79.7489,82.6779,114.764,217.893,292.058,427.279,718.756,4.39461,4.7776,12.2519,17.2092,15.2934,40.9188,38.127,93.1626,253.064,268.176,358.826,772.818,3.13183,5.32341,7.63135,11.3105,34.565,41.8816,37.7525,112.003,107.4,205.811,315.553,691.051,4.31253,4.82316,8.49459,12.4784,12.4902,34.5795,35.2199,81.7865,73.8107,157.873,204.371,606.138,2.71361,4.17435,9.24244,14.2488,13.6246,22.1484,45.9788,45.4201,76.9972,110.316,138.723,294.034,2.51079,4.00362,9.25197,7.84003,13.4195,21.6485,30.0287,61.1632,51.6449,110.038,154.932,263.872,2.27132,4.37136,5.61026,6.44194,8.97111,16.8968,28.5724,33.8771,29.1547,64.391,74.2713,245.727,2.36176,2.64876,6.09887,5.30702,8.8858,8.73818,20.3864,24.2715,21.1366,45.889,71.9324,105.167,2.12787,2.19877,4.15733,5.99977,6.59785,8.45655,11.9592,21.6795,24.3399,49.1404,49.8508,64.5312,1.97588,2.30019,3.56628,4.61305,6.63111,8.23107,10.1496,16.1588,20.3166,28.6208,43.939,61.5553,1.96403,2.39373,3.16795,3.7864,5.48129,7.46347,9.42489,15.2957,19.2656,24.6807,38.0608,49.6132
3425,21.4981,25.3653,50.9785,116.75,87.7193,187.735,251.24,355.467,482.012,590.747,1102.78,1530.67,18.9644,27.2376,71.4896,78.0288,102.047,140.526,156.606,322.632,489.284,539.787,1041.31,1421.21,10.625,25.9582,57.6631,85.4154,98.8539,143.777,254.923,238.088,424.214,573.675,722.259,1032.41,11.2976,28.6911,56.6467,101.546,95.2488,133.209,198.073,282.412,414.135,578.262,832.042,1016.5,13.0632,27.9178,49.6822,78.7628,105.217,127.879,285.014,384.433,398.851,740.096,978.76,1378.91,13.0733,23.4623,64.1003,56.8043,87.0593,146.947,180.716,332.891,407.417,773.857,814.175,1383.07,14.7031,19.0733,46.2628,69.3477,98.7294,131.82,162.167,305.827,377.269,541.956,897.121,1012.13,9.63832,14.6561,43.4724,57.8401,82.8474,132.159,136.998,281.099,371.835,597.286,621.107,1265.77,8.09136,13.2474,24.7144,45.7948,70.6248,120.639,189.395,211.796,279.289,625.1,593.019,871.968,8.25183,12.5937,28.2318,48.0434,55.775,88.2718,138.032,207.859,244.588,394.805,532.296,748.813,5.10429,9.25389,25.3286,33.9014,71.6108,138.108,104.405,125.601,274.075,496.623,652.225,844.733,5.10327,8.31892,21.5256,29.2243,45.3159,92.7656,133.433,161.588,236.152,313.935,400.002,921.957,4.65802,5.78894,15.5961,33.8468,41.9672,80.2205,84.5459,110.383,144.747,308.27,461.486,935.313,4.90902,6.85213,18.7738,34.3255,37.6877,52.7387,114.211,155.581,155.167,336.765,422.164,552.441,3.92722,6.26342,18.7572,19.569,25.8489,64.3178,79.0315,101.966,247.487,272.345,424.022,802.493,4.46296,4.23734,12.7417,17.1802,17.8524,38.2989,40.1893,91.4346,259.982,254.879,359.041,768.045,3.01467,5.24169,10.1527,13.4498,39.0518,42.4869,33.6282,111.542,115.134,205.575,314.303,691.83,3.98207,4.77151,8.5747,11.0648,13.6076,33.0408,28.4955,90.4208,95.6368,163.854,204.793,607.607,2.70792,4.18266,7.94221,14.3273,13.4272,22.4529,41.6415,45.2486,78.3708,102.696,125.265,266.705,2.51934,4.02028,8.54252,7.50723,13.7674,20.9734,30.6473,61.4568,56.3068,105.394,134.235,270.91,2.18377,3.8608,5.50232,6.38309,9.37036,16.55,24.1525,31.5315,28.5826,66.9686,77.5895,220.952,2.43389,2.57944,6.66132,5.06077,7.84049,10.0835,19.0258,22.9544,21.1461,48.7165,71.1553,108.416,2.1279,2.39633,4.14575,6.2213,6.50087,8.23592,11.7217,21.3401,24.1147,57.5214,49.306,64.5838,1.95424,2.56209,3.70779,4.74698,6.88327,7.89911,9.47351,16.1723,19.4854,29.8651,43.5325,66.3965,1.947,2.58516,3.2073,3.76452,5.72827,7.62402,9.67543,14.9236,19.5003,24.5629,36.7564,47.938
3450,19.9358,25.4355,50.9785,116.75,83.1493,182.147,267.62,329.966,482.012,608.799,1202.28,1530.67,18.9644,22.3909,71.4896,78.0288,95.6559,154.007,162.875,322.528,338.291,476.53,1041.31,1369.2,10.625,25.9582,57.6631,76.4103,104.931,143.777,239.914,228.735,529.599,681.837,722.259,1032.41,11.6083,28.6911,54.6079,101.546,95.2488,153.486,198.073,282.412,422.417,578.262,832.042,1038.56,13.1057,26.555,49.6822,79.6164,100.073,127.879,285.014,407.62,398.851,740.096,882.084,1378.91,13.0733,23.4623,68.5059,52.0598,87.0593,146.947,176.454,327.416,407.417,773.857,808.723,1383.07,14.3967,17.6877,46.2628,69.3477,98.7294,126.417,178.849,286.35,413.06,541.956,897.121,1008.89,9.76423,16.337,42.5071,59.1219,82.8474,132.159,152.614,319.304,371.835,597.303,621.107,1265.77,8.16389,13.1065,27.7268,46.1571,71.913,112.925,189.395,211.796,336.717,625.172,555.985,871.947,7.28368,14.5976,28.9343,49.8701,64.7357,82.1523,135.149,207.87,231.604,394.772,670.426,743.435,5.13134,9.33215,24.4096,32.7581,67.3943,137.243,93.1479,123.67,286.211,496.647,615.847,844.705,5.68613,8.23879,18.4118,27.3782,46.614,117.33,133.427,160.392,230.996,316.824,479.575,921.896,4.28424,6.0271,13.3539,33.7647,42.369,71.4111,81.0049,117.2,145.573,293.632,461.428,875.148,4.89712,5.54203,18.653,32.9426,45.6827,53.0805,86.4342,150.161,156.046,292.511,422.127,547.84,3.8152,6.63828,17.7888,21.0982,25.3456,74.9954,75.2317,109.44,248.939,284.848,427.697,802.499,4.33546,4.3656,11.6627,15.4205,15.1004,36.4858,42.4784,94.3473,265.868,268.195,338.685,773.075,3.31307,5.34217,11.0536,10.1539,39.1164,42.7892,33.9254,111.004,106.611,207.022,285.19,652.541,4.31834,4.27817,8.74761,12.442,12.5032,33.9805,34.7581,85.9306,96.0529,169.188,190.296,622.595,2.69255,4.25357,8.84372,14.1364,13.4441,22.4737,45.6143,45.1992,68.7997,112.088,128.86,318.811,2.46696,3.61143,7.17055,7.6042,13.3139,20.9353,27.707,62.8188,59.2653,106.684,160.027,248.049,2.28136,4.30781,5.4606,6.03411,9.37366,16.4185,26.8038,33.2614,34.217,59.0798,70.1623,235.702,2.46586,2.5641,6.99801,5.02506,7.97986,11.8348,20.5431,23.4749,21.6446,47.7904,73.9592,109.901,2.08524,2.16989,3.98244,7.39687,6.57624,8.27091,11.4767,20.8157,21.7125,65.4147,49.0559,66.3345,1.94152,2.44144,3.63928,4.50403,7.09505,8.15687,9.48145,15.988,19.6778,31.123,43.2233,66.7058,1.85543,2.353,3.23144,3.74756,6.25255,7.57947,9.53892,15.2636,19.3475,23.5973,36.8043,48.1295
3475,21.4981,25.4355,50.9785,116.75,87.7193,173.518,267.62,355.467,482.012,608.799,1097.4,1530.67,18.9644,27.2376,71.4896,74.3019,121.047,154.007,165.028,307.544,405.621,510.115,1041.31,1421.21,10.625,25.9582,57.6631,85.4154,107.503,143.777,255.272,241.406,529.599,665.682,690.554,1032.41,11.2976,28.0398,57.205,101.546,95.2488,153.486,198.073,290.117,392.64,578.262,832.042,1038.56,13.2099,26.8119,49.6822,78.7628,105.217,127.879,285.014,399.367,398.851,715.207,882.084,1358.52,13.0733,23.4623,58.9471,53.1757,87.0593,146.947,174.54,327.416,407.417,773.857,781.878,1383.07,14.2234,18.9306,46.2628,69.3477,97.0073,131.82,165.513,302.058,403.862,541.956,899.869,1008.89,9.51191,16.442,42.8656,59.1219,82.8407,129.532,146.094,280.643,371.835,572.964,644.621,1198.55,8.10184,12.9487,25.2189,46.3233,71.9306,128.461,187.28,211.833,260.425,625.172,540.096,871.947,7.35776,14.0351,27.1632,48.4541,62.6294,82.8363,138.1,206.879,237.614,394.751,648.266,772.059,5.30873,9.60817,24.5826,33.191,70.9134,116.193,113.376,126.904,286.209,521.303,652.384,816.862,5.59338,7.94076,19.9643,27.5013,46.8259,97.4595,126.699,152.557,234.127,316.778,400.366,921.904,4.48284,5.64097,12.6455,32.8276,42.1421,76.4656,83.9565,105.652,145.943,301.574,457.653,844.039,4.86209,6.32565,18.8333,33.8142,42.4065,48.0285,116.389,151.149,155.242,331.046,419.171,549.311,3.60467,6.71911,18.7592,22.9298,26.8902,72.288,75.1249,116.946,251.458,302.559,387.744,797.981,3.58851,4.08794,12.2005,15.4826,14.9103,44.7881,40.801,93.3221,187.546,258.825,345.516,762.859,2.97547,5.05177,10.9399,8.36775,34.2353,44.8289,40.5191,111.185,106.281,123.675,303.954,575.614,4.09281,4.63634,8.13864,11.6902,10.3911,30.7804,34.6451,79.0169,83.4695,170.844,205.727,562.691,2.64391,4.04042,10.084,12.0608,13.3968,23.1948,42.4267,46.6033,83.2874,81.7969,143.204,328.419,2.53909,3.9274,8.61444,7.36621,13.7322,22.0597,31.4587,58.6215,58.264,76.0405,151.541,267.541,2.31569,4.22623,5.40154,6.32543,8.37365,16.3146,22.6212,31.3744,33.8874,64.9122,76.2269,249.141,2.22934,2.58423,6.72253,5.18207,8.47313,9.90019,20.3882,24.4656,21.823,46.8969,69.939,109.596,2.21852,2.4584,3.99069,7.16911,6.47071,8.12966,11.5372,23.0408,22.3687,59.1413,48.9325,65.6913,1.85184,2.2455,3.61866,4.335,6.92333,8.00265,10.2838,15.6576,19.6048,30.345,42.9744,60.6669,1.90353,2.27089,3.15034,3.84272,5.85233,7.28456,9.61246,14.9882,19.7135,23.6931,37.466,48.9168
3500,21.4981,23.1839,50.9785,116.75,87.7193,182.147,267.62,355.467,482.012,608.799,1161.73,1511.78,18.9644,27.2376,69.2954,78.0288,121.047,148.807,165.028,322.528,347.922,552.209,1041.31,1421.21,10.625,22.8482,58.802,82.8561,106.093,143.777,254.923,216.482,529.599,656.099,782.378,1019.97,11.2976,27.6609,57.205,101.546,95.2488,137.75,198.073,282.412,422.417,560.096,832.042,1052.53,12.8802,27.9178,49.6822,75.6322,102.629,127.879,260.086,379.924,398.851,740.096,882.084,1340.72,13.0733,23.5592,65.9883,55.3766,84.2847,146.947,180.716,327.416,377.65,732.173,808.723,1383.07,14.8688,18.9249,46.2628,65.4594,97.0073,131.82,165.513,312.282,413.06,521.041,859.01,1008.89,9.67069,16.5566,42.8557,59.4244,82.5016,132.158,152.712,324.728,326.266,597.308,523.817,1265.79,8.92377,13.9712,25.0334,45.8445,71.9425,119.75,187.264,211.853,336.75,625.172,593.026,871.947,7.46579,14.671,28.8398,45.0461,65.9372,78.0185,133.956,207.88,236.349,367.044,505.598,775.698,5.08684,8.3529,24.6998,26.9815,56.7472,135.228,112.676,124.541,278.9,496.42,646.015,844.852,5.57536,6.6242,19.5138,23.0873,44.3089,107.917,132.672,160.439,237.32,321.908,404.513,823.049,4.51333,6.0878,16.1751,30.7844,40.9153,80.6181,81.4741,116.529,148.137,298.354,457.646,664.366,4.68542,7.17733,18.5447,32.9987,45.411,50.1486,117.96,138.663,155.345,331.032,422.26,549.305,3.83662,6.78886,19.9654,22.5682,20.8181,65.7739,75.8885,110.254,249.555,262.566,426.398,807.692,4.08868,4.44161,11.4143,16.7125,14.5997,37.3916,40.7141,91.0383,158.115,267.782,343.203,739.68,2.85227,5.19216,7.24741,9.8892,33.9033,42.7464,41.8953,109.476,106.71,186.943,306.96,658.239,4.2802,4.70896,8.4437,11.7309,12.2395,33.9754,28.0728,86.2185,97.7063,160.487,195.147,468.655,2.69303,4.09643,9.35825,13.8433,13.2922,24.0873,45.1676,46.021,81.5541,113.612,135.827,267.729,2.48183,3.85622,9.13522,7.29975,13.7106,21.311,29.2067,65.9319,56.4311,104.24,162.136,258.736,2.31162,4.04486,5.17689,6.27788,8.48463,15.9969,26.602,37.2506,33.1338,83.1208,70.0715,245.711,2.28414,2.54973,6.22298,4.98364,8.26842,11.3973,19.3814,24.4304,21.9914,45.5847,71.235,110.441,2.08017,2.21107,4.01909,6.38204,6.5233,8.11806,11.0713,25.5425,23.1771,60.2634,48.5081,64.3849,1.79234,2.35937,3.51069,4.51084,6.82039,7.89227,10.7633,15.814,18.8613,28.4516,42.3676,66.1084,1.92976,2.38053,3.09706,3.82681,5.78399,7.44251,9.48073,14.5451,19.2239,24.4069,35.6511,46.9007
3525,21.4981,25.4355,50.9785,115.619,87.7193,182.147,267.62,355.467,482.012,590.491,1161.73,1373.11,18.2875,27.2376,71.4896,78.0288,115.88,154.007,165.028,322.528,441.021,539.787,1041.31,1421.21,10.2587,24.6864,57.6631,85.4154,99.8095,143.777,254.923,228.735,529.599,681.837,722.259,1032.41,11.2976,28.6911,57.205,101.546,95.2488,153.486,198.073,282.412,422.417,578.262,862.322,953.328,13.1057,28.8598,45.0015,78.7628,105.217,127.879,285.199,364.42,399.768,740.096,863.691,1292.02,13.0733,23.5592,65.9883,56.8043,87.0593,143.39,180.716,327.416,407.417,773.857,808.723,1270.54,14.7402,18.8454,46.2628,69.3477,97.0073,131.82,153.532,307.079,453.844,541.948,897.136,1008.89,8.93628,15.0385,42.8634,59.4077,83.0158,127.749,152.595,324.785,368.377,580.724,621.107,1265.8,8.01874,13.0741,25.3389,43.5335,70.6927,128.523,168.407,178.207,268.43,573.377,593.006,871.947,8.00701,15.155,27.1128,43.8478,66.7213,75.8631,138.147,206.069,229.838,394.83,670.477,775.705,4.97225,8.62164,22.1081,30.8903,71.1179,139.018,91.1815,114.924,288.131,496.417,646.043,844.833,5.20941,7.75555,20.2932,26.5687,45.407,99.3587,141.535,147.525,237.328,281.362,367.784,922.082,4.4241,6.14653,13.573,32.6483,37.2883,67.9868,80.5209,108.94,142.887,272.04,461.303,930.393,4.94127,6.66265,17.6858,31.5167,43.2601,48.8494,113.655,128.918,151.818,317.247,422.159,549.976,3.90164,6.65345,16.4237,20.8351,28.1281,78.2157,73.8631,116.067,234.888,300.927,434.981,722.037,4.189,4.45189,11.2662,15.4664,17.9277,29.4041,41.4473,94.2252,250.813,272.237,349.138,776.769,2.9173,5.06667,10.5531,9.7687,35.38,43.9363,37.3632,101.936,106.631,136.79,298.984,609.689,4.11266,4.19414,8.5205,11.8272,10.6869,34.0811,34.4677,84.9593,86.7311,158.55,197.697,623.759,2.62562,4.36726,9.90407,13.4215,12.9367,23.9684,45.5003,42.3551,80.7834,95.6286,134.058,325.357,2.48874,3.81119,8.48614,7.45791,13.7332,21.1094,29.6698,62.7583,53.5655,108.283,160.572,248.742,2.22724,3.7547,5.60663,6.10943,9.24249,15.9083,26.1522,30.6698,32.1489,78.6078,74.9398,236.53,2.25053,2.57729,6.49209,4.96991,7.67448,9.73553,18.8777,25.4864,22.5159,47.2877,70.118,109.523,2.05132,2.4629,4.02023,7.48446,6.40939,8.04228,11.1166,25.768,23.6258,63.4413,48.2941,67.4697,1.84819,2.38714,3.56292,4.4354,6.86568,8.09226,10.5157,15.6026,20.8746,31.1711,42.0121,66.2337,1.96108,2.33814,3.17469,3.7497,6.2721,7.3881,9.38143,15.0295,19.5102,24.5208,35.5507,47.3857
3550,21.4981,25.4355,50.9785,116.75,82.5208,182.147,267.62,355.198,497.395,593.849,1161.73,1530.67,18.9644,27.6205,69.3281,78.0288,123.463,154.007,165.028,322.528,355.924,526.757,1041.31,1421.21,11.3035,25.9582,57.6631,84.5424,109.355,144.102,254.923,252.837,529.599,681.837,722.259,1032.41,10.5705,28.6911,57.205,101.546,95.2488,153.486,217.338,282.412,422.417,578.262,794.457,1038.56,13.1057,27.9178,49.6822,79.6885,102.475,119.664,285.014,407.62,398.851,740.096,882.084,1378.91,13.1418,23.5592,65.9883,56.8043,87.0593,146.947,177.567,327.416,407.417,773.857,808.723,1383.07,14.4083,18.8454,46.2628,67.9577,97.0073,131.809,165.524,312.282,413.06,521.034,897.136,1008.89,8.84591,14.8496,41.0755,59.4183,83.0158,107.402,141.768,324.785,371.863,597.308,590.712,1200.23,9.34024,13.1689,26.352,55.6289,71.9659,127.348,187.293,211.853,336.75,625.029,593.006,871.947,7.71098,14.6197,27.2815,46.8076,65.7366,80.3101,125.137,207.386,236.524,394.832,670.488,778.477,5.13613,9.19938,19.7726,33.6244,72.4676,139.161,110.399,123.903,288.131,491.87,646.104,844.911,5.83216,8.03981,20.285,25.6257,46.9738,98.5213,142.977,146.352,219.791,321.886,402.23,889.567,4.43036,6.66194,12.4566,28.8954,39.5215,79.4077,83.9259,118.088,123.348,296.493,461.269,781.05,4.01792,6.36194,16.1937,32.0222,42.5508,49.6315,84.5721,130.019,168.192,332.466,422.099,551.749,3.88097,6.45766,18.9726,18.8841,22.8319,73.9259,76.1798,105.239,243.721,273.369,428.045,812.16,4.0851,4.4256,11.341,16.4872,14.5786,33.8364,41.4667,92.6493,210.577,274.191,369.517,776.799,3.03244,5.12648,10.4643,8.30567,38.0149,29.8192,36.4963,106.671,99.2664,173.666,295.893,685.728,4.24778,4.28959,8.99997,12.9074,11.8456,31.9942,31.9854,77.493,98.8865,157.912,198.304,623.864,2.55551,4.55356,9.09586,12.5855,13.2,21.54,45.5644,46.0828,63.4906,100.262,137.042,340.45,2.44781,3.59514,7.7398,7.17685,13.6351,19.2173,28.3182,59.4711,62.0036,102.247,145.454,268.919,2.19935,4.11222,5.20328,5.8789,11.8267,15.6822,21.4246,30.9102,32.8808,59.2579,77.0055,234.837,2.31138,2.55166,6.30013,5.13297,8.43886,11.3224,19.6422,26.5479,23.2924,47.0377,70.1757,112.157,2.10078,2.47331,3.90117,7.19518,6.41234,8.00256,11.1107,23.1782,22.4198,56.7014,48.0567,69.3317,1.90337,2.44462,3.53482,4.411,6.94765,8.33826,10.413,15.5425,19.4496,30.4991,41.8245,63.5276,1.90632,2.20247,3.27494,3.77589,6.19754,7.45016,9.56654,14.6228,19.4193,25.1473,35.817,48.5026
3575,21.4981,25.4355,48.2767,116.75,91.8622,182.147,267.62,335.572,482.012,608.799,1161.73,1530.67,18.9644,27.2376,71.4896,77.9762,119.713,154.007,163.035,322.528,445.525,531.384,1041.31,1421.21,10.625,25.9582,57.6631,85.4154,104.931,143.777,236.056,230.651,529.599,681.837,722.259,1032.41,11.2976,28.6911,58.3473,101.546,95.2488,153.486,198.073,282.412,422.417,578.262,764.75,1009.22,13.1057,26.8154,49.6822,78.7628,103.705,127.879,285.014,383.487,398.851,591.295,882.084,1378.91,13.1418,22.7737,57.861,56.8043,87.0593,146.947,179.845,327.416,407.417,773.857,808.723,1277.58,14.8449,18.6121,44.1737,67.6084,90.0689,131.809,165.524,284.808,360.575,541.948,897.136,1008.89,9.62124,16.3792,42.8634,46.7233,83.0258,128.598,152.603,323.792,371.863,597.308,592.045,1265.8,9.69167,14.2734,24.4851,45.7171,72.9261,128.548,175.914,179.033,336.774,558.634,593.006,871.947,7.75673,13.4493,28.4479,45.275,65.6716,87.4008,133.755,206.37,236.709,397.718,610.758,757.44,5.19474,9.55186,23.7009,33.0775,55.4059,138.423,109.591,121.84,288.156,491.834,646.095,844.95,5.7889,8.19738,20.3373,28.1592,45.7207,99.5658,132.693,149.238,237.415,320.866,402.645,922.222,4.3152,7.48863,12.7385,26.844,38.1525,85.3114,84.0745,109.683,147.74,298.652,457.695,665.977,4.87313,5.99611,18.6143,33.074,42.1433,50.4957,117.102,145.887,176.312,330.483,361.083,551.823,3.7254,6.34281,16.1344,24.1721,21.9962,80.5334,78.8682,113.584,241.19,272.121,426.878,807.955,3.92033,4.55912,11.6555,16.3335,13.9217,36.9948,39.1832,91.6663,259.334,274.168,399.673,765.087,3.08368,5.20859,8.85572,10.3401,32.1923,45.9874,36.8035,107.561,108.365,207.001,267.503,678.21,4.04237,4.59779,8.28783,11.5266,10.8043,33.8893,34.2346,62.2942,81.2051,165.151,196.179,597.612,2.59588,4.09103,10.1611,12.3518,12.9543,24.1156,44.3664,44.6125,80.5421,95.855,132.063,209.199,2.49449,3.75569,8.63268,7.48951,12.9711,21.0938,29.5492,62.2481,67.0534,103.73,148.721,260.422,2.18114,4.16588,5.43732,6.06289,11.2938,15.7744,26.0534,32.5568,32.2844,64.5064,76.0299,227.709,2.22573,2.55906,5.89224,5.32549,8.22887,9.93974,18.7344,30.2156,23.8575,44.0073,70.1509,114.058,2.09429,2.73211,3.90087,6.25741,6.39467,7.93745,11.1324,24.8996,25.0312,55.8191,47.5024,67.9631,1.79953,2.33995,3.43333,4.45232,6.80758,8.14977,10.1627,15.4578,18.2821,28.5684,41.5398,60.3717,2.01169,2.21172,3.07438,3.75408,5.75523,7.50529,9.4048,14.5924,19.0271,24.3376,36.2212,47.0372
3600,18.838,25.4355,47.1592,114.006,87.7193,179.632,267.62,355.467,482.012,608.799,1161.73,1530.67,18.9644,28.8173,71.4896,78.0288,121.047,147.442,156.606,319.675,441.021,539.787,917.02,1408.29,10.625,25.9582,55.402,75.0147,92.2022,143.777,254.339,226.578,521.266,681.837,719.808,1032.41,11.2976,27.9286,57.205,101.546,95.2488,153.486,197.326,251.852,395.723,553.387,832.042,1026.61,13.1057,27.9178,49.6822,74.5762,107.157,127.879,285.014,407.62,398.851,760.581,882.084,1378.91,13.2178,22.2925,65.9883,56.8043,87.0593,146.947,177.614,327.416,407.417,773.857,808.723,1373.11,14.8365,18.6392,46.2753,61.1212,96.9056,128.089,165.524,293.932,413.06,484.203,897.136,1008.89,9.5771,16.5095,40.7598,58.5302,83.4014,123.007,152.603,282.911,359.966,577.342,621.114,1265.8,9.02186,13.2148,23.9174,46.5238,72.3614,128.58,187.293,211.947,314.279,625.029,581.878,871.947,7.9702,12.7478,29.316,46.2095,65.6528,89.5615,136.538,201.945,237.823,394.863,670.374,778.443,5.09337,9.44465,24.7409,32.953,61.7036,137.925,102.773,123.313,294.54,506.601,646.158,822.307,6.06786,8.0293,20.1788,27.4013,45.0072,99.9821,143.677,146.39,229.232,320.885,400.348,922.277,4.61011,6.00059,15.5039,32.5054,40.89,78.8353,84.4353,117.983,132.16,300.77,457.633,931.095,4.72918,6.28691,20.0735,28.557,41.528,46.3783,114.075,151.76,151.804,330.459,422.502,555.554,3.57046,5.98599,19.2255,18.2907,23.4088,77.0179,81.7547,89.8384,239.164,272.16,426.989,794.882,4.23225,4.30001,11.3041,18.5357,14.4628,42.7457,40.8617,91.9348,240.163,262.727,333.364,762.328,2.94986,5.44033,8.81741,9.46957,37.695,45.1533,36.0829,99.1801,98.4429,162.845,296.413,665.058,3.89987,4.1845,8.20877,10.8802,13.4616,33.3217,32.5756,81.1903,103.238,163.195,195.773,616.221,2.61604,4.02577,8.5922,12.9222,12.6983,22.0847,42.9441,47.6744,78.9803,104.236,127.546,270.67,2.46487,3.55996,8.55093,7.18293,13.7544,20.3015,29.5925,61.8016,57.6015,95.179,134.381,270.193,2.16578,4.46404,5.46762,5.97356,9.01627,15.7193,23.0577,30.0811,27.7355,73.8457,86.8539,213.241,2.18683,2.55178,6.12327,4.73119,8.32262,10.6791,18.311,29.4843,24.4025,46.1705,70.7486,109.01,2.07701,2.36831,3.84602,6.61347,6.28014,7.89275,11.3382,23.3303,24.2923,59.505,47.0592,67.4098,1.85416,2.30991,3.43222,4.42886,6.70521,7.86172,10.2379,15.2559,20.7917,30.6507,41.0946,68.9308,1.99484,2.17148,3.15746,3.95203,6.18331,7.43086,9.37065,14.8024,19.4485,25.8576,34.8217,47.7107
3625,21.4981,23.4982,50.1722,116.75,87.7193,182.147,267.62,355.467,482.012,608.799,1161.73,1530.67,18.9644,27.2376,65.6037,71.3069,121.047,154.007,165.028,322.528,441.021,539.787,1041.31,1421.21,10.2785,25.9582,57.6631,85.4154,104.931,143.777,254.923,213.597,529.599,681.837,679.789,1032.41,11.2499,24.7215,56.7217,94.9739,95.2488,153.486,198.073,276.028,422.417,578.262,832.042,1038.56,13.1057,26.3857,49.6822,78.7628,105.217,122.109,285.014,398.705,398.851,649.791,882.084,1378.91,13.2178,23.5592,62.657,56.8043,87.0593,146.947,180.708,327.416,407.417,773.857,808.723,1383.07,14.8449,18.8354,46.2753,69.3477,98.7294,121.177,161.241,312.282,413.06,541.948,897.136,1008.89,8.53543,16.0995,42.8634,59.1289,83.4014,132.203,152.603,324.799,371.855,597.324,587.442,1265.8,8.18748,12.8407,25.0722,43.8766,72.9807,128.604,187.309,211.947,336.726,564.1,593.033,871.947,8.16849,13.9412,28.6617,42.9139,64.2701,90.0684,137.596,204.009,217.778,394.875,670.394,778.456,4.8651,9.78388,25.1564,32.3402,66.5445,137.217,93.5933,120.242,287.832,506.564,646.195,822.279,5.86478,8.09402,20.9491,28.8867,45.0657,100.069,132.434,148.907,226.513,321.044,400.348,922.289,4.51543,6.22221,12.6169,32.5472,36.2501,78.763,84.1188,118.412,155.025,292.845,550.412,931.101,4.64914,6.15459,20.4889,30.7098,32.1045,47.7367,86.6065,146.363,153.387,328.17,417.726,432.771,3.66967,6.37501,19.0588,15.1976,26.391,70.1878,79.1222,104.398,215.179,271.082,424.036,801.323,4.24653,4.35146,11.5488,16.0665,14.0483,43.8319,40.4546,91.7776,249.365,258.288,387.979,767.839,3.27085,5.34522,8.95819,10.6878,36.3415,25.0426,33.1621,106.27,112.121,179.328,289.322,685.435,4.04662,4.59248,8.34211,12.315,10.9018,33.2737,34.0443,81.1077,100.616,173.602,176.222,613.918,2.62085,4.45739,9.79743,13.6845,12.6214,22.6254,45.193,47.3887,79.055,88.0186,134.209,284.858,2.4516,3.33127,7.43104,7.07405,13.4614,19.8049,28.9827,59.1658,57.319,121.482,163.501,254.768,2.50585,4.13598,5.59951,5.77902,9.46974,15.3916,24.9522,31.5204,27.878,79.8779,75.5761,227.154,2.22486,2.53054,6.0338,5.78696,7.6204,11.5534,18.5428,28.7328,26.2427,45.5562,68.7503,110.643,2.04957,2.47115,3.81152,7.04577,6.3019,7.931,11.1103,23.2135,22.1066,57.9422,47.0145,68.9975,1.93284,2.32045,3.41489,4.28597,6.75141,8.01746,10.0719,15.2267,19.9777,31.0199,40.8872,67.0441,1.91742,2.18589,3.12153,3.84934,6.08179,7.41767,9.54062,14.3712,18.7557,25.8424,35.1954,47.9982
3650,18.3266,25.4355,50.9785,112.033,87.7193,182.147,267.62,355.467,482.012,608.799,1111.21,1530.67,19.0097,27.2376,71.4896,78.0288,121.047,154.007,153.902,322.632,441.021,539.787,1041.31,1375.18,10.625,25.9582,57.6631,82.7859,100.482,143.777,254.923,234.359,505.188,634.543,722.259,1032.41,11.2976,28.8125,57.205,95.4481,95.2488,143.166,184.656,282.412,422.417,546.647,832.042,1071.94,13.2556,27.9178,48.2892,78.7628,85.6706,118.756,274.934,401.423,398.851,740.096,854.346,1378.91,13.2178,23.5592,65.9883,56.8043,87.0593,146.947,180.716,332.883,367.926,773.857,796.362,1383.07,14.7488,18.5826,46.2833,69.3477,98.7294,116.477,152.545,303.474,413.06,541.948,897.136,1008.89,8.91048,15.326,43.1582,59.1289,83.4014,120.064,140.463,295.034,280.988,597.34,610.197,1265.8,8.91111,12.9418,24.7991,45.6508,72.9692,119.854,187.309,211.947,336.726,625.077,586.272,855.2,7.86799,13.4723,28.1075,45.753,63.3088,91.699,137.566,204.222,209.417,372.702,537.631,724.511,5.27885,9.84231,20.7388,33.038,69.8293,137.24,112.862,154.503,226.599,506.547,646.209,794.356,4.90852,8.79029,21.06,23.5997,43.9479,99.7259,144.358,147.617,234.373,320.981,400.368,922.336,4.6708,6.11963,12.6163,32.7309,41.175,79.1485,80.9078,101.679,144.897,302.874,436.754,931.404,4.30737,6.30169,19.0097,33.1767,42.3301,47.2324,112.352,146.029,167.055,330.858,347.024,555.145,3.73752,6.09741,18.7705,19.2886,27.0134,77.5667,61.5134,127.046,242.568,305.495,425.107,789.297,3.49157,4.24989,11.3928,14.9947,14.5912,34.0228,39.0655,95.0099,168.684,268.423,399.824,760.3,3.01066,5.07159,8.85457,8.52041,28.6425,45.0996,36.9912,108.772,106.345,198.217,243.353,692.335,3.72733,4.11764,8.60603,10.7697,11.331,33.9412,35.682,81.8453,98.8458,164.45,194.182,571.713,2.60443,4.64842,8.93895,12.7786,12.645,22.2711,38.697,47.5212,83.5856,82.6335,130.591,290.318,2.51508,3.61571,7.29489,6.87394,13.6397,19.5311,33.5714,58.1903,54.5749,92.1721,127.83,282.307,2.47046,4.6377,5.71861,5.99778,11.4043,15.1457,23.0117,29.9124,31.4888,82.8084,82.7094,228.519,2.15695,2.45811,5.94198,5.24838,8.08235,11.1144,18.5496,28.2577,29.1358,44.1565,67.1933,110.016,2.05828,2.71497,3.79068,7.06009,6.26927,7.92507,10.6912,24.2396,23.4162,54.1248,46.9312,70.7057,1.91413,2.20661,3.31603,4.37141,6.81082,8.11696,9.9902,15.1311,23.4151,30.9,40.7147,68.6562,1.8744,2.09903,3.25382,3.80983,5.92042,7.55211,10.1437,14.2371,18.8783,24.22,35.4903,47.3894
3675,21.4981,25.4355,50.9785,113.309,78.7057,182.147,267.62,355.467,482.012,608.799,1161.73,1530.67,18.9644,27.2376,71.4896,78.0288,121.047,154.007,162.875,322.528,338.291,539.787,1041.31,1284.2,10.625,25.9582,57.6631,79.5951,108.469,143.777,254.923,228.735,529.599,681.837,688.076,1032.41,11.6083,28.4116,57.205,101.546,95.2488,149.18,194.986,282.412,412.667,578.262,781.601,1005.46,13.2981,27.9178,49.6822,79.6164,105.217,127.879,253.271,407.62,405.236,740.096,882.084,1343.61,12.8323,23.273,68.5059,56.8043,87.0593,150.263,166.628,327.416,348.647,699.056,808.723,1383.07,14.2803,18.5826,46.2833,64.6336,104.209,131.834,165.524,312.282,413.06,520.972,833.028,990.118,9.32392,16.6288,43.1582,56.0915,82.7103,132.214,152.612,319.383,374.199,597.34,621.114,1265.8,9.09233,13.0701,24.6173,46.5918,72.0199,114.426,187.309,185.354,334.634,625.077,592.98,871.947,7.65509,13.3616,27.9849,46.7944,66.6541,88.3287,128.213,204.472,230.353,383.339,688.83,732.15,5.32451,9.16179,24.4159,32.2772,70.474,138.693,111.74,138.098,294.446,443.339,609.584,822.257,5.67602,8.37237,18.4876,22.6549,43.0618,112.344,144.398,147.653,235.868,320.991,398.236,922.451,4.59065,6.36128,13.3766,33.9493,40.9586,80.4027,83.8935,97.1162,148.234,307.074,453.684,931.377,4.92305,6.38486,20.0984,32.0216,42.2955,46.4556,114.431,149.872,163.694,328.97,417.674,555.178,3.78556,6.54437,19.0344,24.2269,24.4378,67.0917,80.948,116.709,217.768,282.455,423.898,644.591,3.69017,4.37097,11.3517,14.9525,14.7049,39.947,36.5383,86.1263,208.733,270.939,407.386,765.236,2.85042,5.29554,8.67948,10.7051,38.0876,45.0827,35.5325,109.388,112.214,188.269,290.648,668.186,3.9736,4.27855,8.32201,10.902,11.4463,34.0166,35.5047,83.2421,76.6869,162.603,193.444,614.085,2.56829,4.30008,9.9328,13.5699,12.41,21.566,42.6731,47.6561,85.6981,108.664,133.149,272.584,2.52482,3.50614,8.51206,6.64408,12.7003,20.0179,30.0763,69.3279,78.0488,85.7252,157.469,247.055,2.32304,4.40985,5.89596,6.04497,11.0021,15.0941,25.0303,31.5579,30.9184,75.108,81.9666,225.748,2.1181,2.47119,5.58327,5.79566,7.96016,11.145,18.0938,28.3402,28.7161,44.7767,69.3948,112.918,2.11916,2.61457,3.73799,6.65219,6.42753,7.80265,10.8897,23.9007,24.9488,56.754,46.2224,69.2603,1.79936,2.23352,3.29211,4.38858,6.52354,7.80763,9.96025,15.252,22.3675,30.4164,40.3939,76.3735,1.84833,2.28895,3.32783,3.87634,5.89766,7.87242,10.2482,14.4187,19.121,25.4783,33.9478,46.8903
3700,21.4981,24.2358,51.515,110.655,87.7193,182.147,267.62,355.616,482.012,590.747,1097.4,1530.67,18.9644,27.2376,71.4896,74.3019,106.354,154.007,165.028,282.823,331.937,518.54,1041.31,1354.19,10.625,23.7278,57.6631,85.4154,104.931,138.834,219.101,228.735,541.899,681.837,722.259,1032.41,11.2976,28.6911,57.205,101.546,95.2488,150.675,198.073,282.412,422.417,578.262,832.042,1038.56,12.914,25.1756,49.6822,76.9393,105.217,127.879,285.199,436.616,398.851,740.096,801.32,1358.52,12.8323,23.273,65.9883,48.5343,69.6105,137.353,180.716,323.638,407.417,773.857,781.878,1353.51,14.7471,18.5826,45.3119,69.3543,98.7294,131.834,144.068,312.282,352.653,541.948,897.136,1008.89,9.056,16.196,43.1582,55.9591,83.4114,117.96,154.423,324.785,371.863,597.34,646.545,1265.81,8.89939,12.8274,25.1061,46.213,72.0314,128.62,187.309,211.887,322.635,625.077,592.926,871.947,7.76934,13.8395,27.1979,47.3521,62.7227,90.0032,138.716,204.495,228.708,376.425,654.32,778.398,5.14118,8.56145,21.8727,32.7895,69.1962,139.367,112.117,122.775,274.005,487.378,646.271,822.238,5.14084,6.77214,20.873,28.004,43.0451,96.8644,132.857,134.511,237.547,320.959,398.249,922.412,4.8257,6.23222,13.5542,32.7093,43.9397,72.8642,85.5119,113.016,145.806,281.996,450.841,931.541,5.23454,7.12266,19.3983,32.6474,37.1137,45.6838,114.184,146.35,182.673,293.304,422.279,549.111,3.68027,6.39822,15.8144,22.2318,26.4396,81.1694,75.4093,115.688,239.086,284.696,425.224,790.227,3.92747,4.4749,11.4451,15.4786,17.6896,39.9078,36.3209,94.6459,235.545,266.814,402.543,754.944,2.89303,5.33065,9.13751,9.96703,35.4493,45.269,39.0426,109.968,112.956,177.987,288.581,525.73,4.03754,4.06044,8.35414,11.3274,10.695,32.7504,28.6986,83.6786,89.2873,167.335,191.677,607.606,2.64264,4.17869,9.8598,13.3024,12.4829,22.802,38.2683,63.7713,84.5586,93.5902,135.565,302.065,2.45406,3.54467,8.13438,7.20754,13.4851,19.5503,30.0147,75.726,56.5871,91.1962,145.102,255.485,2.28719,4.1993,5.60788,5.96483,9.32232,14.9597,22.1634,29.1754,27.1093,85.8265,81.4322,224.197,2.15479,2.45828,5.80364,5.76515,7.37834,9.66841,17.8282,27.5572,28.6821,44.6118,64.9433,106.777,2.09906,2.45171,3.7844,6.78554,6.17434,7.72286,10.8077,23.3576,23.81,55.9277,46.0231,69.1855,1.89188,2.21352,3.37129,4.31152,6.46269,8.07318,10.0801,14.9917,20.4635,29.7583,40.4189,79.6289,1.87058,2.19573,3.25551,4.00379,5.85687,7.81549,9.55937,14.0293,18.6224,25.8301,34.0938,46.0238
3725,21.4981,25.4355,50.9785,111.961,85.1403,182.147,271.723,324.554,482.012,608.799,1161.73,1530.67,18.9644,27.2376,71.4896,78.0288,115.01,154.007,165.028,322.528,441.021,539.787,1038.6,1250.76,10.625,22.8482,57.6631,85.7026,102.285,143.777,254.923,228.735,529.599,681.837,722.259,1032.41,11.2976,28.6911,57.205,100.005,94.8841,153.486,198.073,282.412,422.417,578.262,832.042,1038.56,13.2981,27.9178,49.6822,78.7628,97.6228,127.879,221.287,407.62,398.851,741.923,882.084,1253.69,12.8323,21.7253,65.9883,56.8043,87.0593,146.947,176.454,327.416,377.65,773.857,802.426,1383.07,14.4249,18.8354,38.4067,69.3543,93.8844,131.834,165.524,286.361,413.06,518.687,897.136,942.996,9.59091,16.737,43.1582,59.1603,86.4021,129.593,149.832,324.785,351.623,597.34,621.114,1265.81,8.94045,12.7452,25.6633,44.0029,72.0195,119.301,187.295,211.887,336.83,641.895,592.926,871.947,7.62948,11.9898,26.63,45.162,67.0709,78.203,137.026,205.651,245.974,383.263,642.95,766.677,5.5793,11.0769,20.6484,29.825,69.0327,140.652,113.299,122.864,293.152,487.366,646.25,822.284,5.5492,7.48848,21.5321,25.8596,45.6067,97.4932,133.592,146.57,237.521,324.131,398.223,922.412,4.85509,6.29271,15.5068,32.223,41.1115,80.5179,84.5693,113.84,146.032,309.245,450.835,933.458,4.76455,6.30309,20.8606,31.9129,42.5964,43.3641,113.138,151.57,183.885,336.774,422.131,557.104,3.71739,6.16619,18.1918,20.1959,24.3059,60.0241,75.2431,102.687,238.302,293.867,389.858,797.71,4.09905,4.45717,10.6624,15.0954,13.142,25.0835,39.4579,90.7965,245.765,268.019,387.141,762.232,3.3637,5.18091,8.73292,9.68021,39.2029,26.4699,40.7525,108.14,106.263,183.298,266.892,564.723,3.96479,4.10432,8.52759,11.7516,11.3163,32.2855,27.4566,74.8861,99.2576,167.728,173.702,526.634,2.5826,4.67653,8.82989,13.4906,12.4224,21.4398,42.6837,47.292,71.3679,120.12,113.254,256.189,2.56585,3.50778,7.38514,7.04654,13.2452,18.3433,31.5702,68.6058,59.5901,84.1543,160.257,255.537,2.61867,4.1367,5.39513,5.99169,11.0298,14.7895,24.4101,30.1921,30.0013,84.411,81.0543,218.509,2.08021,2.44707,5.72611,5.20689,7.91109,11.1381,18.0361,26.9132,27.709,44.112,68.208,105.405,1.97152,2.67253,3.68343,6.84038,6.32823,7.77905,10.4243,23.1111,23.452,50.7178,45.6497,71.2535,1.93292,2.20061,3.27201,4.11354,7.04057,8.19255,9.91887,14.8877,23.3631,32.0698,39.9239,87.7795,1.82174,2.15051,3.21008,3.99419,5.72152,7.5714,10.304,13.8361,18.7069,25.3094,34.3909,46.4786
3750,21.4981,23.9346,49.2354,101.369,87.7193,182.147,267.94,355.467,482.012,608.799,1161.73,1373.11,18.05,27.2376,71.4896,78.0288,114.5,154.007,165.028,322.528,367.297,528.055,1041.31,1421.21,10.625,25.4416,57.6631,85.4154,99.8095,143.777,254.923,228.735,529.599,681.837,744.102,1032.41,11.2976,28.6911,57.205,101.546,95.2488,153.486,198.073,282.412,422.417,578.262,832.042,1038.56,13.2981,27.9178,49.6822,78.7628,105.217,129.227,285.014,382.76,398.851,580.379,863.691,1378.91,13.1978,19.108,65.9883,56.8043,87.0593,156.865,180.716,323.285,407.417,742.425,808.723,1383.07,14.8471,18.0583,46.2833,69.3333,98.7294,131.834,165.524,279.604,413.06,541.948,897.136,1008.89,8.73446,16.8733,43.1582,59.1674,82.6864,126.482,146.112,324.785,333.299,580.767,621.114,1240.06,8.96543,12.8624,28.0061,44.2353,71.1361,128.676,187.338,165.655,329.081,647.122,592.926,871.947,7.41347,14.0441,29.6476,43.2587,59.9366,90.968,130.689,204.709,240.033,390.076,675.796,775.651,5.4951,9.56651,24.3502,34.8731,57.6048,140.714,91.5835,121.602,293.104,491.616,646.184,822.265,5.56545,8.82777,19.5466,26.2424,45.849,97.484,120.199,148.595,238.87,324.098,398.242,911.925,4.84067,6.49163,12.5996,31.5738,37.4111,82.2654,86.4306,112.646,146.125,284.757,448.107,932.229,4.98952,5.35916,20.1203,32.1872,42.1663,48.5808,111.035,154.277,181.667,336.778,361.173,563.062,3.5851,6.79048,18.3539,20.629,25.7689,75.1667,77.6281,114.771,238.146,295.168,419.796,800.157,4.08932,4.07628,11.5193,14.3253,18.1587,41.2742,39.7201,90.5496,217.353,270.077,409.727,754.906,3.61572,5.12372,8.23136,9.45568,28.9908,26.6727,34.7709,109.032,113.018,205.207,284.087,594.242,3.80097,4.22674,7.90589,11.352,11.4789,33.6068,35.7415,73.9187,95.9093,174.417,231.011,616.837,2.57058,5.09932,9.24382,12.7928,12.3314,23.3287,42.418,47.1827,78.8956,81.7059,125.982,318.666,2.893,3.76447,8.22477,6.64782,12.9418,20.2949,30.0201,74.4393,73.7405,84.4718,154.927,251.597,2.52778,4.04654,5.92991,6.06789,10.7909,14.5371,24.4306,30.7624,30.0336,81.2309,80.6117,216.003,2.13194,2.40352,5.67773,5.34093,7.77738,9.71633,17.3008,26.5482,28.7259,42.942,66.3626,111.452,2.18908,2.56364,3.88547,6.89758,6.56165,7.6955,10.4671,23.3934,25.3707,55.8064,45.5174,70.0895,1.87785,2.20798,3.29527,4.19382,7.63907,7.97747,9.8685,15.0089,22.3513,30.2688,39.487,74.5753,1.79795,2.21687,3.16485,3.85224,5.70396,7.71666,9.9844,14.2407,18.8842,25.2302,34.072,46.0557
3775,21.4981,25.4355,50.9785,116.75,87.7193,156.682,267.62,327.072,478.848,608.799,1161.73,1530.67,18.9644,27.2376,71.6445,78.0288,121.047,154.007,165.028,282.752,441.021,539.787,1041.31,1421.21,10.625,25.9582,57.6631,85.4154,104.931,143.777,254.923,255.203,529.599,673.837,722.259,1032.88,11.2976,26.4002,57.205,79.2134,92.3379,147.793,206.251,282.412,414.388,578.262,832.042,1038.56,13.2981,27.9178,49.6822,78.7628,104.562,127.879,285.014,390.323,398.851,740.096,882.084,1378.91,13.1867,23.2817,62.3429,56.8043,87.0593,146.947,181.165,324.394,358.45,773.857,808.723,1383.07,14.6395,18.8354,46.2833,69.3438,98.7294,131.834,165.524,312.282,395.641,521.034,897.136,1013.01,8.33562,14.3783,43.1582,58.0346,82.705,107.986,151.242,329.614,337.647,597.34,621.114,1103.46,8.95272,12.7489,24.3829,46.7274,70.7027,128.676,187.322,211.954,336.759,641.941,592.908,871.947,8.40176,12.2287,28.7836,45.9334,61.0872,84.4752,125.481,204.098,237.409,390.149,675.842,775.661,5.43062,10.5922,20.1224,33.4541,69.3986,140.65,111.675,122.737,299.39,491.535,554.865,822.276,5.8373,7.74029,21.1793,21.6858,45.8859,101.009,132.716,141.571,235.989,362.458,398.246,893.824,5.00397,6.3518,13.2988,31.5363,40.849,81.6884,85.4731,107.783,157.412,302.812,450.79,859.598,4.95694,6.8289,19.4063,31.3718,43.3943,42.9779,115.442,127.73,168.134,334.653,422.323,555.452,4.06355,6.62583,18.4569,22.9589,21.6598,81.4429,79.9626,111.106,236.554,303.808,419.008,698.229,3.49382,4.45908,11.731,18.1402,18.2856,41.7978,39.6838,91.6546,221.612,261.194,406.042,756.756,3.56857,5.54457,7.63689,9.69979,36.4783,25.1593,33.869,108.849,95.6616,155.251,280.697,649.421,3.66119,3.98968,8.5999,11.0719,11.5197,34.2021,31.6599,83.3636,94.3505,165.402,225.337,616.836,2.61456,5.0605,9.1307,13.0414,12.2211,21.5532,41.1041,48.3619,81.7577,102.359,123.672,251.444,3.27319,3.61382,8.02967,6.9383,13.3343,20.2133,30.0153,74.41,74.4422,94.0819,148.364,256.534,2.53816,3.88667,6.12788,6.01066,9.35355,14.4484,21.4763,28.5877,29.6088,76.0197,81.2986,217.74,2.07815,2.42197,5.68517,5.92497,7.6904,10.712,17.108,26.4325,29.1126,42.1117,66.9483,103.034,2.07074,2.51234,3.79355,7.90474,6.05743,7.6307,10.4338,22.678,23.9679,54.8501,45.132,67.3365,1.93019,2.17142,3.2445,4.21728,7.42218,7.87493,9.88685,14.6469,20.943,28.9259,39.6203,70.254,1.97546,2.07625,3.21646,3.95796,5.65826,7.67372,9.51081,14.6019,18.3476,25.4447,33.2899,46.8732
3800,21.4981,25.3338,50.9785,116.75,87.7193,182.147,267.62,355.467,482.012,608.799,1161.73,1530.67,18.9644,24.439,69.9735,74.6442,126.302,154.007,165.028,322.313,441.021,539.787,903.078,1421.21,10.625,25.6713,57.6631,94.6242,104.931,143.777,254.923,228.735,529.599,664.665,722.259,1032.41,11.2976,28.6911,58.3473,101.546,95.2488,153.486,198.073,282.412,382.825,578.262,832.042,1217.87,13.2332,27.9178,49.6822,66.5028,105.217,127.879,285.014,383.487,398.851,591.295,882.084,1378.91,13.1867,23.2817,57.861,56.8043,85.6948,140.369,179.852,329.758,363.294,769.377,782.189,1383.07,14.6786,18.8354,44.1883,67.5874,98.7294,131.834,182.864,312.282,413.06,522.744,897.136,1008.89,8.89615,15.1179,43.1582,56.5463,78.9142,132.214,148.023,323.82,371.883,597.34,621.114,1250.1,9.00864,12.4785,25.5483,43.3895,72.0897,128.676,176.838,211.954,336.744,641.941,592.881,790.024,7.92846,13.5126,28.5385,46.5709,66.6268,84.7107,136.629,201.127,231.454,388.519,617.248,775.637,5.64432,10.7392,21.6428,29.573,59.4299,143.572,93.2305,123.381,299.39,491.525,646.375,801.97,5.58092,7.4624,21.5101,28.1815,45.9795,89.206,132.119,126.176,229.89,320.9,398.256,912.066,4.78642,5.31225,13.0453,30.356,38.0653,79.714,84.7397,115.387,152.897,305.929,448.104,927.072,5.00311,6.7722,19.7826,27.1699,43.7379,47.1698,85.6985,120.985,162.208,328.033,412.542,515.228,3.93863,5.6588,18.1752,18.8413,21.2267,71.3219,75.1521,102.573,204.831,323.851,392.828,717.64,3.65197,4.55177,11.94,14.9184,16.4098,31.017,37.4884,93.4598,158.973,252.285,372.649,749.614,3.43374,5.15007,8.09096,10.4001,37.8864,26.3039,35.0869,103.781,110.315,193.371,283.304,694.878,3.82013,4.2084,8.27768,10.6265,11.4417,33.5247,34.0613,83.3028,68.1768,168.352,228.212,532.022,2.55736,4.84959,9.11298,13.8803,12.0163,23.6328,41.2516,50.6448,82.7408,96.4199,126.98,201.005,3.03442,3.47367,8.0961,7.15643,13.0484,19.9075,30.8182,61.859,77.3616,105.051,155.453,260.115,2.29379,3.78318,6.82048,5.84866,9.37692,14.4054,24.0729,28.3517,29.6078,84.0258,73.4769,204.413,2.05446,2.42703,5.68452,5.69501,7.16357,9.05619,17.1579,25.8659,28.4955,43.0113,64.91,100.554,2.04804,2.50488,3.82087,6.78621,6.08522,7.56048,10.6514,22.8005,24.9308,53.9182,44.99,70.6742,1.88191,2.14919,3.24808,4.12214,6.88457,8.12918,9.78095,14.5635,22.6151,29.8933,38.9352,88.7101,1.91329,2.09286,3.23659,3.9085,5.57552,8.32373,9.78085,14.5893,18.4535,24.8307,33.3977,47.6814
3825,20.9266,25.4355,50.9785,116.75,79.7284,182.147,267.62,355.467,451.269,608.799,1161.73,1530.67,18.9644,28.8173,71.4896,78.0288,121.047,154.007,165.028,334.981,441.021,539.787,1041.31,1291.93,10.8367,25.8715,55.402,85.4154,104.931,135.866,254.339,229.018,529.599,659.851,719.808,1032.41,11.2976,27.823,57.255,101.546,95.2488,153.486,198.073,275.117,422.417,552.401,805.982,1039.21,13.2981,27.9178,47.0165,74.5762,105.217,127.879,264.489,407.62,398.851,740.096,882.084,1237.49,13.1867,23.2817,65.9883,56.8043,92.9616,129.819,176.996,327.416,407.417,773.857,808.723,1383.07,14.7506,18.8354,46.2833,61.0957,95.9215,132.475,165.524,312.282,413.06,484.203,857.35,1008.89,9.00456,16.3404,43.1461,55.0151,82.6999,130.206,152.617,324.814,360.054,597.34,621.114,1265.79,8.33342,12.7841,25.7948,46.7411,72.0782,119.926,187.292,211.964,261.118,642.12,592.881,871.969,7.76273,14.0349,28.8532,47.2025,62.7544,90.5121,125.076,189.203,231.45,386.767,675.873,775.61,5.52302,10.644,23.2511,33.3305,70.8799,143.557,115.285,123.306,299.409,491.522,646.413,716.036,5.34232,7.90889,20.3655,26.6054,42.1074,98.8853,132.08,149.999,235.901,320.902,392.115,912.083,4.79693,5.81689,13.544,31.7612,41.0984,81.3183,83.8953,114.303,145.83,305.936,448.048,934.634,4.29822,6.61488,16.946,29.1135,44.0138,47.6694,113.364,152.943,136.083,302.707,415.6,556.885,3.95679,6.06247,19.0923,20.5078,25.4559,78.4717,63.6398,106.187,241.999,305.652,424.584,805.33,3.70644,4.39988,11.2721,17.7163,18.6731,34.6911,40.1593,92.5414,157.743,250.505,384.728,763.697,3.52135,5.09697,8.32762,9.62292,32.4028,30.0975,35.9689,94.5468,102.869,196.324,275.524,597.032,3.96525,4.07257,8.64999,10.6257,11.9123,33.5078,32.3737,78.3053,104.383,148.538,185.15,625.121,2.49949,4.8522,7.9666,11.3911,11.8335,21.6071,41.9919,49.8758,82.0358,95.8912,129.262,303.245,3.11121,3.74923,7.43351,6.7877,12.9176,18.8303,30.1451,75.9812,76.2629,106.15,142.169,249.277,2.65305,3.87033,6.6138,5.94689,10.2922,14.2694,21.2438,28.3791,28.9396,81.6165,82.0789,210.999,2.07398,2.37817,5.52376,5.36361,7.54117,10.4604,17.4493,25.4019,28.894,40.2755,66.1294,100.193,2.13889,2.475,4.14812,7.21454,6.69364,7.99498,10.2103,22.2279,22.6022,51.0587,44.806,69.5858,2.02982,2.12197,3.21256,4.20931,6.98221,8.18102,10.1513,14.7004,22.9351,28.8664,37.2932,85.1147,1.83111,2.13364,3.20029,3.78835,5.49494,8.14808,9.73713,14.644,18.5205,25.1229,33.9408,47.1294
3850,20.4714,23.6,50.1722,113.314,89.7045,182.147,267.62,355.467,461.433,608.799,1161.73,1530.67,18.9644,27.2376,71.4896,71.3069,121.047,154.007,158.947,322.528,441.021,539.787,1041.31,1421.21,8.91483,25.9582,63.5798,85.4154,104.931,175.216,254.923,226.922,529.599,681.837,812.667,1032.41,11.1042,27.3077,56.7217,99.7306,95.2488,153.486,198.073,282.412,452.234,578.262,755.284,1038.56,13.2981,27.9178,49.6822,78.7628,105.217,127.879,228.089,393.197,398.851,649.791,882.084,1378.91,13.7082,22.6478,65.9883,56.8043,88.8993,146.005,180.716,327.416,395.175,773.857,808.723,1383.07,14.5994,18.9137,46.2833,69.3227,98.7294,131.834,165.524,312.282,362.42,521.034,897.136,1008.89,9.0279,16.9058,43.1461,57.367,82.6999,132.214,145.942,324.814,324.946,597.34,621.114,1132.57,8.36992,13.2413,24.0599,46.0455,69.3551,117.699,187.292,211.964,336.768,642.12,592.881,896.194,7.54027,14.2617,29.4884,45.1951,61.9291,91.6338,136.703,205.017,231.441,386.767,675.888,775.775,5.42801,10.1073,24.404,25.5841,69.8962,141.185,114.393,121.371,240.651,460.037,646.395,802.21,5.52154,7.7626,19.7293,27.8441,46.6486,100.849,127.407,150.002,235.792,321.891,455.251,912.211,4.44452,7.71192,13.4426,31.4098,40.4171,57.494,79.8911,114.08,147.581,312.634,447.935,934.569,5.00648,6.39133,19.7302,32.7444,43.7091,35.3599,112.468,152.07,180.537,333.11,424.942,435.944,3.82088,6.40092,17.3314,24.6998,23.4226,79.1165,74.4591,113.688,214.707,309.183,425.771,679.025,4.16505,4.82636,11.3269,16.2126,16.9022,37.5457,37.4774,89.0185,236.593,269.727,418.192,738.351,3.51053,5.24404,8.15109,9.98978,33.1203,25.4015,34.2588,109.099,103.329,178.256,274.822,737.783,3.89746,3.80902,7.92455,11.7586,11.6263,31.7346,36.0264,79.5328,76.9176,150.395,186.591,608.627,2.53677,4.87529,9.09777,12.9237,11.8522,22.7745,41.0104,51.9016,82.3429,106.369,135.918,248.838,3.22557,4.02578,7.87847,6.8602,12.617,20.0514,31.8053,69.4433,70.7943,101.507,158.884,241.369,2.4003,3.68991,6.16321,5.92289,10.0067,14.0596,22.9676,30.0953,28.8994,76.9305,75.5559,203.288,1.99789,2.4311,5.36755,5.69312,7.48446,8.97943,17.0619,25.5679,29.9582,41.0585,64.7004,109.537,2.18195,2.43411,4.15171,8.13557,7.18913,7.96102,10.491,21.63,24.7013,53.3372,44.6041,71.7727,2.10801,2.27213,3.22474,4.02747,7.14913,7.9807,9.52867,14.7161,19.8733,28.3944,38.9959,76.1635,1.72532,2.13829,3.18157,3.77512,5.43631,8.93783,9.45403,14.7761,19.269,25.2463,32.8381,47.3775
3875,21.4981,25.3653,50.9785,116.75,87.7193,187.735,251.24,355.467,482.012,590.747,1102.78,1530.67,18.9644,27.2376,71.4896,78.0288,102.047,140.526,156.606,322.632,489.284,539.787,1041.31,1421.21,10.7824,25.9582,57.6631,85.4154,98.8539,143.777,254.923,238.088,424.214,573.675,722.259,1032.41,11.1042,28.6911,56.6467,101.546,95.2488,133.209,198.073,282.412,414.135,578.262,832.042,1016.5,13.2556,27.4562,49.6822,78.7628,105.217,127.879,285.014,384.433,398.851,740.096,978.76,1378.91,13.1867,23.2817,64.1003,56.8043,87.0593,146.947,180.716,332.875,407.417,773.857,814.183,1383.07,14.6089,18.9137,46.2833,69.3227,98.7294,131.834,162.177,305.834,377.277,541.948,897.136,1012.13,9.29193,16.3355,43.1461,58.0733,83.032,123.419,137.029,282.924,371.883,597.34,621.114,1265.81,9.49518,12.7823,25.5238,46.0556,72.0782,117.82,187.302,211.964,279.312,642.12,592.891,871.969,7.70575,13.8581,28.2092,45.8858,57.6202,92.412,135.315,205.01,238.462,386.806,537.745,744.157,5.2744,9.89057,22.4257,32.3819,69.6387,124.578,102.359,125.6,279.206,491.315,646.418,802.237,5.31319,7.86434,21.0721,28.0629,45.5426,96.2151,133.502,149.992,237.411,321.912,398.588,912.309,4.86564,6.28613,15.7451,31.9153,40.4067,80.7885,84.6898,110.752,147.041,308.301,447.9,934.623,4.78373,6.80285,19.5895,31.5175,35.323,47.1119,117.284,156.779,154.448,335.312,424.901,561.987,3.80097,6.23495,18.8385,25.3247,23.2372,78.1986,72.1783,104.176,235.843,318.961,426.079,802.005,3.23485,4.55797,11.6485,16.1773,17.3063,38.7847,37.8002,93.1332,243.895,251.998,409.995,698.793,3.5798,5.34045,8.83661,13.6749,35.6353,25.6641,30.7391,108.825,102.013,195.474,272.103,729.962,3.75523,3.9002,8.44209,10.8736,11.7021,33.1601,28.5435,80.2548,98.1392,159.277,184.593,604.435,2.46308,4.67864,8.42251,12.9663,11.4761,21.504,35.2777,51.6686,79.7041,92.3674,124.536,257.69,3.0286,3.89429,8.11487,6.81413,13.2067,19.1126,32.3422,72.6435,73.7618,101.81,142.307,244.834,2.24657,3.69709,6.96177,5.98266,9.8864,14.0205,20.6445,28.3161,28.3539,80.7489,83.0963,195.861,2.05196,2.40527,5.42857,5.55069,7.12071,10.0833,17.1563,25.1082,30.2507,40.5371,60.7377,98.8184,2.11272,2.4687,3.93299,8.03613,7.31522,8.26878,10.0954,21.3463,24.579,52.2764,44.3696,76.8477,2.02767,2.39375,3.19479,4.14233,6.9583,8.10822,10.165,14.266,20.632,27.7399,39.5015,83.3386,1.90677,2.16474,3.16714,3.86942,5.434,8.46197,9.5244,15.0846,18.9614,24.9604,32.1511,45.8933
3900,19.9358,25.4355,50.9785,116.75,83.1493,182.147,267.62,329.966,482.012,608.799,1202.28,1530.67,18.9644,22.3909,71.4896,78.0288,95.6559,154.007,162.875,322.528,338.291,476.53,1041.31,1369.2,10.7824,25.9582,57.6631,76.4103,104.931,143.777,239.914,228.735,529.599,681.837,722.259,1032.41,11.6391,28.6911,54.6079,101.546,95.2488,153.486,198.073,282.412,422.417,578.262,832.042,1038.56,13.2981,26.0933,49.6822,79.6164,100.073,127.879,285.014,407.62,398.851,740.096,882.084,1378.91,14.0897,23.2817,68.5059,52.0598,87.0593,146.947,176.454,327.416,407.417,773.857,808.723,1293.67,14.4718,17.557,46.2833,69.3227,98.7294,126.43,178.859,286.344,413.06,541.948,897.136,1008.89,9.35963,17.0541,42.1794,61.2554,83.032,132.214,152.629,319.385,371.898,597.34,621.114,1265.81,9.31232,13.135,28.2898,46.44,71.5004,110.662,187.318,211.964,336.735,642.197,564.725,871.969,7.42374,11.2839,28.4019,47.6409,66.4813,84.3769,132.375,205.062,226.888,386.797,675.928,743.726,5.3879,9.77475,21.043,32.5376,68.1775,143.867,91.2302,121.771,301.653,491.325,609.853,802.237,5.33773,6.91145,19.8159,28.0397,45.6338,115.239,131.404,148.902,239.177,321.831,478.382,912.297,4.60626,6.16824,13.7429,31.3694,41.9764,70.1756,73.5671,114.518,145.346,297.546,447.916,880.927,4.87536,6.70969,18.8113,33.8883,45.3857,46.8755,85.3126,152.041,188.257,286.048,421.704,557.253,3.71398,6.25831,18.7957,15.2086,23.8778,67.6361,74.5217,108.662,238.531,318.466,431.823,802.068,3.57505,4.45671,10.9224,14.9452,18.1187,36.6636,40.4001,92.4012,245.613,272.593,397.821,741.561,3.18584,5.55347,8.11701,9.62662,37.6203,25.7111,34.9866,110.067,102.977,194.873,272.527,674.479,3.7006,3.99236,8.25577,11.5192,11.3247,33.1998,34.7052,81.3968,98.3931,163.665,174.126,600.933,2.52994,4.31801,8.58863,13.5791,11.813,20.3873,40.6028,49.8239,71.6778,106.124,126.107,319.41,2.90944,3.67716,8.2363,7.13859,12.81,20.2458,30.7171,71.7934,75.5555,104.674,159.989,219.016,2.45236,3.62655,6.65685,6.06717,9.72853,13.9513,22.7454,28.3442,28.3538,80.7166,78.8584,197.85,2.10227,2.35869,5.40235,5.28486,7.16849,10.1462,16.9864,24.8709,29.4099,40.9749,63.66,96.6911,2.02968,2.34936,4.11754,7.31965,6.89666,7.78533,10.1058,20.9594,22.1487,49.4495,44.0648,80.7781,1.94173,2.25527,3.18502,4.06164,6.90552,8.29058,10.9503,14.2186,21.8643,29.6247,37.7235,83.6956,2.00125,2.17772,3.11812,3.81516,5.3331,8.40235,9.56064,15.5611,18.4203,24.843,33.3866,46.9748
3925,21.4981,25.4355,50.9785,116.75,87.7193,173.518,267.62,355.467,482.012,608.799,1097.4,1530.67,18.9644,27.2376,71.4896,74.3019,121.047,154.007,165.028,307.544,405.621,510.115,1041.31,1421.21,10.7824,25.9582,57.6631,85.4154,107.503,143.777,255.272,241.406,529.599,665.682,690.554,1032.41,11.3284,28.0398,57.205,101.546,95.2488,153.486,198.073,290.117,392.64,578.262,832.042,1038.56,13.4022,26.3502,49.6822,78.7628,105.217,127.879,285.014,399.367,398.851,715.207,882.084,1358.52,13.1867,23.2817,65.9883,53.1757,87.0593,146.947,174.54,327.416,407.417,773.857,781.878,1383.07,14.0272,18.8354,46.2833,68.1006,98.7294,131.8,165.524,302.058,403.862,541.948,899.869,1008.89,9.49563,17.0759,43.1461,61.2554,83.032,129.57,146.136,280.727,371.898,573.001,644.483,1198.58,8.56705,13.2393,24.563,46.4524,71.5179,126.839,187.318,211.972,260.561,642.197,539.953,871.969,7.8396,13.5912,27.8718,47.4626,63.3514,89.542,137.307,207.013,232.63,386.777,651.547,772.027,5.20075,9.67859,23.9733,34.8919,69.2214,123.679,111.842,126.169,295.347,516.371,646.55,774.144,4.89977,7.45303,20.179,25.7861,44.667,96.3592,124.142,139.816,237.468,320.774,398.589,912.297,4.71026,6.02035,13.0887,31.0941,42.6336,76.032,83.4641,105.711,148.641,306.99,447.987,854.578,4.81833,6.56357,22.8752,34.2681,42.1075,40.8134,116.205,153.748,187.082,328.161,419.386,617.06,3.52991,6.23403,18.5732,20.4348,24.94,74.3942,72.3563,113.785,240.432,330.73,434.25,790.466,3.58095,4.211,11.1367,15.0778,16.858,34.7195,39.078,76.5243,210.112,265.686,322.421,739.348,3.63753,5.23855,7.90896,7.99752,34.0462,26.1293,28.5697,108.384,104.899,179.546,273.636,596.355,3.55975,4.41271,8.45312,10.7448,11.2537,30.9051,35.288,113.327,86.297,167.26,168.472,548.458,2.51831,4.77378,8.63671,12.0819,11.8686,22.2413,40.8988,65.1711,77.4275,82.3692,129.272,313.682,3.15687,4.02265,7.98458,6.69149,12.2086,22.4158,32.4816,72.6149,71.3538,107.82,148.435,243.889,2.72322,3.66362,6.33033,5.84859,9.23214,13.6824,23.2062,27.5092,25.2263,79.4965,77.9114,203.811,2.094,2.37952,5.36185,5.40211,7.39803,10.1875,16.1482,24.74,31.0614,39.9452,61.7132,95.9308,2.29953,2.39016,3.80503,7.72506,8.19056,8.6005,10.3761,20.7483,20.7943,52.1917,43.9767,76.004,1.98624,2.1663,3.09346,4.00024,7.01413,8.02399,12.7336,14.6024,21.8849,28.6639,38.5886,77.5737,1.78854,2.15251,3.32714,3.69598,5.30034,8.82754,9.48814,15.0765,19.2927,24.6546,33.6829,46.52
3950,21.4981,23.1839,50.9785,116.75,87.7193,182.147,267.62,355.467,482.012,608.799,1161.73,1511.78,18.9644,27.2376,69.2954,78.0288,121.047,148.807,165.028,322.528,347.922,552.209,1041.31,1421.21,10.7824,22.8482,58.802,82.8561,106.093,143.777,254.923,216.482,529.599,656.099,782.378,1019.6,11.3284,27.6609,57.205,101.546,95.2488,137.75,198.073,282.412,422.417,560.096,832.042,1052.53,13.0725,27.4562,49.6822,75.6322,102.629,127.879,260.086,379.924,398.851,740.096,882.084,1340.72,13.1112,23.2817,65.9883,55.3766,84.2847,146.947,180.716,327.416,377.65,732.173,808.723,1383.07,14.8448,18.8354,46.2833,64.2057,98.7294,131.8,165.524,312.282,413.06,521.034,858.976,1008.89,9.54101,16.842,43.1461,61.0112,83.0556,132.214,152.728,324.805,326.429,597.351,523.84,1265.81,8.78907,13.1488,26.9532,45.9666,71.5298,117.491,187.318,211.972,336.783,642.197,592.895,871.969,8.06735,13.9331,29.6134,43.881,65.695,85.3105,133.591,207.014,232.587,360.011,505.85,781.41,5.29189,9.10125,24.2238,27.1994,66.5089,138.798,111.856,124.277,285.863,506.2,646.601,802.253,4.94278,6.71458,21.3211,23.2577,45.2427,92.9696,132.761,148.842,237.478,325.013,398.564,823.88,4.7144,6.1273,16.165,29.7089,39.0816,81.9476,82.8065,115.148,148.7,307.218,445.421,673.89,4.97441,6.81958,20.3934,31.2568,44.9655,43.5297,115.031,139.628,180.013,335.046,419.366,557.049,3.79606,6.24269,18.6732,19.52,20.4197,62.0007,74.1416,110.109,238.527,300.492,434.124,790.7,3.96437,4.36598,10.6141,15.9758,20.7579,35.3666,43.5911,90.8376,230.337,272.218,417.885,712.606,3.61076,5.36845,7.37321,9.98434,35.3421,24.793,32.9698,107.94,93.7184,190.393,271.429,701.965,3.61153,4.16942,8.11989,10.9663,11.8766,32.5056,27.2788,107.663,98.5791,155.261,213.265,350.424,2.4591,4.52506,8.73863,12.7957,11.8761,22.418,39.8218,53.8515,78.1291,111.126,132.64,233.543,2.83434,3.9443,8.69722,6.72211,12.4061,20.287,31.2059,61.846,74.4781,112.367,147.614,239.262,2.57573,3.66694,6.77606,5.806,9.102,13.6419,22.4938,32.6999,27.868,82.2722,78.0179,201.871,2.10646,2.49752,5.12012,5.31778,7.23763,9.77239,16.6728,24.2957,31.2402,39.6596,61.8547,95.6506,2.30946,2.35052,3.73199,7.53855,8.22001,9.05397,10.3575,20.4659,20.5324,51.4502,43.7235,80.7569,1.89718,2.22224,3.17876,4.07471,6.82195,8.10511,10.9962,13.8133,21.0632,29.6826,39.331,78.9707,1.80014,2.13729,3.40005,3.70961,5.26248,8.38367,9.16912,15.6749,19.1074,24.4333,33.2233,46.4697
3975,21.4981,25.4355,50.9785,115.619,87.7193,182.147,267.62,355.467,482.012,590.491,1161.73,1373.11,18.2875,27.2376,71.4896,78.0288,115.88,154.007,165.028,322.528,441.021,539.787,1041.31,1421.21,10.4161,24.6864,57.6631,85.4154,99.8095,143.777,254.923,228.735,529.599,681.837,722.259,1032.41,11.3284,28.6911,57.205,101.546,95.2488,153.486,198.073,282.412,422.417,578.262,862.322,953.328,12.4262,28.3981,45.0015,78.7628,105.217,127.879,285.199,364.42,399.768,740.096,863.691,1292.02,13.1112,23.2817,65.9883,56.8043,87.0593,143.39,180.716,327.416,407.417,773.857,808.723,1270.54,14.7313,18.5826,46.2833,68.0939,98.7294,131.8,153.532,307.079,453.844,541.948,897.136,1008.89,9.50579,15.6252,43.1461,59.2052,83.062,127.786,152.62,324.805,368.383,580.777,621.121,1265.81,8.82759,13.1055,26.9527,44.5139,69.6902,126.862,168.487,178.448,268.436,590.355,592.867,871.969,8.14877,14.153,25.9496,47.2926,66.3348,84.2415,135.399,204.203,226.12,386.829,676.006,781.386,5.29658,9.38808,21.9727,31.7649,69.2845,146.443,90.453,115.301,295.239,506.197,646.666,802.262,5.17333,6.79711,19.8062,26.5601,44.7069,96.4871,130.263,147.394,235.807,282.602,366.817,912.467,4.82792,6.4509,13.9298,30.0726,38.3491,70.2812,83.5003,109.682,141.603,274.369,442.935,935.271,4.46367,6.88181,21.7282,32.0384,44.6373,46.8239,116.765,127.657,180.35,314.95,419.361,558.533,3.63303,5.39372,16.4539,21.6049,27.67,78.2473,72.0497,115.125,232.698,399.928,438.049,721.757,3.33609,4.33507,11.037,15.2273,19.5534,29.9765,37.3313,89.2034,234.872,270.371,356.643,742.103,3.5049,5.18129,8.26606,9.66593,32.3032,25.8103,28.1646,107.144,100.851,199.839,265.398,625.917,3.63391,4.22584,8.03862,10.8555,11.8179,32.2456,35.3575,119.121,87.3256,152.249,183.478,624.95,2.41651,4.47735,8.8667,12.8058,11.5361,23.8934,39.528,49.5977,67.3513,92.5508,121.835,317.698,3.32199,3.75326,8.68337,6.79158,13.116,18.5993,31.2045,69.3552,75.4752,100.378,137.176,213.194,2.30334,3.5423,6.49706,6.18873,9.29112,13.7315,22.2972,32.861,24.8235,78.3527,65.5725,192.805,2.12192,2.32025,5.20795,5.35197,7.0161,8.80053,16.6159,24.4494,30.7152,39.3949,60.6882,94.3949,2.20191,2.25899,3.72983,7.25926,8.24352,8.98481,9.98426,20.1659,20.9893,51.0913,43.5896,84.1108,1.90791,2.28822,3.25763,4.03837,6.70046,8.01696,11.6897,13.8242,21.5475,28.9354,36.5702,83.3167,1.91509,2.15531,3.57165,3.78602,5.16848,8.29588,9.16422,16.323,18.1102,24.4411,33.0215,46.4928
4000,21.4981,25.4355,50.9785,116.75,82.5208,182.147,267.62,355.198,497.395,593.849,1161.73,1530.67,18.9644,27.6205,69.3281,78.0288,123.463,154.007,165.028,322.528,355.924,526.757,1041.31,1421.21,11.4608,25.9582,57.6631,84.5424,109.355,144.102,254.923,252.837,529.599,681.837,722.259,1032.41,10.6167,28.6911,57.205,101.546,95.2488,153.486,217.338,282.412,422.417,578.262,794.457,1038.56,13.2981,27.4562,49.6822,79.6885,102.475,119.664,285.014,407.62,398.851,740.096,882.084,1378.91,13.1112,23.2817,65.9883,56.8043,87.0593,146.947,177.567,327.416,407.417,773.857,808.723,1383.07,14.6584,18.5826,46.2833,68.0939,100.694,131.811,165.524,312.282,413.06,521.034,897.136,1008.89,9.58686,16.4082,41.4041,59.2052,83.062,108.249,141.811,324.805,371.926,597.351,590.726,1200.3,9.7398,13.5244,29.6832,56.1528,70.974,126.862,187.347,211.972,336.783,642.197,592.867,871.969,8.40974,12.0567,29.2659,45.4407,61.8958,82.2409,124.505,206.1,232.62,386.854,676.011,778.484,5.14421,9.53325,19.613,34.2322,68.1964,145.491,111.914,122.835,295.286,506.172,646.664,802.332,5.36167,7.69173,20.4783,25.6903,46.4074,97.6135,131.481,148.139,220.005,325.042,400.311,880.077,4.35199,6.79126,16.7556,28.1403,43.3293,81.0715,83.6036,117.232,123.889,305.061,442.93,794.34,4.31679,6.87355,16.8035,31.9433,42.4626,43.119,86.1495,102.974,182.025,324.144,419.369,624.167,3.58362,6.20035,18.7703,19.9592,20.6051,73.9616,75.8101,87.088,244.388,363,433.516,794.597,3.24587,4.27304,11.0847,17.043,17.9191,36.7542,39.6481,89.7969,202.404,273.371,405.672,742.12,3.16823,5.17699,7.86927,9.3494,33.7253,29.1551,28.0321,101.535,97.8203,185.354,267.756,732.174,3.70282,4.32965,8.10563,12.4564,12.857,32.9723,31.9976,83.6022,96.0809,163.06,184.086,594.23,2.40502,4.41309,8.48771,11.009,11.7879,22.128,41.0759,52.1498,66.7072,92.0019,133.14,256.271,3.05913,3.77348,7.98899,6.87262,13.0349,18.6092,32.0667,71.5483,75.5273,117.98,150.15,237.993,2.45412,3.56786,6.16501,6.54096,8.93207,13.6768,19.8922,32.3913,24.5625,77.8031,82.9044,197.428,2.09936,2.47121,5.17131,5.31844,7.39415,10.0091,16.5411,23.9428,29.9289,37.7219,59.3014,93.2563,2.24054,2.31109,3.66863,7.25467,8.58618,8.92999,10.3221,19.7984,24.1369,49.2831,43.8708,88.4511,1.91056,2.24313,3.06903,3.96154,6.66111,8.10173,12.1045,14.5768,21.9351,29.5099,36.2868,82.4715,1.9318,2.09629,3.78667,3.64982,5.15196,8.4779,9.36367,15.0408,18.3589,23.7771,34.3524,45.8896
4025,21.4981,25.4355,48.2767,116.75,91.8622,182.147,267.62,335.572,482.012,608.799,1161.73,1530.67,18.9644,27.2376,71.4896,77.9762,119.713,154.007,163.035,322.528,445.525,531.384,1041.31,1421.21,10.7824,25.9582,57.6631,85.4154,104.931,143.777,236.056,230.651,529.599,681.837,722.259,1032.41,11.3438,28.6911,58.3473,101.546,95.2488,153.486,198.073,282.412,422.417,578.262,764.75,1009.22,13.2981,26.3538,49.6822,78.7628,103.705,127.879,285.014,383.487,398.851,591.295,882.084,1378.91,13.5579,22.404,57.861,56.8043,87.0593,146.947,179.852,327.416,407.417,773.857,808.723,1277.58,14.9185,18.5584,44.1883,65.7046,92.0339,131.822,165.524,284.804,360.575,541.94,897.136,1008.89,9.58178,17.056,43.1717,46.5978,83.0256,128.629,152.62,323.812,371.94,597.351,592.052,1265.81,9.81138,13.4056,27.4725,46.3223,70.9978,124.584,175.979,180.363,336.807,558.67,592.867,871.969,8.13589,12.93,28.8364,43.7161,67.4066,91.2274,133.987,206.094,232.618,391.908,616.225,759.371,5.26603,9.55272,23.7469,35.1184,70.6129,144.974,112.055,118.264,247.79,506.185,646.636,802.353,6.28328,7.316,20.2342,28.604,43.983,99.6709,130.882,152.212,235.96,332.115,398.535,912.527,4.60028,6.24555,13.549,29.2112,40.8856,83.3645,83.8605,109.142,149.369,308.184,440.681,663.077,4.20625,6.4637,22.0068,32.376,43.7247,51.8613,115.551,148.62,173.473,324.097,361.579,555.591,3.44895,6.17464,18.3021,20.0821,21.3302,76.7503,73.7578,114.732,211.28,362.357,426.519,791.814,3.94452,4.43448,10.8822,15.8865,16.3072,34.1393,38.2741,91.7793,233.737,272.377,355.987,730.456,3.52546,5.09542,7.85924,9.71679,26.3385,43.4903,28.3171,105.41,102.338,198.095,233.377,728.54,3.53879,4.62577,7.58506,11.3799,11.9038,30.5971,34.8982,115.129,75.1119,160.265,181.911,602.062,2.4994,4.60027,8.60966,11.2064,11.4777,22.9152,40.5666,51.8364,73.1672,106.847,115.025,274.961,3.40703,3.8965,8.69835,6.77062,12.2541,19.7999,28.8742,55.8867,69.8742,99.3026,153.347,232.654,2.68873,3.55723,6.25371,7.26497,8.89228,13.6929,21.8345,29.6799,26.897,75.4318,79.2211,191.575,2.0175,2.79055,4.97216,5.17937,7.05509,9.63849,16.111,23.7204,29.9605,39.1634,60.2938,105.866,2.20075,2.2642,3.67479,7.08296,8.68659,8.61962,10.1222,19.0151,19.8771,49.8768,43.662,87.5863,1.88327,2.21334,3.09926,3.93715,6.73445,8.02583,12.3011,16.0284,20.5972,31.9055,39.0668,73.6285,2.06015,2.13185,3.86086,3.66012,5.21542,8.24455,9.1218,16.6431,19.1792,23.9308,33.8495,46.3895
4050,18.838,25.4355,47.1592,114.006,87.7193,179.632,267.62,355.467,482.012,608.799,1161.73,1530.67,18.9644,28.8173,71.4896,78.0288,121.047,147.442,156.606,319.675,441.021,539.787,917.02,1408.29,10.7824,25.9582,55.402,75.0147,92.2022,143.777,254.339,226.578,521.266,681.837,719.808,1032.41,11.3438,27.9286,57.205,101.546,95.2488,153.486,197.326,251.852,395.723,553.387,832.042,1026.61,13.2981,27.4562,49.6822,74.5762,107.157,127.879,285.014,407.62,398.851,760.581,882.084,1378.91,13.5789,22.1421,65.9883,56.8043,87.0593,146.947,177.621,327.416,407.417,773.857,808.723,1373.11,14.8225,18.6598,46.2833,60.4027,98.8706,128.102,165.524,293.938,413.06,484.198,897.136,1008.89,9.49833,17.1223,41.0576,53.2046,82.6996,122.44,152.62,281.208,360.046,576.015,621.121,1265.81,10.2572,13.4148,26.4471,45.8631,71.5219,124.608,187.331,211.949,314.457,642.197,581.736,871.969,8.36182,13.0342,27.5904,45.2892,65.1461,94.005,134.574,201.633,232.8,388.552,675.936,778.574,5.2154,10.6137,23.8622,33.2528,60.6781,144.571,99.7824,124.34,295.294,506.458,646.671,802.363,5.47846,7.91914,20.2007,27.0005,45.4198,100.874,130.896,151.21,230.459,328.944,398.495,912.455,4.75537,5.99187,15.4663,27.2261,41.9354,80.513,83.6423,117.256,134.129,305.876,443,930.811,4.18995,6.60175,22.2375,28.2856,43.5413,44.4275,112.639,153.976,162.957,322.199,422.918,559.057,3.64201,5.75232,18.2274,24.837,22.5235,74.8326,76.6386,102.077,237.749,366.37,426.646,791.9,3.99252,4.30928,11.0505,19.3601,17.1717,38.0548,40.844,93.5387,234.583,254.839,331.909,733.117,3.34559,4.99375,7.72988,9.17622,36.2396,42.9363,28.4848,93.8115,99.4195,198.272,250.289,738.424,3.62339,4.55278,7.79158,11.0397,11.8001,33.2609,32.7477,109.876,99.5449,159.857,180.046,589.79,2.45382,4.57254,7.69578,12.0542,11.4005,21.4736,38.5054,52.5704,68.6202,100.826,124.076,261.733,3.57287,3.94613,8.63535,6.61476,12.7829,18.7589,30.8082,70.9165,73.2161,119.419,148.924,238.285,2.55819,3.5201,6.59431,6.24123,8.7886,13.92,20.1446,32.6886,26.7449,80.1833,82.2857,184.079,1.98579,3.05324,5.13722,5.18441,7.39339,9.82517,16.0532,23.6423,29.8585,38.952,58.3188,92.3146,2.21801,2.26162,3.57792,6.91171,8.53745,8.54985,10.0077,18.909,20.3776,49.5556,43.4628,85.4748,1.84261,2.2343,3.03696,3.96803,6.59253,7.94589,11.6589,15.6737,20.5012,27.8068,45.881,79.953,1.86217,2.22151,4.10738,3.66625,5.22791,7.90771,9.08944,16.3775,18.3736,23.7361,33.3003,44.9555
4075,21.4981,23.4982,50.1722,116.75,87.7193,182.147,267.62,355.467,482.012,608.799,1161.73,1530.67,18.9644,27.2376,65.6037,71.3069,121.047,154.007,165.028,322.528,441.021,539.787,1041.31,1421.21,10.4358,25.9582,57.6631,85.4154,104.931,143.777,254.923,213.597,529.599,681.837,679.789,1032.41,11.2599,24.7215,56.7217,94.9739,95.2488,153.486,198.073,276.028,422.417,578.262,832.042,1038.56,13.3124,26.1312,49.6668,78.7628,105.217,122.109,285.014,398.705,398.851,649.791,882.084,1378.91,13.5789,23.2817,62.657,56.8043,87.0593,146.947,180.716,327.416,407.417,773.857,808.723,1383.07,14.9185,18.741,46.2833,67.4392,100.694,121.171,161.241,312.282,413.06,541.94,897.136,1008.89,9.18765,16.0676,43.5264,61.0457,82.6922,132.213,152.646,324.834,371.955,595.997,587.448,1265.81,9.37876,13.4754,28.1678,45.9019,71.5219,124.619,187.346,211.949,336.83,564.274,592.856,871.969,8.26963,14.4562,29.0842,40.8949,62.4974,93.3551,134.661,206.933,238.488,373.101,675.962,778.551,5.27378,10.9796,23.2935,34.7079,68.6543,147.019,90.6782,122.071,286.509,506.461,646.726,802.344,5.46552,7.56025,19.862,28.9895,45.1701,101.344,124.286,148.183,230.045,332.168,398.486,912.456,4.82202,5.46037,13.5479,34.9381,42.3869,79.6416,82.6327,119.023,160.341,294.9,540.214,930.843,4.1534,6.37849,21.8582,29.1707,34.9129,45.5715,82.5568,155.561,173.488,276.178,416.237,430.412,3.6441,5.9685,18.1452,15.835,25.1771,82.6768,75.1277,102.468,203.44,374.264,423.694,791.72,3.89185,4.7335,10.4084,16.092,18.4375,39.2453,39.8834,89.7413,245.297,257.259,354.981,727.426,3.07369,5.29314,7.86401,9.97938,34.6164,24.4252,29.9956,102.885,99.1428,175.922,265.907,738.156,3.42281,4.40525,7.56813,10.4196,11.8681,32.7169,35.0078,108.422,97.3682,181.836,162.887,557.279,2.4023,4.02131,8.61387,12.6909,11.3868,21.9988,39.4789,51.9576,70.8215,92.3642,128.08,312.112,3.47111,3.53505,7.8045,6.81557,12.5206,18.9333,28.7552,69.0539,75.1745,161.561,164.087,212.089,2.2773,3.43085,7.17064,6.63277,8.52528,13.4858,21.8386,32.1449,26.7163,79.1546,76.1016,191.659,2.05293,2.68046,5.10334,5.12786,7.32495,8.85887,15.758,23.2657,28.8284,37.7767,59.8149,90.2277,2.08918,2.29205,3.53256,6.8327,8.33795,8.40311,10.046,18.3668,21.2994,47.7158,44.4293,86.203,1.9123,2.25039,3.6114,3.94784,6.4343,8.00693,11.6298,14.3707,20.5146,29.6981,44.6969,76.9445,1.87848,2.16004,3.92245,3.6771,5.20688,7.90377,9.10207,15.4977,18.8035,23.1879,33.5531,45.7313
4100,18.3266,25.4355,50.9785,112.033,87.7193,182.147,267.62,355.467,482.012,608.799,1111.21,1530.67,19.0097,27.2376,71.4896,78.0288,121.047,154.007,153.902,322.632,441.021,539.787,1041.31,1375.18,10.7824,25.9582,57.6631,82.7859,100.482,143.777,254.923,234.359,505.188,634.543,722.259,1032.41,11.3555,28.8125,57.205,95.4481,95.2488,143.166,184.656,282.412,422.417,546.647,832.042,1071.94,13.2699,27.4562,48.2738,78.7628,85.6706,118.756,274.934,401.423,398.851,740.096,854.346,1378.91,13.5789,23.2817,65.9883,56.8043,87.0593,146.947,180.716,332.875,367.932,773.857,796.362,1383.07,15.0028,18.6669,46.2833,67.4392,100.694,116.638,152.545,303.474,413.06,541.94,897.136,1008.89,9.60852,16.4423,43.5264,61.0548,82.7022,120.341,140.465,294.567,282.195,595.997,610.206,1265.81,9.3636,13.6307,27.4113,45.8863,70.2254,118.18,187.344,213.474,336.83,642.248,586.103,855.222,8.25744,13.9727,28.2103,46.0622,61.9829,95.0663,134.018,209.259,212.163,369.036,537.82,724.53,5.39031,10.0736,20.1796,35.0074,71.1899,145.566,113.547,153.482,230.474,506.468,646.774,774.354,5.43635,7.67981,19.8098,25.7378,45.8249,101.322,131.571,133.241,237.653,328.941,398.535,912.488,4.68975,5.95417,13.4626,33.5657,44.9474,78.8737,80.9672,104.549,145.85,305.8,426.933,931.41,3.92082,6.40488,23.1041,31.9104,42.2318,45.9322,112.764,153.248,184.998,324.871,366.088,557.135,3.53371,5.61606,16.3121,20.2134,26.7947,80.7339,60.4099,102.909,236.831,391.997,425.795,776.834,3.71329,4.12178,10.4821,15.0633,14.2509,58.0101,40.6625,91.0572,162.066,262.847,417.899,727.323,3.11917,5.01193,7.84463,7.87593,32.028,29.6247,26.853,99.2236,102.123,193.165,221.384,747.988,3.64654,4.75398,8.02736,10.6262,13.0633,33.3014,36.6901,112.427,82.1014,161.435,153.897,547.009,2.37036,4.57875,7.70815,11.0527,11.1986,20.869,33.9532,51.3248,75.5552,90.9705,123.93,250.473,2.983,3.9029,8.00196,6.72847,12.8839,21.0186,32.176,72.1527,73.0178,122.95,145.67,244.489,2.60194,3.48315,6.77127,7.06635,8.5691,13.3043,20.5284,31.8299,24.2703,78.4667,81.6559,191.127,1.99744,3.03416,4.93792,5.09097,7.25137,9.98978,15.3834,23.0686,28.8978,38.6432,57.6943,135.121,2.05908,2.36114,3.60008,6.75066,8.42262,8.39267,9.83177,18.2977,24.1506,48.2672,43.6766,85.3297,1.95141,2.14114,3.93316,3.92867,6.47716,7.83198,11.7488,14.6936,20.6507,29.0862,39.0601,73.4705,1.77379,2.10259,3.88253,3.66523,5.10922,7.99336,8.88773,15.6068,19.5141,23.4068,33.2248,46.503
4125,21.4981,25.4355,50.9785,113.309,78.7057,182.147,267.62,355.467,482.012,608.799,1161.73,1530.67,18.9644,27.2376,71.4896,78.0288,121.047,154.007,162.875,322.528,338.291,539.787,1041.31,1284.2,10.7824,25.9582,57.6631,79.5951,108.469,143.777,254.923,228.735,529.599,681.837,688.076,1032.41,11.6662,28.4116,57.205,101.546,95.2488,149.18,194.986,282.412,412.667,578.262,781.601,1005.46,13.3124,27.4562,49.6668,79.6164,105.217,127.879,253.281,407.62,405.236,740.096,882.084,1343.61,13.5895,23.2817,68.5059,56.8043,87.0593,150.263,166.628,327.416,348.647,699.056,808.723,1383.07,14.3321,18.8285,46.2833,63.347,106.174,131.847,165.524,312.282,413.06,520.643,833.028,990.129,9.28321,16.5686,43.5264,59.5106,82.3922,132.202,152.634,319.414,374.31,595.997,621.121,1265.82,9.33524,13.1244,28.286,46.2534,70.2143,111.997,187.36,186.934,334.671,642.248,592.839,871.969,8.38478,13.8002,28.0488,47.6134,64.662,82.8587,121.717,196.861,232.49,377.055,687.79,732.173,5.15188,8.64097,23.5475,33.7195,70.4981,145.986,111.238,142.061,293.198,446.294,609.981,802.469,5.06553,7.72563,17.3752,23.0181,45.217,114.361,132.37,146.406,239.307,329.007,398.496,912.63,4.73521,5.90004,13.1788,33.5971,44.6156,80.7279,83.9892,97.4914,149.4,305.788,440.671,926.596,4.18591,6.5522,22.4475,31.9183,42.374,42.7855,116.815,150.687,168.393,325.37,415.521,555.546,3.69135,6.70122,17.1305,19.5032,26.1857,67.9786,79.4303,113.759,212.231,327.468,424.58,645.861,3.63209,4.41507,11.2752,14.4323,16.6893,57.5586,36.5576,82.8579,179.727,268.549,417.681,732.163,3.3197,5.03765,7.03064,10.2533,30.0454,41.5341,27.6125,99.535,100.94,183.622,264.624,721.183,3.46808,4.54338,7.50574,10.4168,12.2355,32.8911,36.6772,114.698,94.1819,158.716,182.012,614.725,2.44961,4.56746,8.16622,12.1708,11.2392,21.8933,45.9791,52.6737,73.9418,120.626,131.68,243.544,3.36488,3.90956,8.16158,6.71104,12.9123,19.4657,31.2818,67.0591,74.2506,136.672,148.885,229.913,2.51101,3.33614,6.1475,6.97887,8.36151,13.7636,21.5787,30.633,25.9773,81.7747,75.4845,193.214,2.02438,3.03724,4.79472,5.06699,6.8854,9.31873,15.7248,23.1021,28.3749,37.5414,58.0215,88.7909,2.14407,2.5475,3.51861,6.69654,8.23572,8.3215,9.8002,18.0834,20.4821,48.0928,43.505,85.0719,1.88972,2.16393,4.77368,3.96854,6.44382,7.96416,11.3716,16.053,20.2918,31.5986,39.8836,75.4915,1.78536,2.1437,3.92767,3.51526,5.37332,7.81867,8.92148,17.4432,18.9572,23.2996,33.0139,48.4295
4150,21.4981,24.2358,51.515,110.655,87.7193,182.147,267.62,355.616,482.012,590.747,1097.4,1530.67,18.9644,27.2376,71.4896,74.3019,106.354,154.007,165.028,282.823,331.937,518.54,1041.31,1354.19,10.7824,23.7278,57.6631,85.4154,104.931,138.834,219.101,228.735,541.899,681.837,722.259,1032.41,11.3555,28.6911,57.205,101.546,95.2488,150.675,198.073,282.412,422.417,578.262,832.042,1038.56,12.9283,25.1756,49.6668,76.9393,105.217,127.879,285.199,436.616,398.851,740.096,801.32,1358.52,13.5895,23.2817,65.9883,48.542,69.6105,137.353,180.716,323.648,407.417,773.857,781.878,1353.51,14.7972,18.8285,45.5786,68.0829,100.694,131.847,144.068,312.282,352.653,541.94,897.136,1008.89,9.57231,16.9349,43.3323,56.5653,83.0115,117.938,154.445,324.848,371.967,595.997,646.625,1265.82,9.32224,13.1946,28.2784,46.2457,70.2365,126.96,187.36,213.459,322.784,642.248,592.846,871.992,8.45285,13.4312,27.7907,46.2622,64.8942,94.6154,132.045,196.861,232.975,371.906,654.73,773.358,5.52224,9.05225,23.3957,33.8862,71.702,146.046,111.581,120.171,287.741,504.792,646.815,802.451,5.34474,6.76883,19.9032,26.3745,44.1024,99.5239,131.706,139.714,239.317,328.95,398.482,912.686,5.08859,5.80122,13.63,33.768,43.6591,75.4904,82.8843,99.5164,146.562,278.807,443.02,926.594,4.18418,7.37604,22.1128,32.7738,36.3631,50.2111,111.883,148.228,160.627,295.149,415.518,548.231,3.57672,6.65844,15.5706,24.2113,26.6259,80.1599,76.2171,113.518,230.838,343.447,424.851,792.276,3.49801,4.47646,10.9034,15.6049,15.9343,50.881,36.9641,86.8713,234.434,265.019,417.803,741.95,3.19627,4.9868,8.83932,8.73613,36.76,42.5967,29.1655,89.6934,100.561,179.478,264.041,523.754,3.28548,4.52252,7.74547,10.9798,11.4583,32.8179,29.5323,100.887,89.6483,161.92,179.71,614.309,2.37755,4.4283,8.22639,12.1761,11.0834,22.9993,40.8016,61.5529,74.6065,87.0517,129.722,304.149,3.45165,3.84097,8.05127,6.77953,12.2689,18.1045,31.2838,67.8953,77.8461,127.236,155.311,234.105,2.25041,3.45373,7.01213,6.55875,8.28716,13.6756,22.3364,32.8348,25.7916,79.2115,64.137,191.406,1.97956,2.79014,4.90256,5.01416,7.1692,8.95761,15.4202,22.8591,30.2613,38.3828,54.7579,88.2137,2.12901,2.96346,3.60702,6.6926,8.11945,8.22268,9.68801,17.857,23.8489,48.7858,44.6223,83.0456,1.89202,2.21814,4.0617,3.86624,6.33029,7.6817,11.3634,15.8969,19.842,29.0831,44.204,73.5001,1.88078,2.09992,3.90852,3.63123,5.74943,7.87076,8.92929,16.3003,18.7262,22.6869,32.5604,46.611
4175,21.4981,25.4355,50.9785,111.961,85.1403,182.147,271.723,324.554,482.012,608.799,1161.73,1530.67,18.9644,27.2376,71.4896,78.0288,115.01,154.007,165.028,322.528,441.021,539.787,1038.6,1250.76,10.7824,22.8482,57.6631,85.7026,102.285,143.777,254.923,228.735,529.599,681.837,722.259,1032.41,11.3555,28.6911,57.205,100.005,94.8841,153.486,198.073,282.412,422.417,578.262,832.042,1038.56,13.3124,27.4562,49.6822,78.7628,97.6228,127.879,221.287,407.62,398.851,741.923,882.084,1253.69,13.5895,17.5211,65.9883,56.8043,87.0593,146.947,176.454,327.428,377.65,773.857,802.426,1383.07,14.503,18.8285,38.4067,68.0829,95.1912,131.836,165.524,286.355,413.06,518.736,897.136,942.996,10.2048,16.8601,43.3369,61.0667,85.9939,129.587,149.848,324.848,351.694,595.997,621.121,1265.82,8.91058,12.9008,27.8368,45.3024,70.2476,118.247,187.36,213.459,336.807,642.274,592.846,871.992,7.85925,11.501,22.4445,45.4566,66.5994,82.9305,130.73,197.517,203.995,378.621,643.242,766.318,5.53828,10.2684,21.0151,28.8861,69.1273,144.824,111.367,121.72,299.484,506.109,646.755,802.476,5.29534,6.99936,19.5851,28.0782,48.6967,99.2826,132.338,146.458,239.434,328.894,398.488,912.673,4.8561,5.78882,15.9725,35.1437,42.3807,72.8079,82.0273,104.429,144.911,304.708,449.437,926.596,4.13824,6.62347,20.7191,31.039,37.2175,43.0217,116.114,153.024,178.9,330.737,410.77,553.913,3.53094,5.83014,17.4188,19.9176,26.9866,59.5434,75.1588,101.423,239.887,375.531,390.383,755.044,3.73202,4.48622,10.9224,16.2888,16.7062,50.0708,44.7373,89.9751,257.587,273.737,279.413,741.982,3.17964,4.91148,7.67304,9.33132,39.3802,41.2341,33.7481,101.58,101.432,165.182,248.09,708.128,3.49396,4.37988,7.84315,10.8738,12.4053,30.6817,27.8222,97.8874,97.2161,153.935,178.731,524.824,2.42085,4.45403,8.36123,12.032,11.4431,21.033,40.4171,52.7068,67.6252,117.778,104.501,236.19,3.37306,3.6367,7.35843,6.77116,12.0326,17.8427,31.0087,63.5086,78.7844,114.5,159.456,229.418,2.38998,3.45609,6.79467,6.5281,8.27106,13.2729,21.951,31.4593,25.7247,78.3347,74.3337,192.284,2.00068,3.03435,4.82979,5.01398,7.15194,9.47149,15.1396,22.424,28.0943,37.6071,55.0753,87.3516,2.09167,3.4382,3.5894,6.5961,8.00764,8.12862,9.51969,17.6849,27.8958,50.1591,44.8402,81.8054,1.80196,2.2341,4.01204,3.8808,6.26874,7.79323,11.3598,14.7144,19.7806,28.7845,42.955,73.2817,1.8123,2.10967,3.83949,3.72332,5.75201,7.75232,8.75757,17.0366,19.0334,22.5856,33.0979,45.5183
4200,21.4981,23.9346,49.2354,101.369,87.7193,182.147,267.94,355.467,482.012,608.799,1161.73,1373.11,17.8816,27.2376,71.4896,78.0288,114.5,154.007,165.028,322.528,367.297,528.055,1041.31,1421.21,10.7824,25.4416,57.6631,85.4154,99.8095,143.777,254.923,228.735,529.599,681.837,744.102,1032.41,11.3555,28.6911,57.205,101.546,95.2488,153.486,198.073,282.412,422.417,578.262,832.042,1038.56,13.3124,27.4562,49.6822,78.7628,105.217,129.227,285.014,382.76,398.851,580.379,863.691,1378.91,14.6946,19.1117,65.9883,56.8043,87.0593,156.865,182.076,323.295,407.417,742.425,808.723,1383.07,14.7951,17.9585,46.2738,68.0829,100.694,131.836,165.524,279.604,413.06,541.94,897.136,1008.89,9.43029,16.8703,43.3515,61.0667,82.3687,126.464,146.139,324.848,333.28,579.423,621.121,1240.06,8.99333,12.8292,28.9984,43.0435,70.2254,124.729,187.36,165.845,329.068,647.469,592.846,871.992,7.92851,13.3848,28.7406,41.3381,63.4495,88.7016,124.254,206.946,233.037,388.636,676.127,776.079,5.96118,9.92572,22.2283,32.1814,56.3971,142.417,89.5314,122.672,299.467,504.809,646.74,802.41,5.16696,7.51366,20.1021,24.1849,44.9042,99.0466,119.405,145.127,240.548,332.214,396.724,912.761,4.66867,5.77829,13.3667,34.7896,39.8208,78.619,75.2828,115.823,148.804,310.321,449.548,931.72,4.36432,6.39506,21.6679,32.9738,36.7544,50.617,113.6,155.994,180.985,330.741,358.581,575.389,3.44796,6.45287,17.1003,21.1284,26.9413,77.0814,80.4901,113.687,238.748,370.405,427.301,794.477,3.68008,4.43383,12.7969,15.5384,14.6514,55.1302,42.5829,87.2856,226.691,266.989,418.915,739.152,3.06138,4.7474,7.75861,8.99718,32.5994,39.8934,27.5622,103.143,101.122,201.244,265.448,728.853,3.50457,4.64632,7.39725,10.8447,14.3653,33.3405,36.3376,96.1519,81.8806,171.441,178.391,609.487,2.42893,4.75736,8.20837,10.932,11.4397,22.186,46.0103,47.3349,71.4687,91.5579,125.933,308.866,3.01929,3.99129,7.93983,6.57287,12.4164,18.3978,28.7246,70.2327,75.4052,132.508,154.63,227.355,2.67685,3.43081,6.75685,7.42914,8.16037,13.4313,21.6272,31.2897,25.6405,85.0881,74.1088,181.234,2.00303,3.13509,4.92807,4.9632,6.79754,9.44543,15.0544,22.076,28.5623,37.5607,58.2911,105.546,2.10006,3.2007,3.55557,6.49126,7.92893,8.04485,9.4511,17.4948,29.4533,49.3194,43.5501,82.5048,1.85781,2.17753,3.94064,3.87441,6.40107,7.82154,11.126,15.637,19.5921,28.6094,39.4649,71.8841,1.80236,2.05449,3.73605,3.69914,5.74355,7.61528,8.72049,16.4188,18.4184,22.2229,33.1968,46.0574
4225,21.4981,25.4355,50.9785,116.75,87.7193,156.682,267.62,327.072,478.848,608.799,1161.73,1530.67,18.9644,27.2376,71.6445,78.0288,121.047,154.007,165.028,282.752,441.021,539.787,1041.31,1421.21,10.7824,25.9582,57.6631,85.4154,104.931,143.777,254.923,255.203,529.599,673.837,722.259,1032.88,11.3555,26.4002,57.205,79.2134,92.3379,147.793,206.251,282.412,414.388,578.262,832.042,1038.56,13.3124,27.4562,49.6822,78.7628,104.562,127.879,285.014,390.323,398.851,740.096,882.084,1378.91,14.6946,23.2817,62.3429,56.8043,87.0593,146.947,182.524,324.406,358.45,773.857,808.723,1383.07,14.7951,18.8285,46.2738,68.0829,100.694,131.836,165.524,312.282,395.646,521.026,897.136,1013.01,9.5976,15.5374,43.174,58.0229,82.5493,109.335,151.244,329.674,337.757,595.997,621.121,1103.56,9.08618,12.6319,29.7455,46.5027,68.1512,124.74,184.798,213.444,336.735,642.274,592.828,871.992,8.32837,12.294,29.231,45.3736,61.3085,87.7223,124.09,206.936,233.011,388.686,676.166,776.084,5.521,11.6011,21.0883,33.9761,68.4538,140.618,110.287,123.486,299.519,505.067,555.537,802.391,5.26246,7.47826,19.7577,24.1436,45.4121,100.925,132.461,144.865,239.457,366.295,396.731,894.989,4.98957,6.08396,13.6689,35.9759,44.373,80.6105,83.4253,110.622,161.091,310.341,447.082,858.192,4.3236,6.94247,22.4587,32.5027,38.4988,48.6621,116.839,127.901,179.924,330.656,411.089,550.858,3.46045,5.93884,17.0477,19.3584,24.0701,78.1998,80.3879,106.772,233.628,380.61,424.565,687.498,3.67976,4.35937,12.1817,17.9109,19.3005,42.0298,41.939,88.4045,230.073,261.479,411.246,729.484,3.1078,5.07938,6.88896,9.59795,38.6825,39.3649,25.351,101.832,96.4893,158.786,265.271,657.801,3.43456,4.52307,7.67647,10.9431,12.6215,32.8722,33.4827,93.4982,93.8687,158.23,179.696,598.216,2.51568,4.73852,8.19254,11.4346,11.3361,21.407,45.1663,55.9486,67.9065,91.2782,130.578,231.162,3.23346,4.02917,7.78669,6.53261,12.1896,18.919,29.8641,54.3454,75.57,113.132,150.184,227.168,2.21807,3.41718,6.06686,7.2682,8.10993,13.7555,21.7127,33.9426,25.0984,86.529,70.3728,175.065,1.90533,3.16228,4.83947,4.98,6.85255,9.58104,14.7205,22.0381,29.1906,37.9458,56.3691,134.541,2.1238,3.32827,3.51733,6.30296,7.8129,8.08342,9.36311,17.1676,30.7744,48.2657,44.964,81.5055,1.87678,2.28019,4.74895,3.87969,6.18145,7.60233,11.1583,15.7453,19.363,28.0575,43.7723,71.8785,1.91262,2.10183,3.76932,3.50118,5.91414,7.58755,8.90093,15.8809,18.4941,22.0491,31.8263,48.1238
4250,21.4981,25.3338,50.9785,116.75,87.7193,182.147,267.62,355.467,482.012,608.799,1161.73,1530.67,18.9644,24.439,69.9735,74.6442,126.302,154.007,165.028,322.313,441.021,539.787,903.078,1421.21,10.7824,25.6713,57.6631,94.6242,104.931,143.777,254.923,228.735,529.599,664.665,722.259,1032.41,11.3555,28.6911,58.3473,101.546,95.2488,153.486,198.073,282.412,382.825,578.262,832.042,1217.87,13.2475,27.4562,49.6822,66.5028,105.217,127.879,285.014,383.487,398.851,591.295,882.084,1378.91,14.6946,23.2817,57.861,56.8043,85.6948,140.369,181.212,329.758,363.333,769.377,782.189,1383.07,14.3928,18.8285,44.1788,66.3483,100.694,131.836,182.864,312.282,413.06,522.738,897.136,1008.89,9.53548,15.7057,43.174,55.2533,78.7382,132.226,148.034,323.865,371.981,595.997,621.121,1250.12,9.31567,12.6292,27.4749,43.0076,69.3216,124.752,174.775,213.444,336.735,642.274,592.808,790.046,8.07452,13.5757,29.2084,45.6821,66.0533,92.805,132.521,207.942,236.625,388.72,617.548,776.071,5.41631,11.1521,22.4504,29.9161,56.8831,140.846,94.4416,123.47,304.988,505.067,646.817,802.356,6.18557,7.19341,20.3995,28.9371,43.6628,88.7227,131.144,123.718,226.769,330.283,398.509,912.913,4.83133,5.11069,12.7551,34.3433,41.1815,79.6477,83.5259,111.027,165.802,307.023,449.564,931.918,4.35402,6.56827,22.1696,29.399,39.3381,48.1751,88.8404,107.758,161.105,316.59,411.027,512.859,3.37524,5.10654,15.7672,20.3384,23.6134,74.6573,77.0722,86.9314,201.796,375.384,396.036,768.006,3.50757,4.40876,11.9953,14.4564,15.5023,52.8379,40.5488,89.5937,235.671,264.205,358.906,736.522,2.88317,4.91745,7.58575,10.0804,36.8856,39.787,30.1599,97.3666,105.274,191.79,261.887,742.294,3.38301,4.45829,7.62987,10.8135,12.8652,32.2185,36.6854,92.5811,67.0057,162.097,178.142,566.883,2.46415,4.5366,8.02096,12.1475,11.1939,23.1504,45.9775,51.6941,67.4685,92.2855,110.528,192.595,3.31101,3.97062,7.62671,6.67689,12.0798,18.8418,29.9626,55.2889,76.83,130.169,154.777,236.959,2.4082,3.34653,6.93199,6.90018,8.09202,13.4382,22.3164,33.0281,25.0533,75.9106,65.0982,182.017,2.03021,2.97571,4.85788,5.04927,7.05821,8.85844,14.5598,21.7571,29.0733,36.2217,53.8991,166.241,2.09663,3.13319,3.5299,6.29991,7.70807,7.91253,9.25964,17.1238,24.6419,50.4139,46.3611,80.1872,1.88774,2.33525,4.41884,3.81325,6.09088,7.76412,10.8965,14.5514,19.0987,28.6713,42.3972,69.6208,1.91769,2.08071,3.80017,3.59008,6.25416,7.56995,9.17529,15.6834,18.5084,21.738,32.6798,44.9551
4275,20.9266,25.4355,50.9785,116.75,79.7284,182.147,267.62,355.467,451.269,608.799,1161.73,1530.67,18.9644,28.8173,71.4896,78.0288,121.047,154.007,165.028,334.981,441.021,539.787,1041.31,1291.93,10.9941,25.8715,55.402,85.4154,104.931,135.866,254.339,229.018,529.599,659.851,719.808,1032.41,11.3709,27.823,57.255,101.546,95.2488,153.486,198.073,275.117,422.417,552.401,805.982,1039.21,13.3124,27.4562,47.0165,74.5762,105.217,127.879,264.489,407.62,398.851,740.096,882.084,1237.49,13.6038,23.2817,65.9883,56.8043,92.9616,129.819,177.96,327.428,407.417,773.857,808.723,1383.07,14.7034,18.8285,46.2738,61.0464,97.2782,132.464,165.524,312.282,413.06,484.203,857.35,1008.89,9.45613,17.1192,43.174,53.3995,82.5593,130.26,154.238,324.865,360.151,595.997,621.121,1265.82,9.63726,12.5184,27.9005,46.5852,69.3216,117.237,187.36,213.444,261.174,642.325,592.808,872.014,7.5922,14.04,28.6357,43.9421,62.2159,88.9756,124.629,195.534,236.621,387.035,676.192,773.185,5.69747,11.1005,21.7885,34.3456,71.5489,140.838,113.498,124.778,304.985,505.073,646.79,716.303,4.82324,7.25311,20.7124,27.3708,41.9111,97.563,129.93,145.704,233.019,330.29,393.929,912.923,4.25806,6.42207,13.6754,26.4948,44.7467,81.5605,80.5733,101.651,151.217,309.169,449.604,932.36,4.26871,6.44636,21.4061,29.6481,38.0954,53.2093,118.643,110.795,131.462,295.012,417.672,554.084,3.44012,5.58233,17.4769,20.1595,27.6074,79.4061,62.6398,107.435,235.24,370.136,428.234,775.603,3.56733,4.39894,12.9619,18.4511,19.6156,45.6736,42.4728,89.4667,154.147,255.03,341.051,729.917,3.05503,4.71634,7.30866,9.50662,29.8421,29.3475,28.9683,89.3157,100.995,195.919,263.834,743.623,3.51631,4.58838,7.82303,10.5207,14.4851,30.7584,33.5578,70.1243,101.68,142.83,178.35,601.641,2.32795,4.84679,8.52727,10.5668,11.5009,21.404,39.2655,52.2253,66.6446,87.3582,119.853,274.981,3.27231,3.86636,7.57324,7.38743,12.1801,18.8738,30.467,67.0962,77.8935,131.269,155.986,226.196,2.70162,3.24066,6.72436,7.39054,8.06678,13.3287,22.1545,33.0511,25.0662,81.6996,77.8236,183.933,1.91015,2.97434,4.85242,5.10671,6.94936,9.70465,14.6437,21.3799,27.1939,38.2942,54.3589,89.9834,2.08312,3.52128,3.43938,6.22512,7.72912,7.91433,9.20523,17.0368,29.3473,49.589,48.5078,79.4274,1.92479,2.25781,4.16873,3.73037,6.31244,7.63396,11.2008,15.623,19.0684,28.7242,40.0985,68.4106,1.84913,2.06256,3.73323,3.51119,5.98517,7.39108,9.11148,16.2277,18.2027,21.647,32.9251,46.6593
4300,20.4714,23.6,50.1722,113.314,89.7045,182.147,267.62,355.467,461.433,608.799,1161.73,1530.67,18.9644,27.2376,71.4896,71.3069,121.047,154.007,158.947,322.528,441.021,539.787,1041.31,1421.21,9.07219,25.9582,63.5798,85.4154,104.931,175.216,254.923,226.922,529.599,681.837,812.667,1032.41,11.3709,27.3077,56.7217,99.7306,95.2488,153.486,198.073,282.412,452.234,578.262,755.284,1038.56,13.3124,27.4562,49.6822,78.7628,105.217,127.879,228.089,393.197,398.851,649.791,882.084,1378.91,13.8916,22.6478,65.9883,56.8043,88.9093,146.005,182.083,327.428,395.175,773.857,808.723,1383.07,14.8843,19.0908,46.2738,68.0723,100.694,131.836,165.524,312.282,362.42,521.026,897.136,1008.89,9.24327,17.1192,43.174,56.7946,83.1387,132.247,145.966,324.865,324.958,596.002,621.121,1132.58,9.28094,12.8455,24.5652,46.0911,66.9417,116.052,187.36,213.46,336.759,642.325,592.808,896.194,7.79763,14.4718,28.5205,42.5321,61.5934,89.4605,133.954,209.018,236.614,387.013,676.106,773.42,5.65596,11.0133,21.5395,25.066,72.4705,140.017,110.85,122.34,250.055,471.784,646.746,784.075,5.71253,7.65635,20.045,28.363,46.5156,98.1096,125.4,145.793,232.997,330.419,450.975,913.008,4.46184,6.51042,13.3811,27.2041,41.7323,54.4906,78.5488,100.135,153.407,316.216,449.595,932.315,4.5066,6.44468,21.1449,29.5234,37.237,43.4574,109.995,107.746,176.331,324.22,415.361,430.871,3.5112,6.57454,17.8478,19.4103,24.91,80.6377,79.1298,112.047,237.629,391.673,427.103,703.039,3.44986,4.66703,12.4697,15.9127,15.0797,49.7779,37.2523,87.8269,239.81,266.08,420.738,730.029,3.16176,4.74466,7.02475,10.4297,34.3687,37.5119,26.8255,104.669,101.101,175.268,266.629,735.123,3.49497,4.41283,7.3746,10.7516,16.1044,27.065,36.466,93.6662,78.0488,157.543,176.417,598.667,2.48815,4.56153,7.90139,11.4763,11.1453,21.069,45.5519,48.381,70.2106,103.638,129.534,285.092,2.98747,4.04489,7.46386,7.35589,12.132,18.7751,29.7416,62.1891,77.3464,142.626,160.283,218.606,2.78827,3.23129,5.89576,7.21156,7.71877,13.7259,22.5343,31.9993,24.7883,81.4781,70.8907,180.053,1.90624,3.06528,4.88197,5.2243,6.62957,9.65325,14.1764,21.0336,26.5194,37.3028,54.8376,108.772,2.09912,3.34528,3.50872,6.12334,7.54231,7.84985,9.24073,17.1248,29.3469,47.2744,47.5108,78.1842,2.03375,2.14636,4.32823,3.77454,6.15798,7.45339,11.0079,15.8583,18.6437,28.6436,42.7611,68.8381,1.81474,2.05487,3.64546,3.5882,5.93722,7.35961,8.82929,15.8976,18.7062,21.8476,32.1741,48.3334
4325,21.4981,25.3653,50.9785,116.75,87.7193,187.735,251.24,355.467,482.012,590.747,1102.78,1530.67,18.9644,27.2376,71.4896,78.0288,102.047,140.526,156.606,322.632,489.284,539.787,1041.31,1421.21,10.7824,25.9582,57.6631,85.4154,98.8539,143.777,254.923,238.088,424.214,573.675,722.259,1032.41,11.3709,28.6911,56.6467,101.546,95.2488,133.209,198.073,282.412,414.135,578.262,832.042,1016.5,13.2699,27.4562,49.6822,78.7628,105.217,127.879,285.014,384.433,398.851,740.096,978.76,1378.91,13.5792,23.2817,64.1003,56.8043,87.0593,146.947,182.083,331.465,407.417,773.857,814.183,1383.07,14.8843,19.0908,46.2738,68.0723,100.694,131.849,162.177,305.834,377.277,541.94,897.136,1012.13,9.28152,16.6143,43.174,55.7812,83.1451,132.247,137.008,281.222,371.981,596.002,621.121,1265.82,9.5225,12.4201,28.2053,46.0835,69.3335,119.795,187.36,213.478,277.597,642.325,595.136,872.014,7.94231,13.1927,28.6238,45.0949,58.156,90.1003,133.955,210.086,237.734,387.023,537.97,746.95,5.64158,12.3715,22.8515,33.7829,73.1364,125.472,99.8355,124.404,280.432,505.147,646.72,802.411,4.75613,7.41327,20.7849,27.9308,46.3232,96.4633,130.661,137.641,232.973,330.386,396.381,912.882,4.95474,5.8247,14.9692,33.7744,45.5206,81.4227,84.7182,113.188,150.27,310.481,449.603,932.384,4.19097,6.73624,21.4709,30.3807,34.9237,53.0744,114.075,111.299,148.199,322.839,411.593,555.923,3.48674,5.70334,15.6005,19.3426,23.53,74.8022,74.1594,104.565,232.137,376.869,430.788,779.349,3.3918,4.21864,12.3484,15.7316,15.8447,51.8592,35.2771,93.5121,241.394,251.477,429.64,719.754,2.99485,4.80598,8.12485,9.2877,36.929,38.0661,28.2651,104.433,99.592,198.102,261.965,744.699,3.30748,4.29321,7.68733,11.0626,15.7006,29.5919,38.1334,92.3135,95.7185,155.995,178.515,593.689,2.39833,4.55237,7.32376,11.0308,11.3982,20.5803,38.2486,38.7197,70.0693,89.1289,121.485,246.454,3.09928,3.87905,7.42319,7.32557,12.0273,17.432,30.6769,64.7725,79.3337,143.49,158.601,219.105,2.70445,3.2835,6.56085,7.10014,7.84478,13.5991,21.0511,32.3651,24.524,82.0788,71.6317,170.154,1.91681,3.50844,4.95577,5.42674,6.70232,9.6557,14.0761,21.0016,28.7392,37.1254,53.7486,155.915,2.02112,3.26305,3.45631,6.1147,7.63186,7.92576,9.13725,16.7917,29.4786,48.2476,46.9445,76.9669,1.93058,2.18484,4.26893,3.76741,5.97699,7.7795,10.7208,15.6603,18.3059,28.9382,41.6664,66.2723,2.00412,2.09069,3.67291,3.52771,6.235,7.61636,8.82015,15.5497,18.421,21.7721,32.605,47.2082
4350,19.9358,25.4355,50.9785,116.75,83.1493,182.147,267.62,329.966,482.012,608.799,1202.28,1530.67,18.9644,22.3909,71.4896,78.0288,95.6559,154.007,162.875,322.528,338.291,476.53,1041.31,1369.2,10.7824,25.9582,57.6631,76.4103,104.931,143.777,239.914,228.735,529.599,681.837,722.259,1032.41,11.6816,28.6911,54.6079,101.546,95.2488,153.486,198.073,282.412,422.417,578.262,832.042,1038.56,13.3124,26.0933,49.6822,79.6164,100.073,127.879,285.014,407.62,398.851,740.096,882.084,1378.91,13.5792,23.2817,68.5059,52.0425,87.0593,146.947,177.821,327.428,407.417,773.857,808.723,1293.67,14.5643,17.6418,46.2738,68.0618,100.694,126.457,178.859,286.355,413.06,521.054,897.136,1008.89,9.18428,17.2463,42.2153,58.344,83.1451,132.247,154.238,319.445,371.981,596.002,621.121,1265.82,9.66714,12.6643,29.6123,46.1063,69.3728,112.698,187.331,213.497,336.759,642.422,567.037,872.014,7.81804,11.5484,24.0026,46.1288,66.3576,88.1485,131.142,206.193,230.921,387.033,674.979,738.642,5.52198,11.6878,21.2909,23.3075,70.3608,141.747,92.8002,120.794,285.405,505.131,610.063,802.437,5.34325,7.35575,19.9662,27.4067,45.7184,112.695,131.953,148.499,234.776,330.386,472.491,912.85,4.77861,5.62841,14.8565,34.2852,44.9218,68.9477,75.2927,99.1026,151.684,300.457,447.125,874.908,4.08992,6.71262,18.7658,31.2291,38.8376,52.6641,82.7972,109.998,177.828,283.621,405.612,550.975,3.34145,5.93261,18.0843,15.7175,25.2141,65.6821,79.1399,104.3,239.298,338.572,425.472,783.059,3.60072,4.43932,11.8637,14.9032,16.5413,49.8786,44.0109,88.8636,165.903,262.691,367.363,739.418,2.90191,4.62838,7.15251,10.4686,36.9805,36.9556,28.3896,102.238,99.9032,198.722,264.31,691.121,3.36208,4.25679,7.48078,9.58232,13.671,29.2627,36.6818,88.4899,96.9301,183.376,166.003,585.817,2.31918,4.30108,7.717,11.4307,11.8474,20.8088,38.5057,51.1317,69.1103,92.1308,118.14,315.668,2.97505,3.79737,6.96798,6.70476,11.7911,17.8046,29.633,66.8241,83.082,150.789,164.548,199.467,2.67057,3.20674,6.51516,6.58366,7.73382,13.1334,22.7588,32.8811,24.5329,76.9621,69.3641,183.811,1.93758,3.41543,4.74822,6.82859,6.84304,8.72061,14.3838,20.544,28.5996,37.7658,53.8693,87.3781,2.14605,3.32918,3.47599,5.98009,7.54614,7.71862,8.96074,16.9437,24.8615,48.5922,49.9381,76.2162,1.87704,2.15348,4.00137,3.83424,5.94254,7.48719,11.0527,15.0209,18.3629,28.4459,41.4908,66.2174,1.78839,2.06643,3.64252,3.44205,6.03435,7.46701,9.23135,15.7844,18.2732,21.4122,32.9228,46.9413
4375,21.4981,25.4355,50.9785,116.75,87.7193,173.518,267.62,355.467,482.012,608.799,1097.4,1530.67,18.9644,27.2376,71.4896,74.3019,121.047,154.007,165.028,307.544,405.621,510.115,1041.31,1421.21,10.7824,25.9582,57.6631,85.4154,107.503,143.777,255.272,241.406,529.599,665.682,690.554,1032.41,11.3709,28.0398,57.205,101.546,95.2488,153.486,198.073,290.117,392.64,578.262,832.042,1038.56,13.4165,26.2776,49.6822,78.7628,105.217,127.879,285.014,399.367,398.851,715.207,882.084,1358.52,13.5792,23.2817,65.9883,53.1757,87.0593,146.947,175.323,327.428,407.417,773.857,781.878,1383.07,14.1533,19.302,46.2738,68.0618,100.694,131.838,165.524,302.058,403.862,521.054,899.869,1008.89,9.38514,17.2637,43.174,58.344,83.1451,129.626,147.752,280.782,371.981,571.668,644.42,1198.62,8.79571,12.6501,24.6547,45.6073,69.3728,128.893,187.331,213.497,260.681,642.422,542.269,872.014,7.33757,14.2167,27.2817,45.8444,64.1339,89.9258,132.155,205.119,236.49,387.033,650.575,766.894,5.64905,11.669,22.4263,32.437,73.1591,120.476,113.9,121.296,285.37,527.523,646.794,774.388,5.05866,7.08766,20.1538,27.4268,46.3858,96.8552,126.326,138.642,234.698,330.372,398.16,912.884,5.11315,5.77082,13.1794,32.2713,44.4503,75.4137,83.315,105.966,152.512,310.64,447.17,851.814,4.55816,6.63956,21.7315,31.1403,40.976,47.0213,114.226,112.287,176.595,325.328,405.449,619.762,3.25507,6.11711,17.7612,19.9198,25.8474,74.3732,79.82,115.894,234.94,386.815,429.871,772.772,3.31542,4.30787,12.2667,15.1842,16.0635,49.0916,42.7037,77.94,213.651,253.969,333.787,739.41,2.90664,4.42233,7.55271,8.22253,35.0142,28.5095,27.4747,103.558,99.9001,152.802,261.364,578.462,3.11266,4.41466,7.44787,11.1802,15.7054,26.8342,37.004,92.6729,87.2446,170.101,162.411,538.67,2.33688,4.61505,7.62396,10.9599,11.8404,20.3945,34.1028,64.213,69.6225,91.9327,135.932,317.17,2.98686,3.8671,7.28365,7.29407,12.0994,19.6808,30.548,65.2218,80.8497,134.713,155.438,220.903,2.60741,3.12955,6.42471,6.7023,7.66949,13.8766,22.3865,31.9416,22.9783,78.0594,68.9769,181.22,1.90109,3.12857,4.76438,6.11133,6.82199,10.0121,14.8366,20.6788,31.584,37.2323,52.8799,147.015,2.10706,3.47261,3.44242,5.98041,7.53264,8.30532,9.14242,16.7523,27.1699,48.6357,49.1442,75.3824,1.99016,2.08276,4.10534,3.81026,6.08612,7.40917,10.9889,15.3156,18.1209,28.4786,41.6984,66.6778,1.83832,2.08481,3.61636,3.43683,6.08668,7.22893,9.0911,15.4183,18.5361,21.1351,31.6084,46.3376
4400,21.4981,23.1839,50.9785,116.75,87.7193,182.147,267.62,355.467,482.012,608.799,1161.73,1511.78,18.9644,27.2376,69.2954,78.0288,121.047,148.807,165.028,322.528,347.922,552.209,1041.31,1421.21,10.7824,22.8482,58.802,82.8561,106.093,143.777,254.923,216.482,529.599,656.099,782.378,1019.97,11.3709,27.6609,57.205,101.546,95.2488,137.75,198.073,282.412,422.417,560.096,832.042,1052.53,13.0332,27.4562,49.6822,75.6322,102.629,127.879,260.086,379.924,398.851,740.096,882.084,1340.72,13.5892,23.2817,65.9883,55.3766,84.7699,146.947,182.083,327.428,377.65,732.173,808.723,1383.07,14.5257,19.302,46.2738,64.1669,100.694,131.838,165.524,312.282,413.06,521.054,858.999,1008.89,9.4484,16.3901,43.174,57.8112,83.1451,132.245,153.79,324.865,326.515,596.002,523.84,1265.84,9.60335,12.8751,27.3529,46.3977,69.4188,118.384,187.331,213.478,336.854,642.422,595.154,872.014,7.84328,13.7958,28.4613,43.3922,65.3153,86.8403,130.779,207.236,236.683,361.334,504.884,776.267,5.49648,11.2762,21.7718,27.4214,58.5977,136.697,114.535,121.902,278.741,500.944,646.823,802.335,5.29589,6.41389,20.4292,23.7744,44.9456,103.794,134.97,146.661,241.223,331.503,398.087,824.366,4.81654,5.8561,16.7813,29.8615,42.8188,80.9709,83.8941,101.16,151.135,312.371,449.588,669.557,4.86634,6.61923,21.034,31.6249,30.3649,50.1265,114.422,100.451,177.014,323.452,402.667,550.94,3.4082,5.7268,17.6436,18.9159,22.3679,65.017,74.6482,110.98,229.395,363.819,432.605,783.985,3.33884,4.45129,11.1903,13.7782,16.3538,39.6709,45.3461,88.9088,243.702,264.547,415.181,696.363,3.12739,4.68455,6.9142,10.1152,28.6288,36.9365,34.2875,101.244,97.7316,183.774,262.041,700.96,3.2785,4.20622,7.41587,11.9363,16.213,29.1733,28.4563,100.105,95.9821,152.754,174.981,519.547,2.35586,4.55402,7.79747,11.4564,11.8923,19.7513,42.4075,52.8208,64.3438,111.575,135.083,210.776,2.90594,3.81426,7.17925,7.20744,11.6687,18.579,30.6339,57.3184,75.089,143.4,160.516,215.814,2.54615,3.23854,6.03885,7.20128,7.51425,13.7922,22.2423,32.8392,24.2271,73.2243,64.1054,179.332,2.00946,3.21202,5.0668,6.50506,6.57795,9.99143,14.5692,20.4094,31.3534,36.8038,54.6548,144.524,2.13136,3.22231,3.41966,5.92636,7.37342,8.62967,8.84281,16.4276,27.6697,47.5931,46.3271,74.3996,1.95568,2.14318,4.18565,3.75477,5.95495,7.58305,10.8007,15.4581,17.8418,27.9911,40.6425,64.3733,1.97415,2.02451,3.57949,3.48896,6.13997,7.55699,9.73832,15.0096,18.5073,20.9799,32.4411,48.826
4425,21.4981,25.4355,50.9785,115.619,87.7193,182.147,267.62,355.467,482.012,590.491,1161.73,1373.11,18.2875,27.2376,71.4896,78.0288,115.88,154.007,165.028,322.528,441.021,539.787,1041.31,1421.21,10.4161,24.6864,57.6631,85.4154,99.8095,143.777,254.923,228.735,529.599,681.837,722.259,1032.41,11.3709,28.6911,57.205,101.546,95.2488,153.486,198.073,282.412,422.417,578.262,862.322,953.328,13.3124,28.3981,45.0015,78.7628,105.217,127.879,285.199,364.42,399.768,740.096,863.691,1292.02,13.5892,23.2817,65.9883,56.8043,87.0593,143.39,182.083,327.428,407.417,773.857,808.723,1270.54,14.5257,19.2219,46.2738,68.0618,100.694,131.838,153.532,307.079,453.844,521.054,897.136,1008.89,9.38458,15.561,43.1827,56.2676,81.9486,127.846,154.251,324.879,368.403,579.433,621.121,1265.84,9.92867,12.9812,27.3529,44.1848,68.5418,127.15,166.561,180.013,266.91,590.546,595.154,872.014,8.15061,13.8876,25.8339,44.5489,65.7661,85.0909,133.351,204.207,230.397,387.023,675.005,776.271,5.53789,11.3552,22.7459,30.6963,72.2399,142.039,88.8564,121.852,291.041,502.242,646.907,802.317,5.40946,7.71767,20.392,27.1992,44.5802,97.3724,130.798,150.747,241.236,287.076,365.696,913.102,4.96865,5.98346,14.3228,33.7502,44.4679,84.6879,84.4432,101.485,149.974,291.682,449.546,932.871,4.58979,5.26273,21.6642,30.8883,39.5284,50.617,114.4,117.556,179.498,307.13,402.546,544.321,3.33101,5.37473,18.3507,20.3046,25.1157,77.5157,78.04,115.244,233.003,391.39,442.147,712.598,3.24412,4.3607,12.1565,15.9203,15.9186,45.6898,47.0456,96.063,241.436,262.666,348.753,728.419,2.98136,4.5768,7.54343,9.53418,31.7989,36.9446,27.858,101.324,99.7696,177.413,238.178,623.631,3.20204,4.19664,7.56063,11.4494,15.952,29.143,31.967,98.8099,85.8943,162.381,175.672,596.022,2.42338,4.38087,7.65624,11.3117,11.8773,22.2627,43.5221,42.845,68.6381,84.5615,137.792,318.731,2.89942,3.70414,7.11869,6.61644,11.6378,18.4942,29.7528,66.3025,83.2558,132.498,166.947,201.925,2.47212,3.32088,6.2151,7.00696,7.51638,13.0587,22.8696,32.0212,23.8826,76.0506,64.6152,179.11,2.09641,3.3109,5.91342,6.71558,6.70818,10.8769,13.7345,20.1663,28.6168,36.898,52.8601,141.79,2.14103,3.03874,3.47373,5.88482,7.37747,10.9997,9.00873,16.351,24.3568,47.4937,47.741,73.6783,1.84818,2.13838,4.17607,3.74967,5.88073,7.68303,10.8171,15.1067,18.0321,27.9957,40.6314,63.4486,1.88026,2.02097,3.59502,3.5171,6.13407,7.43474,9.28734,15.0865,18.5776,21.1072,32.5365,46.8117
4450,21.4981,25.4355,50.9785,116.75,82.5208,182.147,267.62,355.198,497.395,593.849,1161.73,1530.67,18.9644,27.6205,69.3281,78.0288,123.463,154.007,165.028,322.528,355.924,526.757,1041.31,1421.21,11.4608,25.9582,57.6631,84.5424,109.355,144.102,254.923,252.837,529.599,681.837,722.259,1032.41,10.6388,28.6911,57.205,101.546,95.2488,153.486,217.338,282.412,422.417,578.262,794.457,1038.56,13.3124,27.4562,49.6822,79.6885,102.475,119.792,285.014,407.62,398.851,740.096,882.084,1378.91,13.5892,23.2817,65.9883,56.8043,87.0593,146.947,178.935,327.428,407.417,773.857,808.723,1383.07,14.4467,19.2219,46.2738,68.0618,100.694,131.849,165.524,312.282,413.06,521.054,897.136,1008.89,9.4165,14.8664,41.9301,56.2676,83.6601,108.74,143.447,324.879,372.009,596.007,590.737,1200.34,10.496,12.4542,26.4123,57.0778,70.7425,127.15,185.376,213.478,336.854,642.473,595.14,872.014,8.02059,13.8608,30.0362,45.3937,60.6672,79.339,122.806,206.273,235.842,390.199,675.01,776.282,5.45958,12.0855,20.0697,34.6745,70.3224,142.028,109.051,121.181,290.996,502.255,646.941,802.378,5.17188,8.51414,20.8153,29.8398,50.5041,96.157,121.588,146.732,223.576,331.517,398.11,880.769,4.96136,6.66478,13.676,33.367,43.1844,79.7693,83.8262,101.899,128.618,313.06,449.473,781.209,4.27538,6.43278,18.6722,30.9849,38.1852,51.8359,86.7056,106.053,177.394,318.021,409.319,549.391,3.35437,4.60014,18.0028,19.072,24.0824,73.662,76.1076,90.9395,245.646,359.292,382.189,783.867,3.40379,4.39824,11.8023,11.8723,16.8634,46.1847,46.4183,95.9229,205.902,263.321,368.324,728.399,3.05376,4.77179,7.06655,9.84889,36.4108,29.2759,27.1683,94.1234,99.5174,186.607,260.332,700.899,3.17578,4.32366,7.42712,11.0174,15.1829,28.2967,32.7545,82.982,95.6061,152.298,173.933,557.676,2.31589,4.24222,8.1145,9.94909,12.6906,20.3759,38.2783,64.5916,59.3749,87.9466,135.11,175.41,3.05027,3.75193,6.99474,7.06801,11.9539,17.6849,29.1484,49.3758,85.9469,128.804,159.364,216.434,2.47948,3.35221,6.17054,6.79958,7.48465,13.4565,22.2884,33.0833,23.8294,79.7757,72.5887,178.611,2.16374,3.09484,5.78429,6.26019,6.60612,9.77863,14.2575,20.2432,31.5588,38.0645,52.867,90.5666,2.20603,3.34981,3.59931,5.98783,7.38237,10.5552,9.27218,16.1513,26.2105,47.2305,48.7867,73.0797,1.95766,2.11037,3.98252,3.6679,5.95422,7.73016,10.8567,14.9191,17.6519,28.1392,41.1275,64.3814,1.88432,2.05797,3.48321,3.45871,5.84324,7.41706,9.51322,14.9579,19.4292,21.4863,32.5487,48.4762
4475,21.4981,25.4355,48.2767,116.75,91.8622,182.147,267.62,335.572,482.012,608.799,1161.73,1530.67,18.9644,27.2376,71.4896,77.9762,119.713,154.007,163.035,322.528,445.525,531.384,1041.31,1421.21,10.7824,25.9582,57.6631,85.4154,104.931,143.777,236.056,230.651,529.599,681.837,722.259,1032.41,11.3709,28.6911,58.3473,101.546,95.2488,153.486,198.073,282.412,422.417,578.262,764.75,1009.22,13.3124,26.3538,49.6822,78.7628,103.705,127.879,285.014,383.487,398.851,591.295,882.084,1378.91,13.5892,22.3175,57.861,56.8043,87.0593,146.947,181.22,327.428,407.417,773.857,808.723,1277.58,14.4659,18.9003,44.1788,66.3062,92.0389,131.849,165.524,284.808,360.575,521.054,897.136,1008.89,9.53266,16.3294,44.2053,44.6863,83.6675,128.681,153.215,323.889,372.009,596.007,592.052,1265.84,10.1289,13.0736,26.998,46.8317,71.644,126.119,174.09,178.857,336.878,558.656,595.14,872.014,7.91007,14.1243,29.2455,44.3706,67.3808,87.4414,132.04,207.448,236.703,395.354,615.255,756.228,5.22261,11.3616,21.8918,32.059,70.8299,141.482,109.437,122.587,247.502,502.231,646.925,802.457,6.06422,8.02366,20.3338,28.086,40.6922,96.1552,132.224,145.702,239.4,331.636,400.321,913.217,4.90422,5.16627,13.51,32.1628,40.5554,81.5204,83.9347,98.2932,157.203,310.815,449.6,669.584,4.73573,6.09569,21.657,30.6369,35.1172,51.6369,113.277,147.864,173.154,319.605,346.526,550.939,3.24185,4.56828,16.3498,19.3322,21.4943,75.9043,77.4056,96.2536,202.157,369.282,423.846,721.223,3.05132,4.34224,12.0117,17.1828,15.7044,45.2197,36.9035,93.5796,251.19,265.219,381.619,732.895,2.93492,4.70658,7.41478,10.318,29.0223,36.4585,26.7397,97.6114,100.178,199.211,239.612,714.502,3.23919,4.21816,7.07791,10.6318,12.7575,29.5388,36.2789,89.2312,57.3877,148.157,206.57,569.24,2.32624,4.46267,7.47329,10.5746,11.6958,20.5006,41.3179,48.4094,66.1179,91.1956,106.867,281.018,3.17213,3.76361,6.91483,7.08091,11.3333,17.3807,29.5226,50.7168,67.6765,142.39,147.607,211.71,2.308,3.37911,6.21035,6.95738,7.45138,12.6921,22.0712,31.4562,23.9297,71.3463,66.835,172.62,2.27613,3.14936,5.15407,6.59792,6.50891,10.0325,14.3592,20.1999,30.6864,37.2775,52.9506,110.274,2.20525,3.16699,3.35464,5.92549,7.30104,9.64273,9.52581,16.1566,26.2206,45.9418,47.9868,72.6607,1.95253,2.11761,4.20369,3.68899,5.86201,7.82366,10.8814,15.1862,17.4511,28.4353,39.1667,61.4782,1.84947,2.05707,3.53391,3.45867,5.86015,7.2752,9.82087,14.6408,18.4336,20.8664,33.1278,46.742
4500,18.838,25.4355,47.1592,114.006,87.7193,179.632,267.62,355.467,482.012,608.799,1161.73,1530.67,18.9644,28.8173,71.4896,78.0288,121.047,147.442,156.606,319.675,441.021,539.787,917.02,1408.29,10.7824,25.9582,55.402,75.0147,92.2022,143.777,254.339,226.578,521.266,681.837,719.808,1032.41,11.3709,27.9286,57.205,101.546,95.2488,153.486,197.326,251.852,395.723,553.387,832.042,1026.61,13.3124,27.4562,49.6822,74.5762,107.157,127.879,285.014,407.62,398.851,760.581,882.084,1378.91,13.5892,21.9945,65.9883,56.8043,87.0593,146.947,178.989,327.428,407.417,773.857,808.723,1373.11,14.5664,19.0789,46.2738,61.0043,98.8706,128.116,165.524,293.938,413.06,484.232,897.136,1008.89,9.50856,16.4722,41.858,50.871,83.674,123.077,153.215,286.661,360.109,576.025,621.121,1265.84,9.82222,12.9529,26.6087,47.3,71.6686,124.841,185.397,213.558,314.387,642.473,595.14,872.014,7.71033,13.6407,29.4531,46.29,65.0681,89.8059,130.367,201.775,236.905,390.267,675.044,776.45,5.08699,10.9437,22.5181,33.7222,61.4899,140.061,102.933,121.963,297.362,503.518,646.919,802.412,5.22549,8.77322,20.3635,28.2713,45.6785,100.127,130.219,143.719,228.256,331.659,400.296,913.266,4.76956,6.00036,14.8552,26.888,43.6086,79.6883,82.8039,101.541,137.044,313.213,449.597,926.26,4.52917,6.23652,21.8035,29.0802,38.2637,49.7579,112.042,110.645,162.397,321.336,419.133,551.717,3.2807,5.64422,17.9601,19.9023,23.5617,74.6706,76.8367,100.178,233.495,363.606,423.814,785.321,3.11207,4.2592,12.0838,19.5937,16.3159,48.1755,37.6864,92.8673,237.677,235.308,352.894,740.071,2.90175,4.4527,7.60058,9.82376,36.0693,36.4118,34.1299,82.9448,94.0101,199.718,250.558,681.113,3.38161,4.18683,7.50613,11.7629,12.6925,32.1833,33.9827,99.2036,100.522,152.509,165.623,565.924,2.39869,4.36682,7.39443,10.9222,12.3969,20.097,41.2696,64.8051,68.0862,90.4449,129.451,258.065,3.20863,3.62081,6.95322,6.79551,11.7377,15.725,28.6807,66.4505,75.7185,110.955,150.695,209.865,2.37476,3.35832,6.08599,6.95702,7.16277,12.4065,21.4491,31.6365,23.5738,76.7661,69.616,162.176,2.18465,3.25342,5.47381,6.48797,6.45973,10.7846,14.5836,20.0078,29.7903,36.8137,53.0614,120.189,2.17945,2.93057,4.40294,5.77423,7.35888,10.4687,9.58359,16.0567,26.6484,45.993,47.3168,72.1242,1.83915,2.10904,4.00587,3.80194,5.72362,7.76842,10.709,15.0422,17.4973,28.0995,39.0297,61.1204,1.9276,2.06509,3.41462,3.53499,5.91705,7.27151,9.80065,14.5278,18.5957,22.8556,34.1647,47.7456
4525,21.4981,23.4982,50.1722,116.75,87.7193,182.147,267.62,355.467,482.012,608.799,1161.73,1530.67,18.9644,27.2376,65.6037,71.3069,121.047,154.007,165.028,322.528,441.021,539.787,1041.31,1421.21,10.4358,25.9582,57.6631,85.4154,104.931,143.777,254.923,213.597,529.599,681.837,679.789,1032.41,11.116,24.7215,56.7217,94.9739,95.2488,153.486,198.073,276.028,422.417,578.262,832.042,1038.56,13.3124,26.1312,49.6822,78.7628,105.217,122.109,285.014,398.705,398.851,649.791,882.084,1378.91,13.5892,23.2817,62.6644,56.8043,87.0593,146.947,182.083,327.428,407.417,773.857,808.723,1383.07,14.7309,19.0789,46.2738,68.0408,100.694,121.515,161.246,312.282,413.06,521.054,897.136,1008.89,9.26058,15.4525,44.3829,57.6077,83.6675,132.266,153.215,330.297,372.009,596.007,587.448,1265.84,9.5725,12.6637,27.66,45.9055,71.6924,124.841,185.397,213.558,336.783,570.7,592.805,872.014,8.2181,14.1235,29.5264,39.7907,63.1477,89.832,130.387,203.288,236.901,390.277,669.785,776.442,5.26529,11.1881,26.0806,34.787,69.8966,141.424,92.5941,122.676,292.915,503.511,646.959,802.404,5.22355,8.37249,19.2148,29.5667,45.928,99.0076,127.701,143.839,233.037,331.66,400.367,913.266,4.80137,5.47695,13.7214,28.313,42.1456,79.5062,83.1376,103.098,172.862,304.752,534.889,926.334,4.55689,6.2994,21.7758,27.9379,31.0053,49.7229,87.6944,109.032,167.09,275.822,411.657,426.156,3.33065,5.50298,17.7288,15.2783,24.4011,75.546,78.5041,98.0366,200.889,323.652,424.283,785.108,3.2528,4.46813,11.5884,15.1127,15.2664,50.108,49.1359,91.9046,248.377,247.315,398.159,731.956,2.92121,4.54602,7.09405,10.6739,33.97,37.1509,27.7648,95.6208,99.7634,201.476,264.056,703.033,3.20642,4.09887,7.24119,11.6221,14.4747,31.8709,36.3996,86.2926,102.109,182.02,157.028,552.511,2.59127,4.01239,7.32121,11.1514,13.0937,19.7336,39.8214,66.9356,66.319,69.2255,123.374,254.004,3.15617,3.57666,6.53873,6.74507,11.5115,16.8853,26.2662,65.8612,79.7183,143.27,175.776,201.626,2.41684,3.52033,5.92975,6.43349,7.35265,13.0251,22.1263,31.5826,23.4475,74.2588,64.4651,167.969,2.12872,3.22647,6.01537,6.40309,6.5456,10.3618,13.899,19.7558,28.2519,37.5691,52.8269,85.1192,2.17702,3.02332,3.88622,5.90048,7.20691,10.4056,9.88474,15.9785,24.7096,44.5623,47.9272,72.8908,1.80382,2.06279,3.82086,3.77808,5.86884,7.79804,10.8265,14.5295,17.5299,27.7048,41.1955,59.8696,1.88566,2.04509,3.45852,3.50258,5.7747,7.46505,9.48,14.5549,19.4691,22.7609,36.695,46.2029
4550,18.3266,25.4355,50.9785,112.033,87.7193,182.147,267.62,355.467,482.012,608.799,1111.21,1530.67,19.0097,27.2376,71.4896,78.0288,121.047,154.007,153.902,322.632,441.021,539.787,1041.31,1375.18,10.7824,25.9582,57.6631,82.7859,100.482,143.777,254.923,234.359,505.188,634.543,722.259,1032.41,11.3709,28.8125,57.205,95.4481,95.2488,143.166,184.656,282.412,422.417,546.647,832.042,1071.94,13.2699,27.4562,48.2892,78.7628,85.6706,118.472,274.934,401.423,398.851,740.096,854.346,1378.91,13.5892,23.2817,65.9883,56.8043,87.0593,146.947,182.083,331.465,367.945,773.857,796.362,1383.07,14.8149,19.1629,46.2738,68.0408,100.694,116.631,152.545,303.474,413.06,521.062,897.136,1008.89,9.6198,15.5892,44.1995,57.6077,83.6675,120.687,139.443,300.03,280.95,596.007,610.215,1265.84,9.42244,11.9707,26.6005,47.7224,71.6924,118.476,185.407,213.558,336.783,642.473,586.038,855.267,8.15686,13.9909,30.0386,45.7517,61.9504,89.9333,129.999,204.576,184.411,369.966,532.763,724.567,5.17312,11.9252,22.7549,34.9558,70.7111,141.998,113.965,160.016,297.371,503.518,646.988,774.63,4.90982,8.65317,20.0204,26.3739,44.4832,98.6493,132.176,145.099,241.379,331.589,400.345,913.324,4.72818,6.13662,13.394,34.5165,45.0589,80.6861,78.0156,97.488,156.923,310.92,431.984,926.843,4.8873,6.46711,21.8689,30.5274,37.9989,52.5488,117.056,107.792,176.517,319.419,366.414,549.426,3.08872,4.5654,18.0039,19.3021,26.2503,81.1854,60.0985,119.123,238.129,389.525,426.26,785.451,3.50981,4.18052,11.4731,16.0278,14.8207,44.8919,48.4997,89.639,169.942,263.715,397.92,717.04,2.87854,4.61868,6.79365,12.6114,32.1515,29.2455,25.8024,95.2024,97.7049,170.769,221.517,719.486,3.12997,4.21674,7.44114,11.4087,14.606,28.7262,36.8542,95.2748,90.4524,153.498,147.151,535.207,2.60916,4.38258,7.88447,10.1388,13.1991,20.0755,32.2099,63.5963,65.4707,89.0887,117.418,239.032,3.05316,3.60494,6.73288,7.01631,11.367,18.2934,29.9513,65.6981,81.1681,144.307,156.31,209.861,2.34695,3.33663,5.88276,6.58118,7.32515,12.652,21.1276,31.349,23.3339,73.8703,70.3333,171.852,2.08773,3.06446,5.87699,6.25133,6.45703,10.2683,14.5361,19.6336,29.8151,36.8872,52.094,129.618,2.13573,3.28122,4.62807,5.73416,7.09778,9.89073,12.8067,16.0502,25.6096,44.9629,47.4518,72.0484,1.79758,2.03081,4.06021,3.67093,5.52404,7.78732,10.7522,14.6256,17.028,28.1662,40.2399,62.7429,1.87684,2.04658,3.5041,3.42149,5.71739,7.09152,9.48215,14.4334,18.825,22.6838,35.5885,47.4587
4575,21.4981,25.4355,50.9785,113.309,78.7057,182.147,267.62,355.467,482.012,608.799,1161.73,1530.67,18.9644,27.2376,71.4896,78.0288,121.047,154.007,162.875,322.528,338.291,539.787,1041.31,1284.2,10.7824,25.9582,57.6631,79.5951,108.469,143.777,254.923,228.735,529.599,681.837,688.076,1032.41,11.6816,28.4116,57.205,101.546,95.2488,149.18,194.986,282.412,412.667,578.262,781.601,1005.46,13.3124,27.4562,49.6822,79.5137,105.217,127.879,253.292,407.62,405.236,740.096,882.084,1343.61,13.5992,23.2817,68.5059,56.8043,87.0593,150.263,167.995,327.428,348.647,699.056,808.723,1383.07,14.1054,19.1629,46.2738,63.31,105.799,131.849,165.524,312.282,413.06,521.928,833.028,990.14,9.65278,16.5233,44.2075,57.6077,82.7967,132.266,153.237,324.877,374.353,596.007,621.13,1265.84,9.63143,12.3064,28.125,48.2578,71.7401,112.099,185.375,185.087,334.706,642.473,592.742,872.014,7.2639,13.9365,29.5088,45.755,66.8701,86.6438,119.971,207.907,230.679,378.747,682.606,727.136,5.21106,10.8883,25.4877,26.9977,70.9682,140.858,114.614,143.943,297.359,437.286,610.15,802.567,5.28715,7.22927,18.7845,22.8812,44.7516,112.12,132.82,143.995,241.461,331.669,398.18,913.369,4.45999,7.02595,13.5555,35.07,44.5478,80.9218,81.2061,94.8796,153.597,308.839,449.487,926.844,4.75146,6.51335,21.7462,24.6915,30.8309,43.4971,112.903,105.265,172.541,316.805,409.392,551.03,3.27504,4.35162,17.8743,19.1986,25.0318,69.0717,83.0937,108.305,214.035,331.976,434.439,660.249,3.54475,4.17532,11.4265,14.1401,15.1549,39.2119,40.9154,79.7915,191.535,268.632,390.554,731.502,2.85223,4.57363,6.61679,11.8206,29.2828,35.055,25.735,96.9062,97.4613,163.042,259.843,703.135,3.13832,4.21191,6.92081,12.4503,13.0688,32.7125,36.3584,80.2042,91.226,150.302,163.308,580.066,2.68251,4.29647,7.2384,11.0384,12.7543,19.7788,41.5013,61.0904,66.8507,104.994,132.166,236.061,3.08278,3.59603,6.72024,6.94386,11.2663,17.6938,33.1881,65.2713,73.7233,140.419,146.443,208.393,2.29966,3.33087,5.84501,6.82124,7.04395,12.3643,21.6314,31.4765,23.1729,69.3391,62.6048,172.328,2.09639,3.07736,5.65449,6.14354,6.3246,10.8226,14.4938,19.6424,29.4011,37.2124,52.911,109.3,2.05707,3.48719,4.54167,5.62898,7.23257,9.89507,12.6436,15.8577,24.4384,43.9813,47.6178,70.9711,1.79941,2.16352,3.75269,3.94767,5.60494,7.6481,10.7479,14.661,16.8636,27.934,44.869,62.1286,1.89946,2.07207,3.44328,3.40973,5.69026,7.41969,9.60685,13.8772,18.9901,21.6017,35.1282,47.5258
4600,21.4981,24.2358,51.515,110.655,87.7193,182.147,267.62,355.616,482.012,590.747,1097.4,1530.67,18.9644,27.2376,71.4896,74.3019,106.354,154.007,165.028,282.823,331.937,518.54,1041.31,1354.19,10.7824,23.7278,57.6631,85.4154,104.931,138.834,219.101,228.735,541.899,681.837,722.259,1032.41,11.3709,28.6911,57.205,101.546,95.2488,150.675,198.073,282.412,422.417,578.262,832.042,1038.56,12.9283,25.1756,49.6822,76.3077,105.217,127.879,285.199,436.616,398.851,740.096,801.32,1358.52,13.5992,23.2817,65.9883,48.5343,69.6105,137.353,182.092,323.648,407.417,773.857,781.878,1353.51,14.8149,19.1629,45.319,68.0408,100.32,131.849,144.068,312.282,352.653,521.076,897.136,1008.89,9.6083,16.5233,44.2075,53.466,83.6847,118.994,155.043,330.327,372.009,596.007,646.669,1265.84,9.77744,13.1087,28.6602,48.2741,70.4611,127.232,185.344,213.437,322.921,642.473,592.728,872.014,7.08569,14.0352,28.2176,46.7319,65.2995,88.74,133.574,211.044,231.044,374.587,654.91,778.599,5.12354,10.5762,24.4461,22.443,71.249,141.824,113.686,124.926,280.367,487.664,647.004,802.54,5.38302,6.98823,20.6044,27.3108,44.065,98.6215,132.838,132.913,241.416,331.69,398.166,913.399,4.41797,7.04308,14.0865,33.0131,45.1232,64.8327,81.944,95.8281,154.736,286.358,449.462,927.065,4.08408,7.49548,20.9691,30.1515,35.6988,48.1041,112.407,103.706,163.103,281.676,412.094,545.194,3.31194,4.65051,16.5644,18.96,25.8122,79.3638,79.0314,108.464,232.983,333.746,433.603,791.586,3.21526,4.15168,11.5239,15.9773,14.89,42.2846,37.8097,84.5699,252.238,269.61,397.759,747.186,2.77704,4.41948,7.9765,9.06647,30.8455,37.2718,27.3336,98.6177,95.5367,197.913,262.25,511.879,3.2135,4.14791,7.44707,12.8359,12.0091,31.6652,32.1534,97.1175,87.3997,154.266,165.237,578.071,2.43582,4.16672,7.08604,10.7751,13.4751,20.854,35.3084,57.6805,65.149,83.084,124.113,237.096,3.07252,3.53999,6.71702,6.51677,11.1254,18.0865,32.1135,65.909,74.7159,139.672,146.4,210.782,2.35614,3.55441,5.85632,6.86568,7.1451,12.3761,20.9826,31.1087,23.0871,72.8722,60.5459,158.127,2.19046,3.09927,5.8281,6.18189,6.43178,10.7147,13.774,19.5284,27.6169,37.1908,52.0811,126.922,2.04846,3.32462,4.18311,5.65969,7.0326,9.87376,11.3652,15.9623,23.781,43.4581,47.0312,71.8644,1.72179,2.0732,3.80992,3.82103,5.74706,7.97571,10.8355,14.4523,17.4279,27.6684,41.011,66.9094,1.74623,2.09667,3.37687,3.50317,5.66894,7.28211,9.50008,14.1361,18.9918,22.4119,35.0627,45.5988
4625,21.4981,25.4355,50.9785,111.961,85.1403,182.147,271.723,324.554,482.012,608.799,1161.73,1530.67,18.9644,27.2376,71.4896,78.0288,115.01,154.007,165.028,322.528,441.021,539.787,1038.6,1250.76,10.7824,22.8482,57.6631,85.7026,102.285,143.777,254.923,228.735,529.599,681.837,722.259,1032.41,11.3709,28.6911,57.205,100.005,94.8841,153.486,198.073,282.412,422.417,578.262,832.042,1038.56,13.3124,27.4562,49.6822,78.1312,97.6228,127.879,221.287,407.62,398.851,741.923,882.084,1253.69,13.5543,17.5665,65.9883,56.8043,87.0593,146.947,177.831,327.428,377.666,773.857,802.426,1383.07,14.272,19.0886,38.3972,68.0408,94.8166,131.849,165.524,286.355,413.06,515.542,897.136,942.996,9.43809,16.1971,44.2133,52.7513,87.437,129.603,149.896,330.311,351.739,596.007,621.13,1265.84,10.1728,11.8755,28.3271,45.7881,69.5615,118.488,185.354,213.437,336.798,642.473,592.728,872.014,7.55833,13.9553,23.5513,47.4521,65.8834,81.0105,131.979,210.497,235.722,383.716,643.45,774.047,5.25313,11.8156,21.9078,26.0737,73.2892,143.607,113.75,123.764,291.071,487.688,646.986,802.583,5.25239,7.49029,20.7574,27.5632,44.3819,102.486,131.336,144.178,236.404,331.679,398.196,913.38,4.17429,6.57011,17.3139,35.0675,44.6838,81.5806,73.5176,98.0287,157.809,308.89,445.447,927.102,4.85194,6.61128,20.0566,29.9911,37.2884,46.3869,114.581,107.659,172.356,314.529,409.325,549.469,3.33722,4.61154,18.1718,19.2781,25.7381,58.8875,73.1418,100.104,230.209,358.549,385.151,733.162,3.30747,4.15025,10.3797,14.2938,15.0475,42.0469,52.0579,73.8079,176.339,268.767,380.593,747.248,2.85971,4.55902,6.94354,9.84372,30.9942,29.8532,33.4291,97.5024,96.561,164.684,248.455,686.871,3.19984,4.1225,7.13948,11.6679,13.8689,31.9727,27.9989,96.1989,102.684,148.805,164.091,507.342,2.49523,3.99856,7.15997,11.0506,13.722,18.7125,39.655,63.7892,64.9683,122.985,101.098,232.518,2.99727,3.48157,6.38907,6.53109,11.378,16.2246,31.5828,58.8905,71.206,120.665,147.76,206.823,2.50075,3.49333,5.63892,6.4632,7.1927,13.0326,21.3731,31.4886,22.7755,73.874,61.5031,166.087,2.14063,3.00739,5.74778,6.01601,6.3364,10.2577,14.875,19.3919,28.101,37.1583,52.4976,85.7644,2.01078,3.15952,4.6067,5.78386,6.94243,9.8342,12.3516,15.6288,25.5307,42.832,46.4807,71.4705,1.92722,2.01101,3.70216,3.781,5.94506,7.94006,11.0837,14.2237,16.6939,27.2072,43.2259,60.7889,1.74422,2.01822,3.29498,3.47465,5.57433,7.35207,9.34711,14.5432,18.524,21.5172,34.3532,46.8528
4650,21.4981,23.9346,49.2354,101.369,87.7193,182.147,267.94,355.467,482.012,608.799,1161.73,1373.11,18.05,27.2376,71.4896,78.0288,114.5,154.007,165.028,322.528,367.297,528.055,1041.31,1421.21,10.7824,25.4416,57.6631,85.4154,99.8095,143.777,254.923,228.735,529.599,681.837,744.102,1032.41,11.3709,28.6911,57.205,101.546,95.2488,153.486,198.073,282.412,422.417,578.262,832.042,1038.56,13.3124,27.4562,49.6822,78.1312,105.217,129.227,285.014,382.76,398.851,580.379,863.691,1378.91,13.5543,19.2112,65.9883,56.8043,87.0593,156.865,182.092,323.295,407.432,742.425,808.723,1383.07,14.6348,18.0825,46.2738,68.0408,100.32,131.849,165.524,279.604,413.06,521.076,897.136,1008.89,9.04351,16.2807,43.8383,56.0795,82.9833,126.466,147.465,330.311,333.257,579.438,621.13,1240.05,10.0375,11.9075,30.65,45.3111,69.5563,128.547,185.354,164.581,329.085,647.601,592.728,872.014,7.71102,13.6349,28.9392,45.1726,62.7724,87.4534,134.846,208.4,230.863,390.333,670.932,781.395,5.02232,12.2,21.9043,25.7055,57.8434,142.427,90.1586,123.859,291.041,489.047,646.942,802.519,4.9173,8.56408,21.2214,28.753,43.4885,101.075,118.118,142.944,242.193,331.748,398.231,913.546,4.19781,6.98332,13.5911,35.1592,38.9139,74.6957,81.1576,98.5549,153.915,305.427,445.424,927.628,4.86705,6.38941,21.6069,29.5803,36.9334,46.4303,113.871,110.959,172.077,314.07,351.02,577.039,3.20838,4.94748,17.3798,20.3996,22.9949,78.2045,78.7554,109.351,229.482,361.058,432.896,783.585,3.31423,4.20307,11.4919,16.0846,16.041,42.5866,47.8615,88.2726,164.193,267.494,378.837,743.118,2.63205,4.27255,7.37283,8.5077,30.0001,37.0461,26.0258,94.4464,95.5186,176.686,265.234,709.423,3.14884,4.30341,7.29301,11.6166,16.3586,32.6371,35.9577,97.2996,95.341,168.5,156.142,550.882,2.57518,4.18338,6.96476,10.5164,12.6772,19.546,41.005,62.0184,63.6704,97.0889,130.193,323.471,3.04788,3.45111,6.3757,6.81049,10.8737,16.2273,29.0287,68.5946,66.714,138.184,154.911,204.938,2.38129,3.47447,5.73524,6.58928,7.1169,12.6605,21.2901,30.5354,22.6877,67.5611,62.1511,166.714,2.13238,3.00967,5.55457,5.94635,6.28374,10.7384,13.7704,19.461,28.5604,36.3782,52.4746,110.32,2.02112,3.28859,4.42205,5.61461,7.1278,9.77566,12.6996,15.5801,24.965,42.2976,47.0888,69.8926,1.83143,2.05215,4.05107,4.0332,5.63322,8.04395,10.8148,14.2843,16.4631,27.7592,44.2023,65.2486,1.80465,2.07423,3.39945,3.40573,5.5986,7.33899,9.44683,13.7193,19.1752,22.9902,33.6357,47.2025
4675,21.4981,25.4355,50.9785,116.75,87.7193,156.682,267.62,327.072,478.848,608.799,1161.73,1530.67,18.9644,27.2376,71.6445,78.0288,121.047,154.007,165.028,282.752,441.021,539.787,1041.31,1421.21,10.7824,25.9582,57.6631,85.4154,104.931,143.777,254.923,255.203,529.599,673.837,722.259,1032.88,11.3709,26.4002,57.205,79.2134,92.3379,147.793,206.251,282.412,414.388,578.262,832.042,1038.56,13.3124,27.4562,49.6822,78.1312,104.562,127.879,285.014,390.323,398.851,740.096,882.084,1378.91,13.5992,23.2817,62.3546,56.8043,87.0593,146.947,182.539,324.406,358.465,773.857,808.723,1383.07,14.9046,19.1638,46.2738,68.0408,100.32,131.849,165.524,312.282,395.646,521.076,897.136,1013.01,9.28909,16.0073,43.4907,55.5036,83.6875,109.39,151.852,335.119,337.793,596.023,621.13,1103.57,9.68861,11.4659,27.9104,48.3635,69.0076,128.568,185.354,213.432,336.869,642.473,592.697,872.014,7.58648,13.5662,29.2781,47.4216,59.5551,85.2967,124.012,196.481,230.947,390.363,587.726,781.416,4.5981,11.9517,22.5165,25.5372,72.7103,140.633,111.727,123.234,285.369,503.674,555.809,802.528,5.18963,8.76831,19.796,28.926,44.7863,101.752,130.105,148.152,243.407,365.727,398.248,895.951,4.09966,7.47291,13.4088,34.6991,43.2723,80.2709,82.9341,115.211,166.866,305.474,441.594,853.218,4.85279,6.63602,19.1785,30.1993,36.5866,45.4821,112.153,126.818,174.002,314.093,415.094,633.114,3.35115,4.64597,20.004,18.1029,24.0574,81.4151,77.0987,101.609,229.98,365.678,425.844,692.109,3.28854,4.13097,11.8738,22.0566,14.9276,35.0625,37.374,88.5519,247.442,254.554,387.747,743.832,2.8311,4.4613,6.95687,9.38569,29.3075,34.7119,33.1871,95.604,91.0588,155.314,261.378,636.033,3.18422,4.20318,7.46596,11.5642,13.0103,33.2503,33.4878,97.5097,101.901,153.311,167.13,554.297,2.55673,4.06634,6.86738,10.6007,14.1899,19.0186,38.0389,57.6638,61.5311,96.4816,128.948,234.992,3.07253,3.39401,6.51089,6.81301,11.3545,16.573,32.6501,54.1521,77.2821,110.825,162.377,198.743,2.42445,3.34694,5.58574,6.52548,6.90461,12.666,21.077,30.7543,22.6778,73.5543,60.0261,154.438,1.97943,2.95287,5.5678,5.91409,6.28438,10.5543,14.2101,19.2356,28.1874,36.2963,52.8453,84.4676,2.03364,3.35988,4.24739,5.67693,6.85655,9.69046,11.2405,15.4977,23.9961,41.9831,47.5769,71.3418,2.00201,2.18533,4.08716,3.73405,5.51464,7.92105,10.4749,14.0076,17.2854,27.9289,42.9973,65.7746,1.89772,2.05902,3.38055,3.49506,5.58128,7.27889,9.33057,13.8767,18.8101,22.6063,33.7607,45.4982
4700,21.4981,25.3338,50.9785,116.75,87.7193,182.147,267.62,355.467,482.012,608.799,1161.73,1530.67,18.9644,24.439,69.9735,74.6442,126.302,154.007,165.028,322.313,441.021,539.787,903.078,1421.21,10.7824,25.6713,57.6631,94.6242,104.931,143.777,254.923,228.735,529.599,664.665,722.259,1032.41,11.3709,28.6911,58.3473,101.546,95.2488,153.486,198.073,282.412,392.322,578.262,832.042,1217.87,13.2475,27.4562,49.6822,65.8712,105.217,127.879,285.014,383.487,398.851,591.295,882.084,1378.91,13.5992,23.2817,57.861,56.8043,85.6948,140.369,181.229,329.758,363.516,769.377,782.189,1383.07,14.8845,19.1638,44.1788,66.3062,100.32,131.849,182.864,312.282,413.06,501.873,897.136,1008.89,9.11992,15.3954,43.1608,55.9535,79.1311,132.259,148.633,329.353,372.024,596.023,621.13,1250.13,10.1334,12.4251,27.4611,45.0281,70.5698,128.578,177.236,213.452,336.869,642.473,592.71,790.106,7.53263,12.7005,31.0004,47.1205,66.1008,86.1884,133.118,193.834,230.804,390.386,593.972,781.42,5.16917,10.5772,23.965,31.0456,60.5373,142.909,95.6394,124.358,283.484,503.641,647.068,802.492,5.90456,8.84124,18.0608,34.0046,45.671,85.3784,129.477,118.3,233.271,331.717,398.23,913.581,4.52495,6.50201,12.901,34.854,42.2432,77.9748,79.5576,106.79,172.829,303.533,441.546,927.831,4.64428,6.43789,20.4857,25.6298,36.496,45.1387,91.1605,111.474,155.195,307.661,416.857,500.945,3.24802,4.83332,18.4507,18.7574,24.1951,76.849,80.154,85.2732,200.011,359.973,381.245,784.4,3.47517,4.19435,11.3112,15.8759,14.6631,45.2952,46.3459,88.3473,250.051,268.209,387.238,744.368,2.8013,4.46935,6.6314,10.3791,23.964,36.6185,29.3537,96.5519,96.9486,182.833,265.988,701.847,2.97398,4.03411,7.44036,11.4259,12.4594,32.8243,36.4131,95.7995,69.984,155.946,174.162,533.757,2.47744,3.8646,6.90032,11.0312,14.593,21.0515,38.8351,45.1957,63.7595,101.493,111.464,195.453,2.90508,3.34065,6.30225,6.37894,11.0256,15.9902,32.0183,50.7982,72.4457,137.653,153.075,200.578,2.48677,3.41259,5.49677,6.43181,7.17634,12.9143,20.696,30.5143,22.3591,72.048,59.848,163.748,2.08698,2.90778,5.48711,5.80828,6.18545,10.5334,15.0557,19.2402,27.8946,37.2301,53.9017,119.895,2.06382,3.01478,4.69171,5.81452,6.79753,10.1982,12.0522,15.433,24.6923,41.2636,46.3472,71.1996,1.84625,2.09135,4.08241,3.53694,5.67099,7.81612,10.4442,13.7757,16.4106,27.1717,45.3943,58.9242,1.86567,2.0609,3.26183,3.50078,5.4943,7.38552,9.18062,14.2874,18.559,21.4313,32.8921,47.4483
4725,20.9266,25.4355,50.9785,116.75,79.7284,182.147,267.62,355.467,451.269,608.799,1161.73,1530.67,18.9644,28.8173,71.4896,78.0288,121.047,154.007,165.028,334.981,441.021,539.787,1041.31,1291.93,10.9941,25.8715,55.402,85.4154,104.931,135.866,254.339,229.018,529.599,659.851,719.808,1032.41,11.3709,27.823,57.255,101.546,95.2488,153.486,198.073,275.117,422.417,552.401,805.982,1039.21,13.3124,27.4562,47.0165,73.9445,105.217,127.879,264.489,407.62,398.851,740.096,882.084,1237.49,13.5992,23.2817,65.9883,56.8043,92.9616,129.819,177.969,327.428,407.432,773.857,808.723,1383.07,15.0856,19.1638,46.2738,60.7096,96.9036,132.453,165.524,312.282,413.06,484.251,857.35,1008.89,9.13774,16.3772,43.1608,54.1822,83.6875,130.298,153.24,330.326,360.209,596.023,621.13,1265.84,9.70357,12.0394,27.3395,46.8429,70.5698,120.969,185.354,213.452,261.203,642.473,592.71,872.014,7.17146,13.6371,30.6542,47.2491,64.6827,87.303,124.585,197.077,230.817,390.38,652.737,778.514,5.06487,11.707,22.0312,25.7335,74.4453,143.614,112.546,123.201,283.517,503.64,647.068,720.251,4.97009,8.68517,19.8623,31.9365,41.4207,102.104,131.408,143.783,243.581,331.737,398.215,913.544,4.28176,6.72507,13.5336,27.2426,45.1707,79.0601,77.7198,107.742,155.001,303.561,439.161,928.364,5.13682,6.35167,18.7006,27.3386,36.2667,53.7228,87.6359,113.257,161.443,283.093,419.715,549.204,3.2934,4.6767,19.3029,19.9091,23.9079,79.6657,60.6592,99.7525,239.949,350.661,424.929,784.464,3.27782,4.2063,11.939,19.7836,14.399,41.0124,49.0737,88.7729,250.122,250.8,356.362,748.59,2.84552,4.36498,7.38314,12.1047,31.8359,31.426,41.8771,81.7968,95.8248,177.89,261.491,658.702,3.15118,3.96439,7.31203,11.4167,12.9693,28.3804,34.308,83.5492,102.087,147.62,158.717,582.264,2.4821,4.13344,7.27789,9.86066,13.5399,19.7236,37.3427,65.0996,59.0253,101.825,124.697,270.019,2.79552,3.4051,6.33518,6.81344,10.9215,17.6239,31.5728,62.4421,72.5761,142.205,153.514,203.559,2.42484,3.4282,5.41377,6.46496,7.19213,12.7328,19.8808,30.023,22.4192,70.5201,65.234,165.297,2.09942,2.91401,5.28922,5.7162,6.15036,10.3311,13.485,19.1388,27.7958,34.7879,52.8954,119.373,1.97913,3.14326,4.84106,5.48216,6.89961,10.4015,12.0706,15.2745,25.9577,41.4586,46.1788,70.5991,1.86588,2.02352,4.38304,3.77728,5.74235,7.88204,10.5894,13.9916,16.2854,27.9346,44.3087,59.1935,1.80225,2.14886,3.31397,3.48962,5.41355,7.52625,9.31951,15.1737,18.6362,22.9874,32.0413,45.4099
4750,20.4714,23.6,50.1722,113.314,89.7045,182.147,267.62,355.467,461.433,608.799,1161.73,1530.67,18.9644,27.2376,71.4896,71.3069,121.047,154.007,158.947,322.528,441.021,539.787,1041.31,1421.21,9.07219,25.9582,63.5798,85.4154,104.931,175.216,254.923,226.922,529.599,681.837,812.667,1032.41,11.3709,27.3077,56.7217,99.7306,95.2488,153.486,198.073,282.412,452.234,578.262,755.284,1038.56,13.3124,27.4562,49.6822,78.1312,105.217,127.879,228.089,393.197,398.851,649.791,882.084,1378.91,14.1276,22.6478,65.9883,56.8043,88.9093,146.966,182.092,327.428,395.191,773.857,808.723,1383.07,15.0856,19.1638,46.2738,67.7406,100.32,131.838,165.524,312.282,362.42,521.076,897.136,1008.89,9.32997,16.6117,42.9986,57.6511,83.6949,132.259,144.958,330.326,324.958,596.033,621.13,1132.58,9.55773,12.4627,25.5573,47.3232,69.0123,117.567,185.338,213.514,336.893,642.473,592.71,896.25,7.38689,12.8363,29.8086,48.0261,61.8565,86.7592,126.325,197.066,230.819,390.366,671.1,778.551,5.02803,11.1104,21.9138,25.5047,74.2036,145.057,111.763,122.391,234.914,474.923,647.06,802.555,5.38695,8.2562,20.3206,31.814,44.5292,101.026,124.727,142.322,243.585,331.772,453.108,913.707,4.59633,6.47373,13.0525,27.177,43.6709,57.5218,77.9896,100.705,156.433,303.483,439.274,928.417,4.98838,6.14164,20.6907,29.2281,37.6259,41.6908,112.744,112.995,171.598,313.555,426.509,424.863,3.4414,5.12197,18.9409,18.9861,22.2172,81.2297,79.7705,105.943,216.244,366.017,424.991,712.348,3.39773,4.43828,12.5171,16.9175,14.6325,39.729,41.1685,87.1043,247.423,264.004,386.972,741.443,2.70256,4.498,6.54,10.8237,28.3398,36.3744,38.9692,96.1236,94.1715,177.009,267.316,706.875,2.91255,4.01505,6.82086,10.9404,12.6715,29.5409,36.0462,79.7238,87.4373,176.765,157.806,566.797,2.48688,4.0669,6.94938,10.5312,14.0073,19.614,37.0802,63.7102,64.1675,102.984,124.273,292.96,2.79441,3.42248,6.19728,6.76941,10.5715,16.7477,29.3418,67.2165,71.1368,137.023,156.132,186.85,2.3491,3.4682,5.38839,6.47621,6.93738,12.7497,20.3906,29.7219,22.5131,67.0923,60.4242,162.689,2.03374,2.93919,5.34065,5.80172,6.09751,10.2469,14.1109,19.0768,27.5835,35.2814,53.4075,110.663,1.9821,3.20702,5.1628,5.3672,7.12134,10.0573,12.1261,15.1561,22.5991,40.9904,47.5075,70.7319,1.87348,2.14282,5.07902,4.23663,5.93113,7.96225,10.5559,13.8826,17.0578,27.9418,43.4053,60.1019,1.77744,2.05864,3.28876,3.41547,5.47191,7.57316,9.52658,14.4287,18.7399,22.7318,32.5885,45.3133
4775,21.4981,25.3653,50.9785,116.75,87.7193,187.735,251.24,355.467,482.012,590.747,1102.78,1530.67,18.9644,27.2376,71.4896,78.0288,102.047,140.526,156.606,322.632,489.284,539.787,1041.31,1421.21,10.7824,25.9582,57.6631,85.4154,98.8539,143.777,254.923,238.088,424.214,573.675,722.259,1032.41,11.3709,28.6911,56.6467,101.546,95.2488,133.209,198.073,282.412,414.135,578.262,832.042,1016.5,13.2699,27.4462,49.6822,78.1312,105.217,127.879,285.014,384.433,398.851,740.096,978.76,1378.91,13.5543,23.2817,64.1003,56.8043,87.0593,146.947,182.092,331.465,407.432,773.857,814.183,1383.07,15.0856,19.1638,46.2738,67.7406,100.32,131.838,162.177,305.834,377.277,521.076,897.136,1012.13,10.4824,16.3615,43.0063,56.5988,83.6949,132.259,135.986,286.686,372.038,596.033,621.13,1265.84,9.79194,11.8064,27.6112,48.0469,71.8599,119.495,185.338,213.514,275.959,642.473,592.679,872.035,6.92656,13.1572,28.4715,47.1633,57.7071,87.7907,133.35,197.073,237.955,390.411,532.867,746.942,5.06998,11.1283,22.0303,25.0159,75.0386,129.416,106.545,126.361,276.571,489.127,647.052,802.536,4.87898,8.16327,21.8354,28.9603,45.9013,100.955,131.52,122.353,243.526,331.772,400.082,913.702,4.56298,6.1121,14.8108,34.1256,43.6113,65.2972,81.9307,118.721,156.396,303.585,441.739,935.855,4.75856,5.89777,21.1155,27.2511,34.4782,50.5945,118.344,111.215,143.259,313.879,414.369,555.157,3.16166,4.65333,16.7961,18.8964,20.6163,78.5853,74.7251,95.5789,225.557,358.97,424.486,777.294,3.16348,4.13462,11.4895,16.0199,14.524,40.1913,36.4833,86.7318,241.248,247.927,385.582,735.346,2.80923,4.64586,8.13665,9.44477,29.4671,36.4007,26.6104,96.7309,89.8377,180.057,268.079,703.401,3.13202,3.73393,7.49503,11.2072,25.3958,33.1496,37.4077,93.8187,96.8673,183.181,163.901,571.606,2.34536,4.16638,6.7269,9.94828,15.551,20.2082,33.5527,64.9474,62.9593,104.596,128.515,253.511,2.88591,3.32595,6.35051,6.82271,10.6879,17.2132,30.286,69.292,74.4841,135.812,151.606,196.164,2.31781,3.47385,5.46234,6.54752,6.80929,12.4811,19.9862,30.3207,22.0492,72.279,64.3636,153.208,1.94594,2.92232,5.33873,5.72773,6.04263,10.1909,13.414,19.3103,26.9333,37.663,53.3849,109.479,1.92602,3.15361,5.42016,5.72176,7.47908,10.5424,11.9869,15.0958,26.0117,40.0112,47.2173,70.3856,1.91423,2.14847,4.80097,4.20774,6.12302,7.9245,10.5746,13.5933,17.3367,27.868,42.7289,65.3021,1.72568,2.12503,3.24564,3.57327,5.48868,7.53169,9.77688,14.2172,18.4662,22.1989,32.1341,46.1447
4800,19.9358,25.4355,50.9785,116.75,83.1493,182.147,267.62,329.966,482.012,608.799,1202.28,1530.67,18.9644,22.3909,71.4896,78.0288,95.6559,154.007,162.875,322.528,338.291,476.53,1041.31,1369.2,10.7824,25.9582,57.6631,76.4103,104.931,143.777,239.914,228.735,529.599,681.837,722.259,1032.41,11.6816,28.6911,54.6079,101.546,95.2488,153.486,198.073,282.412,422.417,578.262,832.042,1038.56,13.3124,26.0833,49.6822,79.5137,100.073,127.879,285.014,407.62,398.851,740.096,882.084,1378.91,13.5543,23.2817,68.5059,52.0772,87.0593,146.947,177.831,327.428,407.432,773.857,808.723,1293.67,14.6601,17.7578,46.537,67.7406,100.32,126.457,178.859,286.355,413.06,521.076,897.136,1008.89,10.5061,16.2328,42.1091,56.137,83.6949,132.259,153.253,324.906,372.038,596.041,621.13,1265.84,9.73402,12.2029,28.6036,48.0548,71.8599,112.577,185.338,213.506,336.774,642.473,564.564,872.035,7.46939,13.7958,27.6161,46.6783,65.1276,85.3149,130.645,207.968,231.778,388.788,671.144,738.842,5.04404,11.63,21.8376,25.3535,72.7153,141.428,95.6547,120.254,283.61,487.758,610.249,802.59,6.61022,6.66774,19.4623,27.4229,45.5217,119.998,133.571,150.545,241.638,331.739,481.138,913.694,4.20092,7.35554,13.8478,34.0655,44.2626,71.8663,72.4438,99.308,155.105,297.63,441.727,874.7,4.37238,6.5002,20.2205,29.4823,36.5436,53.3221,90.7256,111.89,170.504,282.679,414.317,552.559,3.22143,5.61608,19.3906,15.5361,25.0512,81.5059,82.6008,103.642,237.256,324.364,423.813,766.012,3.30103,4.1245,10.6456,16.9591,14.5474,39.708,48.9116,85.2699,179.026,265.084,372.918,738.989,2.71134,4.57511,7.66333,12.6691,30.4724,35.3947,27.4479,95.1215,95.2181,176.6,267.811,670.357,3.35584,4.01603,6.83667,11.0475,24.7697,32.6742,35.9233,86.8665,101.076,186.511,159.817,570.827,2.53967,4.12154,6.74393,10.9198,15.1531,19.0479,37.9009,72.9141,62.0003,84.1364,123.544,314.991,2.85868,3.34952,6.02172,6.36467,10.5723,15.9558,27.5727,67.4159,74.4194,121.023,149.922,196.162,2.53636,3.49392,5.27146,6.13112,6.93473,12.8759,20.3414,30.2685,21.8752,74.26,57.8981,163.067,1.9794,2.86557,5.32236,5.70406,6.04455,10.1107,13.6039,18.6016,26.9882,36.9594,53.8872,86.1973,1.93829,2.91863,5.22469,5.77654,7.37867,10.7501,11.6873,14.9961,24.5381,40.4648,45.7679,69.6047,1.90128,2.40321,4.17448,3.91424,5.95914,7.64005,10.3723,13.9343,18.8493,26.6989,42.0592,57.9726,1.84772,2.06649,3.23929,3.4998,5.38113,7.75263,9.40544,14.6052,18.3527,22.3129,31.097,46.728
4825,21.4981,25.4355,50.9785,116.75,87.7193,173.518,267.62,355.467,482.012,608.799,1097.4,1530.67,18.9644,27.2376,71.4896,74.3019,121.047,154.007,165.028,307.544,405.621,510.115,1041.31,1421.21,10.7824,25.9582,57.6631,85.4154,107.503,143.777,255.272,241.406,529.599,665.682,690.554,1032.41,11.3709,28.0398,57.205,101.546,95.2488,153.486,198.073,290.117,392.64,578.262,832.042,1038.56,13.4165,26.2676,49.6822,78.1312,105.217,127.879,285.014,399.367,398.851,715.207,882.084,1358.52,13.5543,23.2817,65.9883,53.1757,87.0593,146.947,175.333,327.428,407.432,773.857,781.878,1383.07,14.2475,19.0751,46.537,67.7406,100.32,131.849,165.524,302.058,403.862,521.076,899.869,1008.89,10.4422,16.1894,43.0149,56.1524,83.6949,129.65,147.504,280.776,372.024,571.712,644.291,1198.65,9.70821,11.868,25.7432,48.0548,71.8607,127.378,185.324,213.521,260.915,642.473,539.811,872.035,7.3234,14.2148,28.9506,43.3629,63.4886,89.1889,130.548,209.649,236.694,388.793,648.99,767,4.89435,11.1246,22.3691,25.6609,73.5092,120.939,110.789,121.635,285.497,511.114,647.107,802.664,6.56853,7.7854,20.8086,30.5863,45.1769,101.439,125.709,150.526,241.653,331.805,400.017,913.716,4.0102,7.90386,13.9196,26.5597,50.6518,75.3356,75.67,102.198,155.19,305.772,441.903,839.103,4.66771,6.15877,20.7279,30.2954,37.4342,49.249,116.966,145.939,166.142,313.758,407.589,620.02,3.43532,4.88114,19.9127,18.8796,23.1101,78.4522,78.1019,106.43,237.136,379.379,424.699,766.604,3.48768,4.02912,11.4382,17.0954,14.397,39.717,47.9292,87.0842,205.697,255.463,387.334,752.258,2.76208,4.26931,6.58245,8.90268,35.8042,29.8019,39.4166,95.6544,94.96,180.292,267.875,580.645,3.04246,3.96643,7.14195,11.0547,15.827,24.9768,36.8024,81.0519,83.2642,198.657,141.729,511.962,2.47972,4.16287,7.70847,9.14395,14.7002,19.1059,30.5875,85.1987,61.707,79.7757,142.893,279.449,2.89174,3.36751,6.09067,6.8058,10.4206,15.4494,30.2053,66.5847,68.2497,129.16,151.174,196.674,2.38245,3.37362,5.22089,6.11363,6.96444,12.6597,20.0189,29.9381,21.8533,68.7196,59.3417,161.358,1.96381,2.83822,5.16455,5.6382,5.96225,10.2231,13.6805,18.3992,26.5938,39.5258,52.9604,86.4942,1.85574,3.06788,5.07385,6.07409,7.04231,10.6049,11.9649,14.9789,21.9257,39.996,47.7313,70.029,1.9485,2.62715,4.47917,4.48889,5.7653,7.77713,10.4996,13.7964,18.8436,28.1014,41.5018,57.2457,1.79976,2.09198,3.26767,3.62119,5.42468,7.65186,9.66661,14.5772,18.7258,21.9839,31.173,44.5439
4850,21.4981,23.1839,50.9785,116.75,87.7193,182.147,267.62,355.467,482.012,608.799,1161.73,1511.78,18.9644,27.2376,69.2954,78.0288,121.047,148.807,165.028,322.528,347.922,552.209,1041.31,1421.21,10.7824,22.8482,58.802,82.8561,106.093,143.777,254.923,216.482,529.599,656.099,782.378,1019.6,11.3709,27.6665,57.205,101.546,95.2488,137.75,198.073,282.412,422.417,560.096,832.042,1052.53,13.0332,27.4462,49.6822,75.0005,102.629,127.879,260.086,379.924,398.851,740.096,882.084,1340.72,13.5543,23.1774,65.9883,55.3766,84.7776,146.947,182.092,327.428,377.666,732.173,808.723,1383.07,14.9851,19.2545,46.537,63.8456,100.32,131.849,165.524,312.282,413.06,521.076,859.032,1008.89,10.4455,16.1894,43.3221,56.158,83.6949,132.236,152.79,330.326,326.595,596.041,523.845,1265.84,9.48016,13.5438,27.3121,48.0747,70.9506,125.083,185.324,213.502,336.83,642.473,606.551,872.035,7.62528,13.9617,28.7688,45.9407,66.2661,85.4914,128.457,209.657,236.596,363.15,506.241,776.357,5.03691,11.3654,19.0789,26.563,71.8807,136.675,111.782,124.04,278.604,483.81,647.089,802.683,6.81035,7.55163,18.3746,23.3351,45.474,111.924,132.862,145.153,245.005,331.954,399.968,824.895,4.09252,8.18407,17.3139,33.4258,39.9118,76.7003,79.1775,99.5226,158.054,305.772,441.906,904.404,4.66193,6.41226,21.1209,24.6536,30.6175,49.3687,115.533,116.436,167.851,313.679,407.519,551.109,3.73327,5.52916,19.4517,17.6251,21.9815,64.5657,73.422,107.409,221.336,361.613,424.58,766.932,3.39021,4.02754,10.4799,15.3561,14.3746,35.5812,52.7274,83.7853,167.385,262.73,396.164,753.615,2.7565,4.46119,7.59993,13.3111,28.1829,33.5096,32.7618,92.4128,93.6444,179.922,266.229,679.55,3.23147,3.79895,7.59884,10.9913,26.4239,31.9943,27.6916,74.0376,97.6197,181.238,184.777,507.311,2.48917,4.13338,6.63569,10.9243,17.1081,18.6868,37.5062,82.9091,59.2848,90.7177,136.625,225.345,2.91585,3.3748,6.22409,6.80786,10.5346,16.255,31.4754,57.1544,79.2276,131.937,153.72,197.287,2.3468,3.43681,5.17056,6.10116,6.55578,12.7082,19.8453,29.8432,21.6278,68.6758,56.5195,157.342,1.94832,2.82704,5.22251,5.62444,6.03078,10.2884,13.7418,19.8043,26.5192,36.2013,54.2234,85.2359,1.98384,3.04176,5.00891,5.64025,7.70851,10.4033,11.6395,14.7698,24.1639,39.5709,48.903,71.437,2.20604,2.35631,4.88608,4.51452,6.0569,7.65045,10.2518,13.1897,17.4465,27.1962,40.9769,64.6242,1.74722,2.01528,3.33965,3.58042,5.37607,7.75505,9.64748,15.1942,18.029,22.1165,31.2013,44.6836
4875,21.4981,25.4355,50.9785,115.619,87.7193,182.147,267.62,355.467,482.012,590.491,1161.73,1373.11,18.2875,27.2376,71.4896,78.0288,115.88,154.007,165.028,322.528,441.021,539.787,1041.31,1421.21,10.4161,24.6864,57.6631,85.4154,99.8095,143.777,254.923,228.735,529.599,681.837,722.259,1032.41,11.3709,28.6911,57.205,101.546,95.2488,153.486,198.073,282.412,422.417,578.262,862.322,953.328,13.3124,28.3881,45.0015,78.1312,105.217,127.879,285.199,364.42,399.768,740.096,863.691,1292.02,13.5543,23.1774,65.9883,56.8043,87.0593,143.39,182.092,327.428,407.432,773.857,808.723,1270.54,14.8042,19.2545,46.537,68.4534,100.32,131.849,153.532,307.079,453.844,521.076,897.136,1008.89,10.4232,14.8461,43.3221,56.1426,82.5038,127.228,153.245,330.326,368.373,579.47,621.13,1265.85,10.325,12.2604,26.9788,45.4536,68.7014,125.083,166.589,180.188,268.405,590.493,608.9,872.035,8.04246,14.0073,26.6485,45.7765,66.2921,82.1172,129.758,205.808,224.43,388.824,675.317,776.316,4.98398,11.3571,21.8133,23.6038,70.201,139.639,90.9992,116.681,285.415,482.52,647.173,802.656,6.52017,7.63102,21.5413,28.0112,44.637,100.159,134.133,150.143,244.984,282.943,369.957,913.8,4.54486,7.27883,14.5241,33.6569,44.8492,90.2161,80.7371,100.39,152.301,288.452,441.877,936.44,4.43845,5.09622,20.9325,28.7558,36.2503,49.9762,114.758,123.488,168.686,305.361,412.106,549.515,3.38768,5.18895,18.9262,19.4812,21.9692,81.0531,77.989,104.734,226.353,390.181,433.343,706.754,3.2537,4.03767,11.4513,16.6805,13.8536,40.0307,49.3222,87.5655,240.138,263.636,218.097,741.871,2.76041,4.39348,6.76921,10.0858,28.7086,35.7077,40.1674,93.2401,94.899,180.909,261.16,595.606,3.21607,3.84154,7.49495,11.0386,25.4746,32.3539,33.022,92.5993,92.5009,187.952,162.481,573.914,2.43969,4.10301,6.40379,10.49,16.0989,20.1815,37.311,68.666,62.0848,97.5404,120.877,247.567,2.84747,3.30683,6.15144,6.63788,10.3597,16.4974,30.4594,66.0965,77.7568,124.767,151.188,204.247,2.29681,3.69658,5.26142,6.01912,6.66031,11.9289,19.9591,29.6889,20.5866,68.4701,54.4842,163.236,2.00802,2.75157,5.17331,5.60181,5.91013,9.76116,13.3856,20.8926,26.2818,41.512,55.3493,84.0188,1.87845,3.00582,4.92973,5.64942,7.54194,10.2358,11.2827,14.6834,23.4514,39.1978,51.1654,70.116,2.01629,2.39711,4.69893,4.01822,5.90105,7.88876,10.1357,13.4193,19.0078,26.857,40.4404,56.0798,1.81253,2.18123,3.21608,3.50859,5.31623,7.71227,9.23726,16.6135,18.6239,22.1312,30.8263,45.4722
4900,21.4981,25.4355,50.9785,116.75,82.5208,182.147,267.62,355.198,497.395,593.849,1161.73,1530.67,18.9644,27.6205,69.3281,78.0288,123.463,154.007,165.028,322.528,355.924,526.757,1041.31,1421.21,11.4608,25.9582,57.6631,84.5424,109.355,144.102,254.923,252.837,529.599,681.837,722.259,1032.41,10.6914,28.6911,57.205,101.546,95.2488,153.486,217.338,282.412,422.417,578.262,794.457,1038.56,13.3124,27.4462,49.6822,79.0569,102.475,119.792,285.014,407.62,398.851,740.096,882.084,1378.91,13.5543,23.1774,65.9883,56.8043,87.0593,146.947,178.944,327.428,407.432,773.857,808.723,1383.07,14.6464,19.5078,46.537,68.4534,100.32,131.827,165.524,312.282,413.06,501.18,897.136,1008.89,10.3692,16.1308,41.7188,56.1426,83.6749,108.728,143.551,330.326,372.081,599.161,590.757,1200.34,9.8581,12.5291,27.4164,57.077,70.9728,125.095,185.324,213.492,336.83,642.494,608.887,872.035,8.16648,14.2055,29.0295,45.7969,60.2864,84.0086,124.128,205.624,230.908,388.784,675.338,773.461,5.1718,11.2399,16.8018,26.2238,72.695,139.612,109.09,121.145,283.54,482.53,647.173,802.771,5.29558,7.79118,20.6062,29.2883,51.2162,100.91,130.27,150.771,227.115,331.913,399.938,881.515,4.57874,6.92281,14.0558,33.2971,46.4591,81.6702,82.3657,98.9354,155.215,303.84,435.895,783.819,4.8752,6.59934,16.6814,29.7268,36.9244,52.1685,86.0472,107.489,157.756,315.845,418.793,550.793,3.37882,5.6477,18.7368,18.4739,18.9978,75.3891,76.3491,89.9478,224.291,363.978,377.923,759.417,3.3633,4.00999,10.553,20.0233,14.7375,39.825,48.0084,84.5036,222.702,263.433,429.624,747.924,2.71748,4.51608,7.70362,12.7432,29.1464,30.195,39.658,91.2877,92.6585,166.015,260.452,681.264,3.39848,3.82729,7.39172,10.5498,25.5271,31.2717,36.2449,76.7582,102.745,149.087,165.687,575.356,2.46887,4.12402,6.85335,10.3367,14.3922,18.5244,34.2216,69.7716,55.9718,83.5291,138.211,326.065,2.86971,3.39206,5.88851,6.4838,10.4024,16.7908,30.4661,51.0909,77.3658,142.596,147.723,196.289,2.33223,3.67794,5.12172,5.93595,6.8903,12.4312,19.7457,29.6534,21.4003,67.4635,57.5727,161.569,1.95842,2.78136,5.1082,5.65363,5.9048,9.9976,12.9926,20.9599,26.2086,40.6693,55.0485,84.0074,1.89878,2.92388,4.79161,5.92446,7.01853,10.1207,11.4828,14.6548,22.2919,39.5678,47.5947,68.2675,2.06992,2.35308,4.10613,4.21076,5.5986,7.71267,10.1886,14.1704,19.0773,28.0678,39.9982,61.0198,1.83297,2.09475,3.254,3.56319,5.50745,7.63492,9.29027,16.2164,18.0372,21.992,30.1945,45.1552
4925,21.4981,25.4355,48.2767,116.75,91.8622,182.147,267.62,335.572,482.012,608.799,1161.73,1530.67,18.9644,27.2376,71.4896,77.9762,119.713,154.007,163.035,322.528,445.525,531.384,1041.31,1421.21,10.7824,25.9582,57.6631,85.4154,104.931,143.777,236.056,230.651,529.599,681.837,722.259,1032.41,11.3709,28.6911,58.3473,101.546,95.2488,153.486,198.073,282.412,422.417,578.262,764.75,1009.22,13.3124,26.3438,49.6822,78.1312,100.678,127.879,285.014,383.487,398.851,591.295,882.084,1378.91,13.5543,22.3098,57.8753,56.8043,87.0593,146.947,181.229,327.428,407.432,773.857,808.723,1277.58,14.4045,19.3713,44.442,67.0191,91.2473,131.816,165.524,284.8,360.575,521.076,897.136,1008.89,10.4519,16.0735,43.0292,44.5304,83.6649,127.964,153.258,329.353,372.081,599.161,592.058,1265.89,9.66201,12.5543,26.4016,46.9026,70.9617,125.134,174.14,178.804,336.854,558.661,608.887,883.774,8.07882,13.8486,29.0969,44.7981,67.3097,86.4237,132.531,205.619,231.073,391.821,615.52,754.181,5.23484,11.6573,25.043,26.2597,72.0754,141.744,111.794,122.873,245.822,482.541,647.154,784.262,5.70152,7.62747,19.8153,29.5665,40.813,96.3802,133.436,150.574,243.237,332.012,399.926,914.006,4.41851,5.26692,14.0378,33.5762,41.4086,91.7985,83.8891,93.4488,181.456,303.827,439.505,665.025,5.03139,6.30414,20.746,29.7561,33.2151,50.8797,114.713,151.029,164.573,315.73,355.036,549.222,4.23548,5.76945,18.034,18.937,22.6228,84.2314,79.3568,90.4474,202.379,359.196,435.461,760.08,3.54674,3.9273,12.1791,17.5443,15.0999,37.3314,40.3837,85.8085,259.151,262.295,399.477,755.061,2.65277,4.35063,6.96998,10.8174,26.4633,34.6655,38.5307,92.0696,94.6271,186.856,234.188,694.428,3.06773,3.85762,7.13031,10.7329,16.6845,28.6514,35.6819,76.2673,71.8542,182.914,166.155,562.731,2.49707,3.97238,8.29802,9.2543,14.0204,18.4034,37.7231,91.226,62.3217,91.314,113.957,275.828,2.77485,3.44285,5.86257,6.87066,10.3007,14.9373,29.1004,54.0155,61.7598,145.233,149.48,192.569,2.27747,3.40783,5.10302,5.92043,6.80708,12.4011,19.455,29.0928,21.4132,66.6436,57.8351,157.06,1.88686,2.71346,5.00174,5.5917,5.83248,9.64811,13.1777,19.4549,25.8283,41.3654,55.615,84.5639,1.93402,2.95143,4.77435,5.95747,7.59412,10.0008,11.2159,14.6071,22.0235,39.3102,50.6811,70.267,2.08234,2.35912,4.04171,4.24058,5.86454,7.59234,10.0884,15.6552,17.7562,27.2308,39.6826,59.4908,1.75555,2.09904,3.18377,3.6076,5.77349,7.67048,9.38498,15.627,17.8743,21.9566,31.9004,46.0254
4950,18.838,25.4355,47.1592,114.006,87.7193,179.632,267.62,355.467,482.012,608.799,1161.73,1530.67,18.9644,28.8173,71.4896,78.0288,121.047,147.442,156.606,319.675,441.021,539.787,917.02,1408.29,10.7824,25.9582,55.402,75.0147,92.2022,143.777,254.339,226.578,521.266,681.837,719.808,1032.41,11.43,27.9286,57.205,101.546,95.2488,153.486,197.326,251.852,395.723,553.387,832.042,1026.61,13.3124,27.4462,49.6822,73.9445,104.131,127.879,285.014,407.62,398.851,760.581,882.084,1378.91,13.5543,22.1394,66.0025,56.8043,87.0593,146.947,178.989,327.428,407.432,773.857,808.723,1373.11,14.5005,19.5078,46.537,61.4225,98.496,128.087,165.524,293.938,413.06,484.251,897.136,1008.89,10.6498,16.4114,39.9523,50.9334,83.6649,122.298,153.253,286.73,360.186,579.18,621.13,1265.89,9.40052,12.667,25.6008,47.2535,71.556,127.452,185.324,213.48,314.411,642.494,608.887,883.774,7.28356,13.7558,27.8142,45.9495,63.4887,89.351,132.519,190.458,230.91,391.896,675.32,773.383,5.04153,11.9905,25.022,26.9321,64.2151,141.327,104.577,122.033,289.154,482.462,647.12,802.584,6.4402,7.89599,21.0062,27.4782,45.4114,100.773,134.132,146.086,231.62,332.032,399.889,914.09,4.39047,6.12015,14.3173,27.6123,44.6561,79.4759,80.7328,109.157,136.424,303.935,436.003,937.653,5.12619,6.14521,20.254,30.2115,35.7554,53.6781,82.9412,126.347,153.185,317.195,418.623,553.28,4.42137,5.69067,19.0935,17.9826,21.2979,77.2335,77.9871,93.2995,230.585,361.661,434.582,767.634,3.42239,3.94906,11.8293,22.5585,14.2271,37.6262,37.9387,84.1665,248.459,231.731,358.794,748.355,2.65599,4.46493,8.31143,12.5998,29.0042,34.8365,34.543,84.4305,88.2482,184.998,247.655,617.374,3.13472,3.86125,7.70729,11.1978,24.9091,31.1464,33.7898,90.4539,97.8457,191.129,166.173,564.781,2.34075,4.13899,8.08561,10.4425,13.5165,18.4897,35.4964,74.4308,61.0634,109.032,134.164,319.318,2.90679,3.37396,6.08392,6.80583,10.3727,13.9789,29.3531,66.4552,77.4851,119.955,143.657,185.944,2.27298,3.50535,5.166,6.03852,6.57181,12.4568,18.9185,29.7668,21.0685,71.9252,67.3156,152.45,1.97273,2.68292,5.00705,5.54418,5.84841,10.261,12.8212,20.2051,25.5606,37.4761,55.7559,103.784,2.00891,2.86633,4.70357,5.58303,7.59795,9.95185,11.449,14.4469,24.4323,38.6701,54.6441,70.4637,2.09827,2.59337,4.42988,4.16581,5.88407,7.7723,9.71954,15.6295,17.1098,26.8755,39.3334,63.9921,1.74263,2.15126,3.30024,3.55628,6.00646,7.52533,9.38428,16.6511,18.2796,21.7886,31.6548,45.0979
4975,21.4981,23.4982,50.1722,116.75,87.7193,182.147,267.62,355.467,482.012,608.799,1161.73,1530.67,18.9644,27.2376,65.6037,71.3069,121.047,154.007,165.028,322.528,441.021,539.787,1041.31,1421.21,10.4358,25.8551,57.6631,85.4154,104.931,143.777,254.923,213.597,529.599,681.837,679.789,1032.41,11.4186,24.7215,56.7217,94.9739,95.2488,153.486,198.073,276.028,422.417,578.262,832.042,1038.56,13.3124,26.1212,49.6822,78.1312,102.19,122.109,285.014,398.705,398.851,649.791,882.084,1378.91,13.5543,23.4266,62.6719,56.8043,87.0593,146.947,182.092,327.428,407.432,773.857,808.723,1383.07,14.5092,18.5237,46.537,68.4645,100.32,121.488,161.246,312.282,413.06,521.076,897.136,1008.89,10.6319,15.3603,43.0292,56.1426,83.6649,132.237,153.276,330.373,372.081,599.161,587.467,1265.89,9.94416,12.5479,27.0808,45.5059,71.556,129.3,185.324,213.48,336.807,564.443,608.887,883.774,7.65267,14.8283,28.9204,40.7827,64.0935,89.4059,132.521,205.072,231.123,376.285,682.241,773.41,5.30282,10.9914,24.0783,26.0468,66.8069,139.121,96.8909,117.649,289.022,482.465,647.188,802.584,5.20302,7.76277,18.4255,29.0581,45.246,102.33,125.302,145.391,236.593,335.469,404.94,914.063,4.51926,5.17038,13.4494,28.6349,45.7475,79.5753,81.9301,98.9312,183.26,300.579,507.304,937.692,4.99087,6.03389,20.5253,28.9735,29.4436,50.3755,89.6271,128.753,160.277,280.281,418.59,425.109,4.43648,5.75087,19.1673,15.5713,24.1027,80.1711,82.5709,96.002,194.541,359.889,429.172,767.391,3.58224,4.16261,12.3383,16.6062,14.2418,42.7065,51.1624,73.4222,244.622,255.953,373.145,764.806,2.73005,4.29773,7.70567,12.0476,28.4937,34.0558,29.1296,93.8261,98.5045,183.58,262.329,703.224,3.16665,3.88135,7.56799,10.6923,23.8694,31.0871,35.5286,82.6397,94.6431,181.959,152.895,539.492,2.36097,3.9923,7.95534,9.86072,13.1099,18.4836,35.9184,58.3045,60.6888,98.0507,120.076,259.117,2.94583,3.40945,6.17443,6.49627,9.88645,15.3403,30.2134,53.9699,77.8222,145.432,153.432,154.489,2.2564,3.50556,5.12863,5.88234,7.0574,12.3219,19.1681,28.8176,21.0887,66.1917,60.9008,157.863,2.05526,2.67125,4.96883,5.44466,5.82345,9.92431,12.7209,20.0169,25.4437,39.4245,56.881,82.6581,1.96909,2.85993,4.54493,5.94875,7.24395,9.84349,11.2091,14.5189,23.5425,38.8968,52.599,69.6731,1.97685,2.47878,4.23962,4.14557,5.45884,7.67793,9.77643,15.2721,19.8277,26.9871,39.0993,65.6211,1.79002,2.03265,3.3318,3.47573,5.88686,7.55034,9.36735,16.1137,17.942,22.1965,31.8772,45.6581
5000,18.3266,25.4355,50.9785,112.033,87.7193,182.147,267.62,355.467,482.012,608.799,1111.21,1530.67,19.0097,27.2376,71.4896,78.0288,121.047,154.007,153.902,322.632,441.021,539.787,1041.31,1375.18,10.7824,25.8551,57.6631,82.7859,100.482,143.777,254.923,234.359,505.188,634.543,722.259,1032.41,11.43,28.8125,57.205,95.4481,95.2488,143.166,184.656,282.412,422.417,546.647,832.042,1071.94,13.2699,27.4462,48.2892,78.1312,84.8253,118.074,274.934,401.423,398.851,740.096,854.346,1378.91,13.5543,23.4266,66.0025,56.8043,87.0593,146.947,182.092,331.465,367.966,773.857,796.362,1383.07,14.6227,19.6598,46.537,68.4645,100.32,116.633,152.545,303.474,413.06,521.076,897.136,1008.89,10.6799,16.0297,42.7221,56.1503,83.6646,120.702,139.445,300.588,280.873,599.161,610.225,1265.89,9.61405,12.9718,25.6127,47.1419,71.5445,122.988,185.324,213.48,336.807,642.494,601.708,862.727,7.56875,14.8072,29.4229,46.842,62.8451,88.881,133.086,206.175,180.276,370.2,538.676,724.625,5.12767,11.4745,23.5256,25.8974,69.5816,140.415,107.612,154.423,226.091,469.152,647.169,774.879,6.49599,8.67567,21.2995,27.2441,45.7117,99.7227,138.793,145.327,243.261,335.521,404.895,914.063,4.46523,5.67276,13.843,27.625,47.8426,80.7259,86.6493,95.2114,179.11,308.191,419.188,937.976,4.49174,5.90747,21.4935,26.8847,36.2247,51.7507,90.586,131.585,171.021,315.825,357.265,551.333,4.5417,5.72423,18.3478,18.21,22.2952,81.6188,57.2729,113.985,231.098,374.083,426.694,760.793,3.43847,3.85456,11.5799,16.4882,13.9141,37.7798,49.6919,73.3083,180.822,255.254,390.293,739.355,2.75281,4.27142,7.54763,10.0895,30.1044,28.4817,38.2748,85.3949,97.6482,182.128,227.744,688.091,3.40551,3.58185,7.48611,10.4056,21.3016,27.1425,35.2849,86.6021,85.5978,178.003,142.732,520.921,2.34874,3.96894,6.90094,9.18329,15.025,18.6362,29.0797,79.6733,60.4775,80.2323,139.989,262.965,2.87628,3.47344,5.76393,6.8225,9.85607,16.1896,30.9854,67.2039,76.1004,128.825,155.968,215.292,2.28361,3.48414,5.07305,5.85243,6.82163,12.2743,18.6863,28.1396,21.0649,66.484,63.4101,157.416,1.90955,2.66326,4.87343,5.46403,5.73065,9.97707,12.7445,19.6995,25.0812,41.4963,55.0899,81.9755,1.96411,2.81724,4.66159,5.98621,7.11948,9.71044,10.9406,14.4109,25.3099,38.3808,51.4762,69.4095,2.19105,2.26848,4.02819,4.24219,5.53525,7.6657,9.96037,15.9638,20.2497,27.773,38.5648,58.9773,1.86021,2.01627,3.28131,3.50777,6.20216,7.42567,9.1807,15.5269,18.301,21.3298,31.7459,46.4509
5100,21.4981,23.9346,49.2354,101.369,87.7193,182.147,267.94,355.467,482.012,608.799,1161.73,1373.11,18.05,27.2376,71.4896,78.0288,114.5,154.007,165.028,322.528,367.297,528.055,1041.31,1421.21,10.7824,25.4416,57.6631,85.4154,99.8095,143.777,254.923,228.735,529.599,681.837,744.102,1032.41,11.43,28.6911,57.205,101.546,102.257,153.486,198.073,282.412,422.417,578.262,832.042,1038.56,13.3124,27.4462,49.6822,78.1312,102.205,129.227,285.014,382.76,398.851,580.379,863.691,1378.91,13.6079,19.1499,66.0025,56.8043,87.0593,156.865,182.092,323.295,407.448,742.425,808.723,1383.07,14.4547,18.5785,46.537,67.7318,100.32,131.845,165.524,279.591,413.06,521.076,897.136,1008.89,10.2381,16.2423,42.4694,56.1503,82.4187,127.337,147.535,330.436,333.185,579.481,621.14,1240.13,9.7532,12.3979,29.0358,45.0485,71.608,130.63,185.324,164.788,329.244,647.586,608.873,883.789,8.08645,14.6158,29.1183,43.1581,66.4805,87.7432,130.001,205.664,234.523,393.603,676.924,776.67,5.29067,10.658,22.5134,25.4338,60.6063,139.261,91.271,121.014,285.428,493.488,647.164,802.708,6.59516,7.53434,21.0246,23.8145,45.4505,98.5251,120.022,148.361,244.262,335.757,404.779,914.384,4.41565,6.83252,13.7054,27.413,45.0153,79.7379,84.0974,95.8491,178.542,311.932,436.152,933.577,4.62995,5.79935,19.8664,29.6508,35.3985,43.9537,115.809,132.348,168.103,317.614,352.092,551.845,4.27169,5.24291,18.0153,19.1227,22.2177,78.7696,79.3365,102.331,227.562,367.857,424.944,758.399,3.45383,3.89957,13.7155,19.084,12.6662,36.13,48.6931,73.197,182.739,267.821,393.405,767.301,2.69565,4.64412,6.80395,9.89927,29.2086,32.9199,38.0514,102.133,104.298,162.233,259.489,687.529,3.39991,3.77676,7.67854,10.2788,16.3915,30.3375,35.6779,75.5179,79.9035,183.655,153.187,560.672,2.36124,3.92353,7.91602,9.30749,16.1313,17.5559,36.0135,90.0467,55.3749,89.9268,144.032,245.467,2.83752,3.49895,6.08817,7.02834,9.83885,15.1881,28.3751,65.5343,65.4986,145.389,141.156,188.052,2.37467,3.23056,5.0639,5.57187,6.76906,11.7701,17.8245,27.6269,20.5059,64.0731,56.8167,150.987,2.03411,2.56389,4.7745,5.31185,5.71704,9.87821,12.312,18.3319,24.3286,41.2164,56.0279,84.3728,1.96099,2.68824,4.61301,5.85839,7.24738,10.3132,11.0891,14.0705,25.5369,37.5493,53.7456,69.1266,2.02797,2.21016,3.85686,3.9978,5.96969,7.35577,9.68344,16.7854,21.5208,27.5392,37.0712,62.5734,1.78564,1.95713,3.28894,3.43842,5.79694,7.54766,9.04011,15.8505,18.0495,21.433,30.0165,45.8833
5200,20.4714,23.6,50.1722,113.314,89.7045,182.147,267.62,355.467,461.433,608.799,1161.73,1530.67,18.9644,27.2376,71.4896,71.3069,121.047,154.007,158.947,322.528,441.021,539.787,1041.31,1421.21,9.07219,25.9582,63.5798,85.4154,104.931,175.216,254.923,226.922,529.599,681.837,812.667,1032.41,11.43,27.3077,56.7217,99.7306,103.434,153.486,198.073,282.412,452.234,578.262,755.284,1038.56,13.3124,27.4462,49.6822,78.1312,102.219,127.879,228.089,393.197,398.851,649.791,882.084,1378.91,14.1276,22.7375,65.9883,56.8043,88.9193,146.966,182.092,327.428,395.206,773.857,808.723,1383.07,14.567,19.6703,46.537,67.7318,100.32,131.856,165.524,312.282,362.42,521.076,897.136,1008.89,10.6623,16.3917,42.4694,57.72,83.1336,133.526,145.797,330.46,324.964,599.178,621.149,1132.59,9.68975,12.7286,24.7542,47.9913,67.9244,117.725,183.542,213.501,336.816,642.494,608.873,908.053,8.15346,14.8885,29.8976,43.7287,63.1125,87.302,126.149,205.031,232.425,387.779,674.884,776.457,5.23357,10.9674,22.4945,25.7914,71.9805,137.612,108.927,120.878,246.386,470.877,647.187,802.848,7.21833,7.68411,21.0921,28.7908,43.8188,103.559,126.399,146.766,238.197,332.382,459.795,914.392,4.41081,6.35511,13.5068,27.1605,48.2527,59.9058,77.4066,96.7094,144.278,309.57,432.672,926.842,4.8708,5.84677,20.1471,28.5233,37.2868,43.0257,110.179,149.437,165.993,314.808,424.337,418.268,4.44941,5.55315,17.6641,17.6592,19.8118,77.5509,77.5512,102.303,223.663,370.39,421.856,689.817,3.49322,4.14401,14.4175,17.9499,14.1161,33.9725,38.3481,71.199,260.39,263.485,380.01,761.716,2.83394,4.54412,7.56603,12.2582,25.9635,32.6602,37.9108,101.474,105.097,179.253,252.358,699.332,3.11782,3.65886,7.48257,10.2185,21.585,26.9845,34.7731,71.4756,84.321,139.821,159.076,556.566,2.36371,3.80101,7.75984,9.35397,17.6012,21.8001,27.5814,73.5135,59.2264,101.924,113.359,272.733,2.98249,3.4418,6.22847,7.25458,9.26975,16.4716,27.1016,53.0522,73.5312,140.065,156.834,157.688,2.36036,3.0583,5.05827,5.38354,6.75849,11.4339,18.014,28.195,20.3257,66.8413,58.8752,152.44,2.42668,2.57546,4.68184,7.49269,5.53541,9.70704,11.9226,18.6376,23.3731,38.3979,58.0203,83.7062,1.985,2.59028,5.38046,5.73171,7.07038,9.94767,11.686,13.86,24.8993,37.5644,50.5641,66.8519,1.88252,2.2334,3.75627,3.91692,6.1823,7.26322,11.537,16.5708,20.27,28.0825,35.9283,61.3085,1.80028,1.97476,3.99677,3.4184,5.69397,7.43056,8.82554,15.0216,17.9979,21.6825,30.7189,46.6878
5300,21.4981,23.1839,50.9785,116.75,87.7193,182.147,267.62,355.467,482.012,608.799,1161.73,1511.78,18.9644,27.2376,69.2954,78.0288,121.047,148.807,165.028,322.528,347.922,552.209,1041.31,1421.21,10.7824,22.8482,58.802,82.8561,106.093,143.777,254.923,216.482,529.599,656.099,782.378,1019.97,11.2322,27.6665,57.205,101.546,103.434,137.75,198.073,282.412,422.417,560.096,832.042,1052.53,12.9018,27.4462,49.6822,75.0005,99.6316,127.879,260.086,379.924,398.851,740.096,882.084,1340.72,13.6079,23.4266,65.9883,55.3766,84.7776,146.947,182.092,327.428,377.681,732.173,808.723,1383.07,14.7125,19.3699,46.537,64.2634,100.32,131.867,165.524,312.282,413.06,521.076,859.043,1008.89,10.6117,16.3002,42.7638,55.9876,83.0872,133.537,152.858,330.492,321.893,596.058,523.845,1265.94,10.0541,12.4521,26.251,47.7803,68.1296,130.379,183.542,211.968,336.863,642.494,608.88,883.826,7.92599,15.2295,29.6338,44.4655,67.3162,85.763,132.279,203.194,240.555,365,504.893,768.811,5.2777,10.2277,23.1513,25.6269,73.3743,132.458,112.351,140.021,276.041,482.502,647.244,802.851,7.09612,8.26835,20.3621,24.6144,45.2393,114.779,133.084,139.599,240.135,331.5,410.123,825.522,4.39313,6.40959,17.096,29.6418,38.8825,79.7903,80.5709,96.6008,178.21,309.888,435.155,902.646,4.72201,6.07435,20.9712,23.3274,28.0424,46.5926,108.347,135.572,170.32,316.744,365.884,549.433,4.12099,5.76824,17.3598,17.0706,21.9962,66.7691,79.1303,100.053,231.563,348.847,429.975,760.643,3.50477,3.75029,12.5554,15.5368,12.8582,37.2675,51.433,70.3215,190.318,262.535,394.094,751.64,3.09451,4.47739,8.02815,13.2304,27.9002,32.5106,31.2945,88.3292,103.749,177.821,254.607,688.27,3.02944,3.65588,7.79904,9.95722,20.3866,28.2752,37.3117,90.2382,89.8632,159.989,190.912,451.368,2.44805,3.65364,7.69582,9.34002,17.069,21.2386,35.2617,87.0481,56.0583,95.5475,136.714,314.905,2.85193,3.30948,7.36331,7.05583,9.67825,17.2133,30.7498,55.6042,72.9218,137.898,156.899,184.239,2.2013,2.96494,4.9781,5.36315,7.50011,10.8559,17.7992,26.3584,20.635,67.7565,57.2461,145.687,2.2537,2.55373,4.64092,7.10344,5.50986,9.79711,11.6661,18.2528,22.9236,39.3363,53.1402,82.244,2.03487,2.54005,4.84607,6.13946,6.74536,9.81667,11.4895,16.8872,25.7079,37.6834,48.623,64.2425,1.85918,2.12645,3.6677,3.77767,6.14166,7.41828,10.7954,15.1824,21.1516,27.3115,34.9175,60.0176,1.70888,2.05948,3.61974,3.97162,5.69081,7.33508,9.04712,14.5765,17.2937,21.5247,29.6321,46.5558
5400,18.838,25.4355,47.1592,114.006,87.7193,179.632,267.62,355.467,482.012,608.799,1161.73,1530.67,18.9644,28.8173,71.4896,78.0288,121.047,147.442,156.606,319.675,441.021,539.787,917.02,1408.29,10.7824,25.9582,55.402,75.0147,92.2022,143.777,254.339,226.578,521.266,681.837,719.808,1032.41,11.43,27.9286,57.205,101.546,103.434,153.486,197.326,251.852,395.723,553.387,832.042,1026.61,13.3124,27.4462,49.6822,73.9445,104.159,127.879,281.734,407.62,398.851,760.581,882.084,1378.91,13.5626,22.1394,65.9883,56.8043,87.0593,146.947,178.989,327.428,407.448,773.857,808.723,1373.11,14.3857,19.3339,46.5592,60.6953,98.496,128.109,165.524,293.938,413.06,484.265,897.136,1008.89,10.2546,15.9092,39.4323,50.1572,83.1272,126.324,153.367,286.85,355.463,576.146,621.149,1265.94,10.2114,12.8969,27.0921,48.2753,68.6945,132.754,183.558,212.05,314.531,642.494,608.852,883.869,7.42916,14.2831,31.3073,43.7918,62.9831,92.0895,132.739,198.452,233.554,386.427,675.001,771.859,5.45749,10.6962,24.2742,25.703,69.6685,138.778,106.442,120.742,285.589,486.821,657.413,784.572,7.0147,7.32739,21.1008,27.5275,45.7004,106.243,133.804,141.354,230.239,325.827,397.484,914.655,4.40411,5.62116,13.5917,25.9477,43.5668,68.758,78.1002,108.726,131.664,307.598,440.016,935.135,4.38693,6.81747,21.596,27.7022,38.5505,50.0657,75.8096,151.863,151.266,312.271,364.871,543.5,4.60163,6.0914,16.8131,17.8018,19.2542,75.5286,80.7747,97.8052,237.239,354.517,427.313,689.051,3.17726,3.68769,12.4312,22.9634,13.7229,33.3483,39.4431,84.077,249.558,236.47,352.406,762.178,3.00695,4.53231,11.5352,12.8407,27.8029,23.0914,33.9969,64.9504,102.399,175.448,238.204,675.96,3.07832,3.83387,8.26896,10.5941,19.4293,28.0798,34.3838,87.5712,94.3044,166.036,155.118,510.525,2.5541,3.57146,7.55531,9.73079,15.0758,21.0479,36.6609,85.1304,56.4822,112.912,113.849,312.737,3.18254,3.25102,7.61208,6.96715,10.1617,14.8502,26.6008,66.7956,70.3635,117.786,154.288,176.842,2.03139,2.89902,4.84086,5.61948,8.07915,10.6128,17.4743,25.7097,23.8157,67.9029,63.2258,143.468,2.178,2.46615,4.66053,6.52736,5.68784,9.84769,11.297,19.8731,22.1245,36.9299,93.9612,83.9478,2.04887,2.48447,4.58408,6.2928,8.56405,10.886,10.9524,16.443,22.6492,38.5748,47.659,63.8296,1.83267,2.15111,3.54216,3.82776,5.58742,6.90948,11.2301,15.2786,20.566,27.7457,33.9857,62.8716,1.78496,2.14606,3.52305,3.92537,5.55231,7.31763,9.11235,14.8603,17.2262,20.5138,30.0915,46.0367
5500,21.4981,24.2358,51.515,110.655,87.7193,182.147,267.62,355.616,482.012,590.747,1097.4,1530.67,18.9644,27.2376,71.4896,74.3019,106.354,154.007,165.028,282.823,331.937,518.54,1041.31,1354.19,10.7824,23.7278,57.6631,85.4154,104.931,138.834,219.101,228.735,541.899,681.837,722.259,1032.41,10.5303,28.1911,57.205,101.546,103.434,150.675,198.073,282.412,422.417,578.262,832.042,1038.56,12.8083,25.2232,49.6822,76.3077,102.233,127.879,281.919,436.616,398.851,740.096,801.32,1358.52,13.4893,23.4266,65.9883,48.5343,69.6105,137.353,182.092,323.648,407.448,773.857,781.878,1353.51,14.2786,19.2893,45.6045,67.7318,100.32,131.852,144.068,312.282,352.653,521.091,897.136,1008.89,10.6289,15.4061,42.4972,54.092,83.1272,120.311,155.169,330.551,367.357,596.242,651.629,1265.94,9.71886,13.1781,26.923,48.5919,70.8165,132.796,183.558,212.076,323.172,642.494,608.852,883.869,7.65783,14.5172,30.8282,42.5561,64.8096,92.414,133.149,200.967,237.349,372.222,658.991,771.87,5.14097,10.7933,22.0114,24.4233,74.9416,142.64,117.515,124.003,274.075,461.539,657.548,802.845,6.4826,7.41494,19.6707,26.277,45.8261,81.5633,134.49,138.236,242.104,331.778,397.619,914.765,4.47167,6.32856,14.6491,25.5749,46.0051,57.2731,78.645,94.8153,178.379,281.863,436.366,935.866,4.82686,6.87604,19.4589,23.5005,34.61,49.8352,114.414,144.889,151.54,287.142,375.852,549.044,4.29776,5.70914,15.9054,17.198,22.4017,76.2155,82.8763,90.2392,222.178,326.369,426.455,755.018,3.19841,3.67473,11.9769,17.2047,13.0438,33.9503,46.1034,63.1887,262.738,257.079,382.216,769.665,3.75651,4.58749,11.3616,11.0748,26.8324,23.6029,25.0482,60.1171,101.108,142.25,250.763,675.456,3.2026,3.60729,8.90269,9.30991,20.5068,26.6657,32.3578,86.6201,92.5323,156.364,152.851,512.914,3.03158,3.57015,7.31907,8.9339,16.8658,18.2491,36.1637,82.484,56.8138,96.227,134.398,314.3,3.13822,3.3078,7.50663,6.73789,9.24708,21.8934,28.9018,58.6944,67.9738,132.363,153.318,171.87,2.29905,2.87267,4.83499,6.27777,7.44971,10.4692,17.2733,24.5885,46.5066,67.8299,57.8072,140.912,2.05534,2.52884,4.38941,6.33285,5.50703,9.29086,10.6172,22.4635,21.5502,37.6363,84.1234,78.405,2.02285,2.35121,4.5228,6.22597,7.60228,12.1908,11.0565,16.0809,22.8426,37.3558,49.4172,62.7999,1.93897,2.07493,3.4809,3.74398,5.75346,7.15098,10.7605,15.3586,19.8008,27.8578,33.2309,60.3685,1.8526,2.23974,3.35919,4.07936,5.3347,7.14577,8.92564,15.4683,16.7261,21.4549,29.0432,46.0311
5600,21.4981,25.3338,50.9785,116.75,87.7193,182.147,267.62,355.467,482.012,608.799,1161.73,1530.67,18.9644,24.439,69.9735,74.6442,126.302,154.007,165.028,322.313,441.021,539.787,903.078,1421.21,10.7824,25.6713,57.6631,94.6242,104.931,143.777,254.923,228.735,529.599,664.665,722.259,1032.41,11.43,28.7065,58.3473,101.546,103.434,153.486,198.073,282.412,392.322,578.262,832.042,1217.87,13.2475,27.6625,49.6822,65.8712,102.233,127.879,281.734,383.487,398.851,591.295,882.084,1378.91,13.5346,23.4266,57.861,56.8043,85.6948,140.369,181.229,329.758,363.516,769.377,782.189,1383.07,14.429,19.5067,44.4709,66.3068,100.32,133.504,182.879,312.282,413.06,501.887,897.136,1008.89,10.5294,15.5131,42.0488,54.2736,77.4815,133.591,148.736,329.489,367.386,596.334,621.149,1250.22,9.94073,13.9667,26.2194,45.3856,70.8452,132.92,177.278,212.083,336.917,642.52,608.859,790.096,7.55195,13.5142,31.3499,44.1542,65.1848,83.5901,135.982,197.954,230.507,389.971,609.266,771.931,5.49457,10.4828,21.4802,29.7011,66.3238,139.875,113.159,122.644,283.771,457.309,657.584,799.196,6.5923,8.4146,21.2005,26.0673,42.929,94.4503,134.595,122.647,225.617,339.264,390.817,762.553,4.45747,5.81589,13.3287,24.4519,45.1278,70.0645,81.6003,106.367,179.714,315.624,436.593,936.571,4.39145,5.58555,19.1649,21.9795,40.5669,41.9844,116.243,118.911,152.997,315.703,361.81,486.083,4.41687,6.22331,15.5694,17.0569,22.4986,75.7886,81.5872,90.8196,193.532,360.911,388.97,682.337,3.2317,3.55908,12.8517,17.6624,13.249,39.811,44.2996,71.3862,246.241,267.367,382.247,767.318,3.69963,4.50256,13.7724,12.0774,25.2343,32.2907,28.1864,99.9049,103.254,170.479,249.883,719.404,3.13772,4.03142,8.64038,9.17074,19.2248,26.1866,42.9573,60.5875,74.0897,147.821,166.389,462.257,2.99293,3.43202,7.13019,9.07324,15.7665,20.4265,34.5016,75.2823,56.5291,108.041,110.655,281.206,3.26149,3.40246,7.46279,6.42901,10.0165,18.5372,25.2488,46.2357,65.6005,125.834,160.756,180.396,2.36938,2.79145,4.6577,6.78706,8.17629,10.1231,17.2816,24.0294,44.2523,63.7338,56.6928,139.687,2.11217,2.67554,4.31208,6.23387,5.42575,9.87545,10.3576,21.0844,21.1898,36.1706,78.0103,80.5189,2.01849,2.35171,4.73466,6.02829,7.78762,11.2698,10.8831,15.382,22.5118,37.5533,49.516,61.9461,1.9302,2.46719,3.37536,3.84371,5.77426,7.38642,10.219,15.0858,19.0985,28.3409,31.342,59.4235,1.87104,2.23249,3.83289,3.99421,5.19116,7.08971,9.03052,14.7571,17.7088,21.2377,28.8875,46.0871
5700,19.9358,25.4355,50.9785,116.75,83.1493,182.147,267.62,329.966,482.012,608.799,1202.28,1530.67,18.9644,22.3909,71.4896,78.0288,95.6559,154.007,162.875,322.528,338.291,476.53,1041.31,1369.2,10.7824,25.9582,57.6631,76.4103,104.931,143.777,239.914,228.735,529.599,681.837,722.259,1032.41,11.6816,28.7065,54.6079,101.546,103.434,153.486,198.073,282.412,422.417,578.262,832.042,1038.56,13.3124,26.2996,49.6822,79.5137,97.0892,127.879,281.734,407.62,398.851,740.096,882.084,1378.91,13.5346,23.4266,65.1888,52.0685,87.0593,146.947,177.831,327.428,407.448,773.857,808.723,1293.67,14.1777,16.0156,46.5592,67.7318,100.306,127.379,178.859,287.398,413.06,521.091,897.136,1008.89,10.3741,16.3359,41.1131,56.5997,82.3395,132.657,153.388,325.172,367.397,596.356,621.159,1265.95,10.083,14.153,28.3892,48.5442,68.7569,115.763,185.342,212.088,336.908,642.52,580.75,883.898,7.7401,14.0386,29.4966,44.5996,63.8,91.1803,130.788,200.476,238.216,387.389,676.211,736.821,5.78979,11.41,23.5158,26.6337,72.8746,138.847,97.9279,120,278.699,469.391,609.96,799.295,7.36369,6.24669,16.9751,24.7019,45.234,120.603,132.179,145.752,242.398,337.177,470.587,915.096,4.29534,6.25085,14.6475,24.6248,42.1778,69.501,71.7916,108.024,154.523,305.102,441.034,866.198,4.05006,5.90046,20.7595,21.3101,33.0151,47.1764,89.8639,138.301,165.109,314.129,366.532,542.331,4.65386,5.29925,15.9243,17.006,18.3585,78.4998,77.3913,96.4683,233.508,321.309,412.641,756.458,3.1597,4.52058,13.6524,16.6316,12.8321,32.8209,48.6604,76.5795,164.122,267.774,375.485,771.923,3.52941,4.44378,13.3265,13.5236,26.6672,23.7123,36.7918,96.594,98.3641,174.572,246.897,681.186,3.18739,3.3347,8.8467,8.94762,18.8814,25.9194,40.5916,84.199,97.3767,148.17,197.951,479,3.06576,3.34806,7.58565,9.03335,14.4915,20.7564,38.6458,81.1566,54.4372,108.559,120.659,331.939,2.93205,3.45695,7.10709,6.53809,9.12492,25.8614,22.3167,59.2611,66.6185,124.659,150.575,157.711,2.37453,2.78067,4.49064,5.92548,8.75079,10.0182,16.6425,23.2521,39.9281,59.5089,58.649,135.98,2.08223,2.76866,4.25539,5.95041,5.51884,11.3458,15.3737,20.608,20.7287,34.4528,74.4269,82.6821,2.05524,2.39471,5.32094,6.00047,7.51527,10.9722,11.319,14.9318,23.342,36.273,49.3405,59.8917,1.89801,2.27859,3.31431,3.79752,5.87309,7.2332,9.95824,14.7557,18.3483,28.9937,31.8479,57.4615,1.86872,2.29261,3.66315,3.8104,5.47424,7.53922,9.03458,14.5447,17.0398,21.1612,28.1075,45.7406
5800,21.4981,25.4355,50.9785,116.75,82.5208,182.147,267.62,355.198,497.395,593.849,1161.73,1530.67,18.9644,27.6205,69.3281,78.0288,123.463,154.007,165.028,322.528,355.924,526.757,1041.3,1421.21,11.4608,25.9582,57.6631,84.5424,109.355,144.102,254.923,252.837,529.599,681.837,722.259,1032.41,10.7504,28.7065,57.205,101.546,103.434,153.486,217.338,282.412,422.417,578.262,794.457,1038.56,13.3124,27.6625,49.6822,79.0569,99.506,119.792,281.734,407.62,398.851,740.096,882.084,1378.91,13.5346,23.4175,65.9883,56.8043,87.0593,146.947,178.944,327.428,407.448,773.857,808.723,1383.07,14.5641,19.4226,46.5592,67.7318,100.306,133.546,165.524,312.282,413.06,501.194,897.136,1008.89,10.5849,17.412,40.5762,56.3884,82.3748,109.118,143.671,330.594,367.425,596.356,590.772,1200.49,10.0402,14.0767,27.97,57.4626,69.4954,133.911,185.337,212.061,337.003,642.52,608.873,883.898,7.38182,14.7869,31.3227,44.9464,58.6296,89.8572,122.632,200.962,232.751,387.521,676.309,767.285,6.01253,12.4445,22.6629,25.8841,75.8969,139.854,110.4,119.757,278.733,477.75,657.567,799.415,6.6669,9.44572,22.1308,24.6099,54.5501,102.113,134.671,137.585,223.141,331.928,393.601,873.137,4.12728,6.91765,14.9206,23.8076,47.5901,71.2424,81.3488,107.693,120.615,310.074,437.927,792.313,4.81816,6.57869,18.2422,20.8798,40.4471,48.85,83.2189,136.723,172.54,319.396,351.635,620.903,4.4286,6.24508,16.022,18.0809,22.4131,84.3732,79.9683,83.6665,227.244,373.383,416.137,749.975,3.05904,3.59996,13.6938,12.2306,12.8682,31.6219,46.3947,75.772,190.98,259.014,428.047,764.162,3.43168,4.54145,13.3194,13.5316,25.0327,24.7848,35.5888,124.127,99.0664,162.566,224.409,721.018,3.21573,3.35934,8.73097,9.43336,17.4004,25.2731,39.737,81.2151,96.9235,125.976,195.331,446.028,2.9326,3.32755,7.71239,10.293,14.3754,21.0068,35.1925,74.8392,54.7161,107.266,137.162,269.987,2.8828,3.45467,6.85724,6.48493,9.76546,22.3488,22.3688,57.9104,64.3181,112.229,181.767,168.999,2.30105,2.68651,4.47426,6.03996,7.9788,9.8606,17.5179,22.3021,38.0403,59.8901,57.5425,130.919,2.22938,3.47312,4.12567,5.83908,5.89413,11.6876,13.6381,20.0271,20.4013,33.1701,72.7345,79.9763,2.01396,2.45167,6.31363,6.16745,7.16419,10.4846,10.9033,14.4868,21.544,36.5906,48.687,60.2825,1.83258,2.24462,3.27443,5.07523,5.67882,6.9401,9.89759,14.4182,18.3625,27.5059,30.938,56.4825,1.84147,2.10548,3.49088,3.74835,5.97677,7.51511,8.83985,14.3699,17.0039,21.1044,29.0305,45.2077
5900,18.3266,25.4355,50.9785,112.033,87.7193,182.147,267.62,355.467,482.012,608.799,1111.21,1530.67,19.0097,27.2376,71.4896,78.0288,121.047,154.007,153.902,322.632,441.021,539.787,1041.3,1375.18,10.7824,25.9582,57.6631,82.7859,100.482,143.777,254.923,234.359,505.188,634.543,722.259,1032.41,11.43,28.738,57.205,95.4481,103.434,143.166,184.656,282.412,422.417,546.647,832.042,1071.94,13.2699,27.3449,48.2892,78.1312,84.8549,118.074,277.063,401.423,398.851,740.096,854.346,1378.91,13.5346,23.4175,65.9883,56.8043,87.0593,146.947,182.092,331.465,367.982,773.857,796.362,1383.07,14.4614,19.3439,45.351,67.7318,100.306,117.543,152.545,303.474,413.06,521.091,897.136,1008.89,10.6242,16.7084,41.7891,56.3993,82.9695,120.181,139.51,301.271,302.084,596.356,610.235,1265.97,9.93124,13.9905,25.8666,47.7859,69.8295,125.281,182.769,213.684,337.098,642.52,603.71,862.84,7.14428,14.7125,30.8417,43.4553,61.82,95.5042,136.642,201.049,178.767,365.966,533.534,726.049,6.40312,12.1326,21.7224,25.5278,76.0829,137.536,119.907,154.97,228.8,473.38,651.549,753.404,6.55484,8.2825,21.338,26.3813,41.8448,102.755,133.341,122.968,241.152,338.336,400.614,892.363,4.0683,7.0192,15.0303,23.6684,48.1691,71.9252,78.2274,103.396,153.676,303.118,417.981,907.575,4.19817,5.7796,19.6831,16.3963,38.5421,50.0867,93.3476,127.596,167.399,323.294,384.508,538.918,4.67412,6.43091,14.685,16.9563,20.2158,78.535,76.6428,97.9401,229.434,392.013,401.85,748.453,3.13793,3.54772,13.6874,13.7244,12.4262,31.689,46.8837,78.2292,171.94,259.135,388.909,749.874,3.36389,4.31158,14.8343,10.9065,25.4028,24.4224,36.2898,125.629,98.467,172.418,204.557,721.933,3.25166,3.28508,8.89962,9.58951,17.3034,25.3739,39.869,79.6787,98.1269,160.883,147.821,417.947,2.75799,3.32948,7.89094,9.22711,14.456,20.8147,31.7778,71.9211,54.1698,89.1762,143.166,205.665,2.6997,3.50479,6.66716,6.81944,10.3983,23.2299,27.105,69.8232,65.1576,111.296,174.557,166.578,2.18646,2.95437,4.81182,5.96131,7.55987,10.5819,17.9796,21.5942,36.5161,61.7478,62.7387,130.84,2.14235,3.5976,4.02321,5.8498,6.40625,14.2228,15.3653,19.5671,19.9627,31.9066,80.4737,78.5828,1.96824,2.57741,6.31978,7.05013,6.98599,9.98846,10.7243,14.1166,22.2674,48.3437,49.0514,61.3804,1.75318,2.4158,3.28901,5.1063,6.28927,7.47444,9.61268,13.7317,18.2853,27.8373,30.2943,61.4455,1.69836,2.08666,3.40686,3.7232,6.07705,7.62433,8.8157,14.0922,17.1553,20.647,28.5829,45.9499
6000,21.4981,23.9346,49.2354,101.369,87.7193,182.147,267.94,355.467,482.012,608.799,1161.73,1373.11,18.05,27.2376,71.4896,78.0288,114.5,154.007,165.028,322.528,367.297,528.055,1041.3,1421.21,10.7824,25.4416,57.6631,85.4154,99.8095,143.777,254.923,228.735,529.599,681.837,744.102,1032.41,11.43,28.5935,57.2175,101.546,103.434,153.486,198.073,282.412,422.417,578.262,832.042,1038.56,13.3124,27.3449,49.6822,78.1312,102.248,129.227,281.734,382.76,398.851,580.379,863.691,1378.91,13.5346,19.3575,65.9883,56.8043,87.0593,156.894,182.092,323.295,407.448,742.425,808.723,1383.07,14.3589,18.3582,45.351,67.7318,100.306,133.546,165.544,279.596,413.06,521.091,897.136,1008.89,10.7369,17.6905,42.091,56.3993,81.0212,127.275,147.68,330.625,328.413,579.556,621.146,1240.14,9.53281,12.9725,30.2121,46.2714,69.6646,136.436,180.995,164.858,329.363,647.66,608.9,883.956,7.8754,14.5875,30.3255,42.724,59.5763,90.1519,135.35,199.191,212.285,390.309,675.151,767.395,6.44656,11.9543,22.789,26.4552,62.8677,137.725,93.843,116.191,276.841,461.382,651.613,781.214,6.53449,8.62455,21.2598,22.6222,44.9345,109.213,120.713,143.707,241.861,339.605,390.545,896.784,4.19295,7.07389,14.9846,25.3322,43.2969,74.4401,82.1888,108.144,150.039,310.001,446.849,908.19,4.52396,5.7578,19.9057,20.1371,39.6237,50.3264,116.491,154.144,167.554,321.052,362.865,534.822,4.34079,6.47669,14.6064,17.7308,20.0429,77.3911,76.8213,86.0086,193.562,377.615,401.929,762.761,3.14837,3.50915,13.7002,21.2987,11.9048,34.0651,49.0228,86.7722,92.6495,263.406,387.227,761.521,3.35103,4.44433,14.6462,13.3886,32.2955,23.713,34.3854,120.169,95.7311,173.125,247.941,584.435,3.06521,3.3249,8.71521,8.80467,17.2295,23.1644,38.646,59.7637,91.5417,155.966,182.831,488.563,2.80699,3.21356,7.8474,8.50561,14.288,20.4997,35.1215,71.584,50.8764,106.86,142.05,350.936,2.65688,3.53048,6.76075,6.82806,8.7735,22.0056,21.0736,72.2053,77.3139,111.146,170.011,169.696,2.09517,3.15755,5.25596,5.77947,7.56106,13.0514,18.203,21.4584,30.5717,58.8164,54.8251,129.043,2.23279,3.81891,4.0034,6.02057,6.39626,13.2727,14.3851,19.3237,19.5977,32.539,81.8022,78.0021,1.90718,2.51544,5.73806,6.7243,6.81142,9.66689,14.5737,13.6135,24.0399,49.9581,50.0654,59.027,2.08486,2.4269,3.204,4.59792,6.11749,8.46407,9.77674,13.4244,18.2476,28.4996,29.2601,64.1724,1.74952,2.00796,3.41151,3.648,5.78047,7.58726,8.90764,13.6894,17.3561,20.7011,28.3344,44.9607
6100,20.4714,23.6,50.1722,113.314,89.7045,182.147,267.62,355.467,461.433,608.799,1161.73,1530.67,18.9644,27.2376,71.4896,71.3069,121.047,154.007,158.947,322.528,441.021,539.787,1041.3,1421.21,9.07219,25.9582,63.5798,85.4154,104.931,175.216,254.923,226.922,529.599,681.837,812.667,1032.41,11.43,27.2101,56.7342,99.7306,103.434,153.486,198.073,282.412,452.234,578.262,755.284,1038.56,13.3124,27.3449,49.6822,78.1312,102.262,127.879,224.809,393.197,398.851,649.791,882.084,1378.91,14.0543,22.7284,65.9883,56.8043,88.9293,146.991,182.092,327.428,395.206,773.857,808.723,1383.07,14.5597,19.3513,45.351,67.7318,100.306,133.534,165.544,312.271,362.42,521.091,897.136,1008.89,11.0469,17.6999,42.4232,56.4047,81.3848,132.599,145.816,330.632,320.218,596.378,621.146,1132.59,9.89754,13.0385,25.3016,48.6058,65.8137,122.958,163.811,213.649,337.003,642.559,608.887,908.175,7.22663,14.4841,30.43,43.8649,64.1138,88.4869,131.422,200.102,239.321,389.499,658.057,764.53,6.31393,11.3876,23.4178,25.7591,78.5028,136.845,116.061,118.535,233.56,433.232,651.697,764.671,6.43233,9.16642,26.9152,27.1642,40.4836,105.429,125.786,144.661,238.982,338.741,450.904,896.937,3.98912,5.68498,15.1642,25.9856,48.4603,53.1499,76.6429,108.134,141.272,314.623,446.819,909.088,4.11176,5.79933,19.2949,20.197,35.6065,40.1571,113.282,155.779,169.093,322.207,360.615,430.957,4.08226,6.83448,15.3281,17.049,19.6201,80.6699,74.4415,85.0935,204.456,306.51,404.966,680.123,2.99408,3.76928,13.3636,18.3007,12.9118,30.6333,39.8042,69.2233,173.383,259.061,377.653,772.477,3.4262,4.29858,14.0093,13.663,39.1101,24.142,34.7416,111.37,94.9092,171.538,223.182,583.147,2.95707,3.24551,7.5617,8.30037,15.4119,24.214,37.1459,58.3562,97.9379,168.881,210.805,478.856,3.04151,3.18208,7.97151,8.41638,15.7948,20.1955,35.5493,54.5715,50.43,104.912,142.198,305.198,2.55478,3.97402,6.66465,7.22692,9.62806,20.3616,23.3068,60.7628,76.9811,113.198,148.073,150.125,2.13911,4.57225,5.06766,5.66787,7.50035,12.7118,17.8325,21.1974,35.0541,58.613,55.6872,129.315,2.23944,3.71322,3.98192,6.18447,6.37955,11.6998,13.7521,19.1871,19.3282,32.9841,75.0635,77.6466,1.93838,2.52088,5.36661,6.65399,6.91713,9.89693,15.9126,13.3269,24.3843,46.2228,47.4401,62.1327,2.01002,2.56106,3.14575,4.85006,6.23515,8.77576,10.5238,13.5454,18.8692,27.2357,28.6491,59.8766,1.73586,2.17116,3.29634,3.73592,5.66506,7.44956,8.84239,13.9189,17.1676,20.7787,27.9326,45.7663
6200,21.4981,23.1839,50.9785,116.75,87.7193,182.158,267.62,355.467,482.012,608.799,1161.73,1511.78,18.9644,27.2376,69.2954,78.0288,121.047,148.807,165.028,322.528,347.922,552.209,1041.3,1421.21,10.7824,22.8482,58.802,82.8561,106.093,143.777,254.923,216.482,529.599,656.099,782.378,1019.97,11.43,27.6819,57.2375,101.546,103.434,137.75,198.073,282.412,422.417,560.096,832.042,1052.53,13.0415,27.3449,49.6822,75.0005,99.6744,127.879,256.806,379.924,398.851,740.096,882.084,1340.72,13.4893,23.4175,65.9883,55.3766,84.7776,146.947,182.092,327.428,377.681,732.173,808.723,1383.07,14.9165,19.3513,45.3605,64.5741,100.306,133.541,165.544,312.271,413.06,521.091,859.043,1008.89,10.8747,17.3042,42.4337,56.4354,81.3781,134.058,152.958,330.665,322.082,596.378,523.854,1265.97,10.3184,14.7246,27.5609,47.2077,69.176,123.745,179.333,213.629,336.898,642.578,608.859,883.97,7.50262,15.0548,29.7261,44.612,62.9454,85.3145,137.209,200.145,217.07,369.298,505.102,767.352,6.07757,11.4762,23.2926,28.5264,73.5052,137.252,114.274,139.797,280.627,471.011,651.83,781.564,7.10429,9.73194,26.5644,22.0931,46.1485,109.072,134.158,143.097,239.838,346.9,398.459,816.285,3.514,6.57735,14.2825,26.5468,41.6347,55.9284,82.9779,106.801,148.902,312.922,449.118,878.05,4.07461,5.88256,19.0093,19.9184,32.9225,46.3087,108.516,139,170.168,322.086,364.251,557.762,3.97632,6.39823,14.8777,16.6371,21.1562,67.1488,75.0572,99.9064,204.525,373.068,400.447,738.826,3.06895,3.45202,13.591,18.6086,12.5829,30.5955,47.3272,66.8969,100.429,250.843,377.011,628.964,3.18293,4.18432,14.063,13.7248,38.8159,23.8859,29.2019,113.219,91.3259,171.841,241.579,561.829,3.11539,3.59188,6.93097,8.93422,17.5755,23.7991,29.9942,77.0001,98.4116,179.568,173.726,297.365,2.89219,3.12639,7.49995,8.31654,16.1873,20.1151,36.8772,68.4363,50.9764,98.2989,150.142,328.798,2.56689,3.90666,6.7924,6.98863,10.0262,21.4024,31.2862,60.4712,76.9102,107.292,144.689,169.623,2.15349,4.03293,4.94386,5.83458,7.24712,12.458,17.7179,20.0644,33.5008,59.1806,54.7728,123.71,2.19913,3.44445,4.35216,5.99143,6.30427,11.1724,13.3944,19.0579,18.8566,32.8218,83.9579,75.0085,1.94254,2.42657,5.09899,7.91805,7.6683,10.5284,14.4272,13.0014,24.1532,44.6706,48.3602,62.1671,1.98163,2.69563,3.29238,5.05517,6.03989,8.29794,10.3646,13.5763,18.9835,26.568,28.3928,76.6867,1.64342,2.58061,3.2315,3.80793,5.54355,7.19763,8.7826,14.1066,16.8464,20.9329,28.1844,45.9039
6300,18.838,25.4355,47.1592,114.006,87.7193,179.644,267.62,355.467,482.012,608.799,1161.73,1530.67,18.9644,28.8173,71.4896,78.0288,121.047,147.442,156.606,319.675,441.021,539.787,917.01,1408.29,10.7824,25.9582,55.402,75.0147,92.2022,143.777,254.339,226.578,521.266,681.837,719.808,1032.41,11.43,27.831,57.2375,101.546,103.434,153.486,197.326,251.852,395.723,553.387,832.042,1026.61,13.3124,27.3449,49.6822,73.9445,104.217,127.879,281.734,407.62,398.851,760.581,882.084,1378.91,13.4893,22.1303,65.9883,56.8043,87.0593,146.947,178.989,327.428,407.448,773.857,808.723,1373.11,14.8141,19.0821,45.104,60.7065,98.4826,129.81,165.544,293.926,413.06,484.265,897.136,1008.89,10.8365,17.6019,39.9929,51.4186,80.7866,126.864,153.45,286.966,355.678,576.389,621.146,1265.97,10.7637,13.2553,26.1621,48.453,71.1973,140.364,180.993,213.682,314.572,642.578,608.845,883.97,7.34015,14.3222,31.0299,44.9733,61.3505,93.6603,136.002,199.061,211.84,388.092,656.868,770.446,6.6683,11.6553,23.4479,27.0342,67.4236,137.972,105.681,117.258,283.554,470.178,651.851,764.819,6.71551,9.78631,25.577,25.5814,47.0907,105.3,134.293,141.911,228.671,351.683,398.439,883.413,3.58474,5.9568,15.1406,24.4297,42.7528,55.3862,83.6247,125.17,150.121,314.188,447.338,910.954,4.47963,6.35637,18.3003,23.4118,40.5965,47.222,75.8155,154.803,152.898,326.737,366.437,561.128,4.0336,7.20534,14.6599,17.9238,21.2065,78.5235,78.008,88.3117,193.85,370.593,395.726,666.934,3.17389,3.37301,12.6325,17.5367,12.364,29.6055,39.3697,85.8964,242.298,239.676,338.994,752.805,3.12222,4.05821,13.0955,13.0235,41.3221,24.972,30.8019,107.993,84.1052,167.391,229.274,541.608,3.15902,3.40222,7.10166,9.20086,17.1123,24.4262,32.4166,72.1287,100.24,141.877,188.399,463.446,2.78134,3.02738,7.4583,8.59464,15.9918,18.4064,35.018,64.5969,51.5589,107.956,135.327,334.448,2.51621,3.72375,6.63339,6.61284,9.50488,18.365,23.5663,59.772,74.7833,105.86,171.153,168.847,2.24472,3.70529,4.6837,5.87672,7.0904,12.1653,16.7831,20.6081,32.7119,58.9455,56.4204,121.937,2.11692,3.23684,6.25329,5.79651,5.94131,11.02,12.9954,20.1936,18.6617,32.9764,99.9146,77.7989,1.89267,2.39309,4.98668,7.45514,9.21856,10.3061,14.6497,12.7156,21.7549,43.2903,49.2481,61.4105,1.88234,2.59377,3.3988,4.71369,5.90504,8.10761,10.0935,14.518,18.9471,27.1931,28.0041,73.6266,1.82274,2.54561,3.51219,3.65498,5.29626,7.81653,8.87825,14.696,16.3712,21.3785,27.7287,44.1528
6400,21.4981,24.2358,51.515,110.655,87.7193,182.158,267.62,355.616,482.012,590.747,1097.4,1530.67,18.9644,27.2376,71.4896,74.3019,106.354,154.007,165.028,282.823,331.937,518.54,1041.3,1354.19,10.7824,23.7278,57.6631,85.4154,104.931,138.834,219.101,228.735,541.899,681.837,722.259,1032.41,10.5303,28.5935,57.2375,101.546,103.434,150.675,198.073,282.412,422.417,578.262,832.042,1038.56,12.8083,24.9127,49.6822,76.3077,102.319,127.879,281.919,436.616,398.851,740.096,801.32,1358.52,13.5526,23.4175,65.9883,48.542,69.6105,137.353,182.092,323.648,407.448,773.857,781.878,1353.51,14.7205,19.199,44.1716,67.743,100.306,133.56,144.068,312.271,352.664,521.091,897.136,1008.89,10.4363,16.1659,42.4394,53.9919,81.3297,120.839,155.28,330.713,367.607,596.378,652.039,1265.97,11.0466,14.0158,28.1233,48.7337,71.2177,140.544,180.993,213.689,253.156,642.624,608.859,883.985,7.77507,14.5603,30.9894,42.666,65.6241,95.2301,135.872,201.21,217.503,372.188,641.821,770.589,6.5966,11.4262,23.4149,25.9608,72.6251,141.465,115.233,118.105,275.054,470.097,651.782,781.515,7.00421,9.70388,25.5106,26.8577,45.8118,86.5781,134.337,136.913,236.517,347.238,389.934,883.529,3.55823,6.95199,14.8902,24.9057,49.662,61.1395,82.9517,93.5429,147.004,288.78,439.805,912.23,4.78728,5.25927,19.587,17.5483,37.0327,45.151,110.521,124.966,150.35,292.303,367.753,551.279,3.92138,6.96915,13.9347,17.1728,18.1305,84.1233,76.7277,86.8565,190.485,325.428,405.772,738.528,3.21006,3.29747,13.1158,17.0648,12.0419,30.395,47.1197,61.5396,179.077,253.204,375.744,764.031,3.32726,3.81859,11.4965,13.9021,40.4064,25.4914,32.8571,77.6014,87.9656,137.98,237.663,551.377,3.08262,3.4152,8.37865,9.46123,16.364,23.0034,32.9031,69.9541,91.0531,167.944,181.285,475.384,2.73968,3.02463,7.62637,8.21015,15.8463,18.4621,30.9414,65.7751,51.6615,103.631,158.714,168.706,2.53691,3.66965,6.63216,6.28597,10.3781,17.609,26.2177,68.6534,75.0105,104.694,170.957,165.817,1.97996,3.5444,4.4444,5.9465,6.53797,12.1781,16.7566,20.7909,32.2016,59.9728,64.5288,119.961,2.20355,3.15485,6.03916,5.53027,6.00061,11.0793,12.8264,19.3031,18.3888,35.5169,94.2042,69.8611,1.88966,2.31736,4.88157,7.19045,8.86756,9.76909,13.4851,12.5234,21.8715,44.2887,48.0859,61.5036,1.91651,2.73173,3.34986,4.56235,5.69006,7.68708,9.76167,13.3496,18.6356,26.9288,27.682,67.5954,1.8856,2.38288,3.60364,3.6526,5.19912,7.69653,8.89121,14.892,16.5827,20.2861,27.6185,45.1231
6500,21.4981,25.3338,50.9785,116.75,87.7193,182.158,267.62,355.467,482.012,608.799,1161.73,1530.67,18.9644,24.439,69.9735,74.6442,126.302,154.007,165.028,322.313,441.021,539.787,903.072,1421.21,10.7824,25.6713,57.6631,94.6242,104.931,143.777,254.923,228.735,529.599,664.665,722.259,1032.41,11.43,28.5935,58.3952,101.546,103.434,153.486,198.073,282.412,392.322,578.262,832.042,1217.87,13.2475,27.3449,49.6822,65.8712,102.348,127.879,281.734,383.487,398.851,591.295,882.084,1378.91,13.5526,23.4175,57.861,56.8043,85.6948,140.369,181.229,329.758,363.516,769.377,782.189,1383.07,14.5317,19.199,43.0556,66.329,100.306,133.56,182.899,312.271,413.071,501.887,897.136,1008.89,10.423,15.9847,42.1419,54.9764,77.2694,134.108,148.868,329.571,362.69,596.402,621.146,1250.25,11.3117,13.5914,27.1872,44.3881,69.3011,140.676,180.977,213.641,337.032,642.663,608.873,790.2,8.35592,14.7482,30.815,45.6821,67.9424,91.9469,132.674,200.429,218.709,388.244,591.311,763.28,6.13587,12.6196,22.2456,30.9428,65.4783,139.62,113.927,159.934,281.82,473.936,651.813,781.599,7.19984,10.3335,24.9928,28.6327,48.7632,93.7535,131.208,121.666,232.435,339.217,389.701,893.61,3.49604,7.49961,15.507,25.3333,43.0248,54.1358,81.4972,106.208,178.674,310.863,439.646,912.919,4.48728,5.05912,21.3127,17.4999,43.6739,41.1829,96.0148,115.286,153.316,318.476,362.212,503.107,3.9517,7.47123,14.3641,16.4977,22.2674,82.0289,77.2837,87.5932,186.462,357.975,390.898,723.402,3.29064,3.37455,13.1497,17.2664,11.9327,36.6973,43.5372,71.1945,98.3865,261.51,356.088,751.278,3.20236,3.73736,12.2748,12.0958,39.3759,24.0555,26.1201,106.558,87.6941,169.038,238.252,596.589,3.114,3.48139,12.0231,9.69192,16.3317,22.1095,33.2456,66.2445,74.8636,141.571,154.7,432.163,2.52151,3.04498,7.42122,8.54661,15.4551,18.5516,33.785,60.4749,52.284,104.948,117.957,306.139,2.43515,3.65373,6.61353,6.32075,9.63616,19.3378,25.8787,54.6519,87.3523,101.992,138.674,176.152,2.02101,3.38301,4.57916,6.20809,8.19884,11.7822,16.841,20.778,26.5445,57.1469,82.82,119.149,2.17688,3.00159,5.46321,5.36461,5.9789,10.0798,13.1504,21.5018,18.0858,34.3567,88.2898,72.3754,1.90382,2.26803,4.64745,6.38675,8.35795,9.47208,13.9402,12.2975,22.3791,57.4459,48.5711,62.1023,1.8126,2.45507,3.3012,4.58308,5.44642,7.53095,9.58074,16.901,17.0803,26.3052,27.426,67.4799,1.91033,2.2422,3.72137,3.69606,5.26929,7.54692,9.0385,14.2062,16.6522,20.1506,27.3018,45.7625
6600,19.9358,25.4355,50.9785,116.75,83.1493,182.158,267.62,329.966,482.012,608.799,1202.28,1530.67,18.9644,22.3909,71.4896,78.0288,95.6559,154.007,162.875,322.528,338.291,476.53,1041.3,1369.2,10.7824,25.9582,57.6631,76.4103,104.931,143.777,239.926,228.735,529.599,681.837,722.259,1032.41,11.6816,28.5935,54.6404,101.546,103.434,153.486,198.073,282.412,422.417,578.262,832.042,1038.56,13.3124,26.1166,49.6822,79.5137,97.2464,127.879,281.734,407.62,398.851,740.096,882.084,1378.91,13.5526,22.8393,65.1888,52.0598,87.0593,146.947,177.84,327.428,407.448,773.857,808.723,1293.67,14.4359,17.525,45.1365,67.7541,100.306,127.416,178.879,287.403,413.089,521.091,897.136,1008.89,10.5852,17.0598,41.3395,58.1562,81.3394,133.498,151.889,325.327,362.77,596.402,621.146,1265.97,11.0371,12.7038,29.9525,48.8803,68.791,116.12,180.99,213.684,337.151,642.702,580.779,883.985,8.32764,15.4478,29.3367,44.8607,66.2983,93.4963,131.237,194.673,237.621,388.315,674.481,737.464,6.51586,12.4167,24.6957,26.5127,74.2387,142.412,95.9383,115.992,277.102,472.801,651.878,765.046,5.91997,9.95683,19.0673,24.9111,52.2676,117.442,133.089,146.371,240.541,339.197,468.795,889.656,3.33794,6.90942,15.173,24.0325,45.9053,53.5054,73.3531,105.589,146.505,311.259,436.189,842.99,4.04053,5.07126,15.439,16.3781,40.9615,44.5431,83.8425,152.693,169.556,296.559,358.17,556.636,3.86069,7.32282,14.8223,15.1911,24.9429,86.8796,80.7426,97.1041,244.294,367.884,401.098,744.911,3.52627,3.71445,13.5292,15.2219,11.6056,29.1519,49.392,70.3947,98.8836,260.726,353.012,769.561,3.24914,3.93775,11.4012,13.4029,33.3616,23.6074,32.9114,87.8373,84.4418,141.364,238.22,571.251,3.03548,3.84661,12.2805,10.0192,14.8809,22.8277,35.0165,65.4931,91.3709,161.902,126.74,426.987,2.5661,3.10363,7.32508,8.52016,14.7971,18.8448,28.2256,62.249,53.0843,86.4118,136.133,291.698,2.48519,3.65302,6.89787,6.3506,11.075,18.0808,25.1383,62.3701,73.1931,103.222,138.812,175.792,2.32647,3.42587,4.42587,6.5617,9.36256,12.2097,16.5227,21.2257,30.2788,55.9089,69.2933,119.885,2.0745,2.9035,5.31502,5.24234,6.56839,10.0843,13.9194,23.1979,17.9932,33.1496,82.7817,101.991,1.88773,2.14731,4.41728,6.14503,7.88651,9.0258,13.5313,12.153,21.4728,52.4103,47.1918,64.1455,1.84278,2.30927,3.16704,4.29383,5.25282,7.39327,9.32667,16.666,17.0038,26.4329,27.1531,66.8854,2.01683,2.27777,3.5547,3.67319,5.95651,7.46119,9.05332,14.0028,16.6772,20.4603,26.7869,47.1578
6700,21.4981,25.4355,50.9785,116.75,82.5208,182.158,267.62,355.198,497.395,593.849,1161.73,1530.67,18.9644,27.6205,69.3281,78.0288,123.463,154.007,165.028,322.528,355.924,526.757,1041.3,1421.21,11.4608,25.9582,57.6631,84.5424,109.355,144.102,254.923,252.837,529.599,681.837,722.259,1032.41,10.7504,28.5935,57.2375,101.546,103.434,153.486,217.338,282.412,422.417,578.262,794.457,1038.56,13.3124,27.3449,49.6822,79.0569,99.6488,119.792,281.734,407.62,398.851,740.096,882.084,1378.91,13.5626,22.8393,65.9883,56.8043,87.0593,146.947,178.953,327.428,407.448,773.857,808.723,1383.07,14.809,19.199,45.1445,67.7541,100.306,133.572,165.544,312.271,413.089,501.194,897.136,1008.89,10.7564,15.9426,41.7115,58.1662,81.6845,110.626,143.483,330.762,362.81,596.424,590.793,1200.53,10.1601,13.1796,27.7976,57.7461,69.8552,144.508,182.789,213.727,337.008,642.722,608.88,883.999,8.35952,15.7046,30.5693,45.8957,60.6154,96.5568,121.224,197.446,231.977,388.337,674.589,763.155,6.57041,11.9033,24.0003,27.1636,76.8203,137.797,110.945,156.206,276.64,472.724,651.932,765.278,5.93844,10.039,21.4437,28.8796,57.2901,108.818,133.328,145.35,230.036,332.839,386.751,863.004,3.3284,6.24818,16.2449,23.5982,45.0606,52.1457,83.3094,106.985,119.917,312.649,445.963,775.941,4.81872,5.96855,16.9405,21.3914,39.7766,50.3723,79.7293,99.2866,154.838,320.876,361.691,638.629,3.86199,7.36954,15.926,18.692,21.2412,83.0072,77.086,81.7261,201.597,372.382,406.162,731.063,3.48808,3.3403,13.3644,19.3855,11.4468,30.1679,45.2455,70.544,138.06,254.535,409.509,789.675,3.35306,3.88094,11.3591,13.8359,38.2102,25.5177,32.0249,100.182,85.7204,160.857,230.795,606.674,2.94893,3.24576,12.1434,10.8493,15.2215,22.6829,35.3064,64.0186,94.5579,112.356,163.987,398.038,2.55323,3.3302,7.39606,10.1552,17.2826,19.1866,33.4843,58.1254,53.1012,102.111,176.163,286.88,2.55424,3.71227,6.75159,6.0299,11.3127,17.9688,23.9104,54.4054,79.4014,96.6902,165.436,150.173,2.20065,3.40917,4.27085,6.3627,8.59745,11.789,16.4515,21.003,29.3903,54.4706,63.5706,114.722,2.04622,2.74393,5.37483,5.12194,7.21924,9.67388,13.7103,23.5892,17.5227,32.1756,80.4439,93.1723,1.86212,2.09475,4.71814,6.09792,7.63816,8.78736,13.3218,12.1124,20.5047,49.1559,47.6987,64.1226,1.88812,2.33971,3.09148,5.03446,5.41925,7.27984,9.24226,15.4597,17.9172,26.6498,26.8378,60.6709,1.72723,2.38032,3.4482,3.55361,5.65082,7.5624,8.78625,13.8134,16.9518,20.3819,28.2426,45.6543
6800,18.3266,25.4355,50.9785,112.033,87.7193,182.158,267.62,355.467,482.012,608.799,1111.21,1530.67,19.0097,27.2376,71.4896,78.0288,121.047,154.007,153.902,322.632,441.021,539.787,1041.3,1375.18,10.7824,25.9582,57.6631,82.7859,100.482,143.777,254.923,234.359,505.188,634.543,722.259,1032.41,11.43,28.835,57.2375,95.4481,103.434,143.166,184.656,282.412,422.417,546.647,832.042,1071.94,13.2699,27.3566,48.2892,78.1312,84.929,118.074,277.063,401.423,398.851,740.096,854.346,1378.91,12.9274,22.8393,66.5619,56.8043,87.0593,146.947,182.102,331.465,367.982,773.857,796.362,1383.07,14.7451,19.2793,45.1445,67.7541,100.306,117.564,152.554,303.462,413.089,521.091,897.136,1008.89,11.1824,17.3289,43.368,56.6153,80.3501,120.256,139.577,301.475,302.363,596.424,610.235,1265.99,10.5375,13.7217,25.7397,48.2666,68.6093,125.718,181.003,213.697,336.937,642.761,601.699,855.448,8.37091,15.4322,29.4907,45.9771,64.1308,91.2177,134.784,201.968,180.138,364.148,529.837,725.946,6.21198,11.8307,23.343,27.7694,76.1064,142.72,108.135,156.927,220.985,473.068,651.932,732.49,5.76254,11.2521,21.4717,25.1728,44.3974,110.18,132.712,145.824,238.739,332.985,384.656,893.837,3.28098,8.02498,16.7633,24.4741,41.4557,52.6284,78.8979,107.383,147.556,312.732,415.77,883.627,4.69397,4.95644,16.365,18.4837,39.3546,49.3283,93.4941,127.902,170.334,329.531,395.661,559.99,3.81848,7.32614,13.7526,17.7621,21.2909,81.8213,76.638,97.2878,197.501,379.421,406.315,688.374,3.44094,3.28093,12.8414,14.6518,12.3695,37.2709,46.8585,78.8204,114.531,251.939,351.32,755.871,3.44402,3.90532,11.2106,11.1732,38.0624,24.7293,31.8776,100.107,85.0939,161.873,202.254,602.739,2.89041,3.24321,11.7389,9.26026,14.5856,21.7183,35.1823,61.7294,95.1938,173.255,174.484,402.299,2.51651,3.73994,7.29989,9.94965,17.6896,19.4521,34.0053,60.6462,52.9121,100.27,175.333,180.169,2.67278,3.58789,6.58439,6.45454,10.2434,17.003,23.625,59.5505,69.0976,94.4579,163.248,178.208,2.07945,3.7,4.04945,6.04158,8.82241,12.0766,16.1185,21.6309,28.4323,54.9107,78.1013,114.214,2.07048,2.74437,5.4242,5.04326,7.02439,9.45034,12.7097,23.3543,17.2703,31.1014,76.7781,79.0414,2.02217,2.1489,4.77315,5.8288,7.39123,8.39713,12.6866,13.459,20.3543,47.5582,46.9607,63.9992,1.85512,2.26975,3.17173,5.48202,5.23119,7.24492,9.32368,15.1164,23.1395,25.874,26.8369,58.2691,1.84233,2.30576,3.36656,3.60377,5.69095,7.62223,9.32065,13.7644,16.99,20.298,27.9223,47.0225
6900,21.4981,23.9346,49.2354,101.369,87.7193,182.158,267.94,355.467,482.012,608.799,1161.73,1373.11,18.05,27.2376,71.4896,78.0288,114.5,154.007,165.028,322.528,367.297,528.055,1041.3,1421.21,10.7824,25.357,57.6631,85.4154,99.8095,143.777,254.923,228.735,529.599,681.837,744.102,1032.41,11.43,28.716,57.2375,101.546,103.434,153.486,198.073,282.412,422.417,578.262,832.042,1038.56,13.2352,27.3566,49.6822,78.1445,102.39,129.237,281.734,382.76,398.851,580.379,863.691,1378.91,12.9274,19.3628,66.5619,56.8043,87.0593,156.894,182.102,323.295,407.448,742.425,808.723,1383.07,14.9545,18.2862,45.1445,67.7541,100.306,133.572,165.544,279.605,413.089,521.091,897.136,1008.89,11.0512,17.4917,42.9176,58.1595,80.6378,128.829,147.454,330.779,325.837,579.605,621.146,1211.83,10.9336,13.7454,29.6347,45.9196,68.5971,144.736,182.787,166.121,329.595,647.745,608.88,883.999,8.90406,15.8904,29.8477,45.0745,58.9369,94.4911,137.814,199.053,228.049,388.53,675.951,763.572,5.95061,12.3559,23.5007,28.1723,66.6867,142.721,94.8998,157.307,275.987,471.702,651.881,765.41,6.21751,9.65568,22.3456,24.7829,51.4668,109.306,116.325,148.226,247.394,329.915,384.57,886.322,3.29041,9.5647,16.3903,24.118,44.0803,53.0421,81.9186,103.86,148.462,316.425,434.61,862.455,4.53606,5.0541,16.3015,21.2243,35.1786,48.4055,111.958,141.572,168.657,322.723,366.952,532.956,3.57138,6.98932,15.0798,18.5986,20.4078,81.7161,78.835,107.936,189.969,366.175,406.243,725.395,3.33813,3.15886,13.3759,22.4624,10.1157,28.8315,46.4662,79.4697,115.538,259.372,349.728,772.94,3.93243,3.80009,10.2426,13.8988,26.9341,22.1187,32.1107,101.209,85.235,168.51,233.184,620.442,2.68778,3.19928,10.909,9.86385,14.4594,21.0496,34.1144,53.8648,89.0757,172.461,173.043,327.349,2.45276,4.23105,6.99443,9.60136,17.4377,20.1061,35.1123,69.9073,47.8553,101.894,163.301,280.68,2.97228,3.59818,6.37667,6.38575,12.1067,16.7095,23.2653,60.4044,78.1256,99.3431,115.493,182.74,2.18718,3.30526,4.03095,6.14735,8.37908,11.997,16.7612,21.6293,26.5224,55.5267,63.6324,114.134,2.04227,2.70727,5.08381,4.93267,6.97896,9.18083,12.7596,22.1379,16.9105,30.456,75.7607,89.9361,1.89231,2.23331,4.61526,5.574,7.19474,8.25633,12.1424,16.2492,20.3071,45.258,45.6228,62.3267,2.03361,2.45486,3.66936,5.26954,5.44021,7.20958,9.07126,14.3803,22.3525,25.5068,26.4513,58.5309,1.7334,2.15962,3.31898,3.77911,5.7801,7.60606,9.03501,13.3775,16.5003,20.0596,27.7485,46.1127
7000,20.4714,23.6,50.1722,113.314,89.7045,182.158,267.62,355.467,461.433,608.799,1161.73,1530.67,18.9644,27.2376,71.4896,71.3069,121.047,154.007,158.947,322.528,441.021,539.787,1041.3,1421.21,9.07219,25.9582,63.5798,85.4154,104.931,175.216,254.923,226.922,529.599,681.837,812.667,1032.41,11.43,27.3326,56.7542,99.7306,103.434,153.486,198.073,282.412,452.234,578.262,755.284,1038.56,13.1665,27.3566,49.6822,78.1445,102.39,127.879,224.809,393.197,398.851,649.791,882.084,1378.91,13.499,22.7484,66.5619,56.8043,88.9393,146.991,182.102,327.437,395.206,773.857,808.723,1383.09,14.9006,19.199,45.1525,67.7541,100.32,133.572,165.544,312.282,362.449,521.091,897.136,1008.89,11.4027,17.1761,42.9282,58.1695,81.3228,135.071,145.919,330.784,320.229,596.429,621.146,1104.47,10.9459,13.8399,24.8273,48.2769,65.8728,123.326,165.727,215.229,337.079,642.78,608.88,908.253,9.05334,16.2477,30.3435,46.4907,63.1325,94.1408,127.91,198.562,219.789,388.642,675.87,763.703,6.11141,11.6762,23.9975,27.2411,76.4899,142.44,108.104,155.284,234.519,439.361,651.903,765.65,6.50484,10.728,23.5717,24.5541,46.5915,106.851,127.367,149.653,243.471,333.262,438.11,886.465,4.04269,8.51498,17.1061,26.2611,42.0236,64.0231,82.3576,110.318,145.803,314.771,434.675,880.253,4.13308,4.96729,17.4425,21.3134,42.2855,44.9649,112.649,149.036,167.353,324.147,363.08,431.491,3.69275,7.74953,15.9937,17.3677,19.441,78.3374,74.8917,107.649,200.552,309.424,405.623,623.4,3.19094,4.36095,13.4259,16.9205,11.2709,36.9033,38.9468,68.9112,94.213,251.835,345.549,785.402,3.54733,3.93948,10.5525,13.4218,33.3857,28.1694,30.7775,95.4406,86.7114,171.129,233.618,611.007,2.74353,3.17852,10.3387,8.98616,12.6746,21.7945,34.2449,50.7715,95.0452,140.644,187.717,366.001,2.49343,4.00492,6.84164,9.76142,16.313,21.4365,27.0528,57.3974,48.9714,107.541,157.403,232.826,3.13765,3.49852,6.29916,6.41431,10.7512,17.3399,20.9217,40.4856,61.9577,92.1532,131.251,175.007,2.48711,3.28277,4.23243,6.03428,8.16289,11.7296,16.5846,21.7622,28.619,55.8306,61.1924,116.459,1.97365,2.61723,5.08044,4.8242,7.01055,9.03865,12.0395,21.3404,16.8199,31.947,74.8181,114.145,2.0492,2.20861,4.60888,5.52816,7.2167,8.1573,11.4753,15.4566,22.2358,45.0931,45.139,61.0704,1.97976,2.50723,4.09449,4.97199,5.42454,7.83681,10.577,13.9572,21.8582,25.4649,26.4438,58.2572,1.8533,2.16942,3.44517,4.58109,5.54596,7.54648,8.89552,13.506,16.2907,21.7458,27.6584,44.5401
7100,21.4981,23.1839,50.9785,116.75,87.7193,182.158,267.62,355.467,482.012,608.799,1161.73,1511.78,18.9644,27.2376,69.2954,78.0288,121.047,148.807,165.028,322.528,347.922,552.209,1041.3,1421.21,10.7824,24.0936,58.802,82.8561,106.093,143.777,254.923,216.482,529.599,656.099,782.378,1019.97,11.43,27.6819,57.2375,101.546,103.434,137.75,198.073,282.412,422.417,560.096,832.042,1052.53,13.1665,27.3566,49.6822,75.6402,99.803,127.879,256.806,379.924,398.851,740.096,882.084,1340.72,12.9274,23.4452,66.5619,55.3766,84.7776,146.947,182.102,327.437,377.696,732.173,808.723,1383.09,15.1106,19.199,45.1525,64.5807,100.32,133.572,165.544,312.282,413.089,521.091,859.087,1008.89,11.1558,17.3156,43.1142,56.0594,80.9592,133.575,153.029,330.811,317.61,596.434,523.832,1238.12,10.8744,14.1251,27.7038,47.9202,68.1624,133.156,182.843,213.767,337.04,642.78,608.852,884.041,8.5014,15.5139,29.4456,46.8425,66.7023,87.7918,137.211,201.086,220.38,368.437,499.533,754.607,6.45031,12.1291,23.0729,28.4418,75.6164,141.497,107.709,154.891,273.39,459.74,651.958,765.687,6.79804,11.3662,23.504,22.8288,52.7851,117.399,132.704,146.347,245.629,336.453,380.058,790.613,3.40024,9.54004,14.5018,25.184,42.5697,85.3081,80.7858,109.689,152.279,323.812,434.579,826.494,4.1185,5.92362,17.2844,20.9361,36.1159,47.5133,111.03,135.591,167.097,328.564,362.638,558.788,3.47587,6.9418,15.3853,17.1733,19.8504,65.7619,72.295,121.262,234.619,367.278,397.003,679.759,3.22397,3.41277,13.6719,16.9564,11.4228,42.037,54.8759,75.3935,96.2187,252.256,354.769,648.709,3.69399,4.00992,10.9718,13.6375,35.2146,28.1401,38.6539,91.9804,84.9462,166.985,231.253,537.361,2.91086,3.20153,9.84828,9.0428,13.8625,21.0713,24.3975,53.9638,92.1044,159.736,160.598,293.939,2.45492,3.85337,6.63889,9.3846,15.3153,18.5446,36.2252,54.7885,54.9809,96.0491,160.69,351.932,3.22107,3.74231,5.96841,6.2005,11.3357,15.4161,21.1625,58.5023,71.2595,94.0348,125.746,194.247,3.05838,3.50243,4.10539,6.23415,7.75009,11.6685,15.3785,21.2632,39.4325,54.7493,60.06,112.891,2.24041,2.48347,4.90122,4.70917,6.89639,9.04594,11.9206,20.9134,16.4965,32.9026,72.8969,100.916,1.96679,2.2706,4.40462,5.42886,7.19641,7.96889,13.0678,15.5194,23.6202,43.7962,45.3812,61.6964,1.86588,2.381,4.19459,4.91735,5.39871,8.98061,9.54885,13.5387,20.8908,24.4903,26.1128,58.2154,1.77845,2.19591,3.4386,4.33157,5.35756,7.36023,8.82761,13.7141,16.2608,20.4206,27.0558,44.2247
7200,18.9019,25.4355,47.1592,114.006,87.7193,179.644,267.62,355.467,482.012,608.799,1161.73,1530.67,18.9644,28.8173,71.4896,78.0288,121.047,147.442,156.606,319.675,441.021,539.787,917.01,1408.29,10.7824,27.2036,55.402,75.0147,92.2022,143.777,254.339,226.578,521.266,681.837,719.808,1032.41,11.43,27.9535,57.2375,101.546,103.434,153.486,197.326,251.852,395.723,553.387,832.042,1026.61,13.1665,27.3566,49.6913,74.5762,104.331,127.879,281.734,407.62,398.851,760.581,882.084,1378.91,12.9274,22.5173,66.5619,56.8043,87.0593,146.947,178.989,327.437,407.463,773.857,808.723,1373.12,15.3791,19.1244,45.1525,60.724,98.4826,129.826,165.544,293.938,413.089,484.265,897.136,1008.89,11.0805,16.3865,40.7017,57.6121,82.7647,128.932,153.562,287.113,351.144,576.469,621.146,1238.5,11.1456,13.1499,27.3696,48.3336,68.7206,141.47,182.853,213.651,337.05,642.82,608.866,884.085,7.99494,14.7955,30.6085,47.7676,63.5964,92.997,139.555,196.304,219.601,388.909,675.992,761.723,6.1638,12.5866,22.9376,29.155,69.7666,139.775,107.263,157.533,274.952,459.901,651.913,765.646,6.932,10.3061,25.8977,23.937,54.9363,107.876,130.838,151.042,234.605,336.697,386.328,877.036,3.20415,8.36665,17.1428,23.2246,44.6867,85.7668,83.1512,107.88,152.53,323.252,448.714,856.03,4.75642,5.94165,16.6915,20.7536,46.251,55.3842,79.3452,150.691,152.935,326.588,363.191,565.388,3.37979,7.94138,14.4578,18.2523,20.0095,80.448,66.3983,87.9323,231.76,366.295,403.829,684.868,3.5551,3.41934,12.601,17.3936,10.8857,29.1235,48.2501,82.2631,184.621,241.71,323.873,768.222,3.57369,4.03626,10.2451,14.9699,34.5605,27.2096,28.9578,95.7849,76.2456,165.533,222.596,614.268,3.26209,3.18481,9.44089,10.7945,12.6898,21.0666,30.6667,59.4619,95.7873,146.665,168.797,382.901,2.37916,3.65821,6.41319,9.0669,14.7862,19.0479,35.4874,54.1362,45.881,94.767,111.74,339.826,3.86442,3.72178,5.81772,5.56374,10.1912,20.0896,22.1915,59.995,57.4681,91.9258,161.521,176.304,2.82569,3.39337,4.13757,6.10185,7.61939,11.7723,15.9714,20.8756,37.4885,55.5779,67.5784,113.014,2.12588,2.52826,4.82328,4.63031,7.21104,8.69483,11.6897,20.52,16.3917,33.8196,70.3002,117.623,1.95106,2.22634,4.443,5.19311,7.61541,7.86734,12.627,16.3795,23.8567,42.4757,45.9188,60.9848,1.96697,2.32885,3.88483,4.77102,5.80602,9.93194,10.0141,13.2759,20.1899,24.5606,25.9201,56.6962,1.72607,2.14783,3.44674,4.1194,5.35121,7.83945,8.54204,13.4948,16.7114,21.2862,27.1865,45.2885
7300,21.4981,24.2358,51.515,110.655,87.7193,182.158,267.62,355.616,482.012,590.747,1097.4,1530.67,18.9644,27.2376,71.4896,74.3019,106.354,154.007,165.028,282.823,331.937,518.54,1041.3,1354.19,10.7824,24.9733,57.6631,85.4154,104.931,138.834,219.101,228.735,541.899,681.837,722.259,1032.41,10.5303,28.716,57.2375,101.546,103.434,150.675,198.073,282.412,422.417,578.262,832.042,1038.56,12.6624,24.9245,49.6913,76.9526,102.39,127.879,281.931,436.616,398.851,740.096,801.32,1358.52,12.9979,23.8045,66.5465,48.542,69.6105,137.353,182.102,323.657,407.463,773.857,781.878,1353.52,15.3356,19.1244,44.2072,67.7494,100.306,133.572,144.068,312.282,352.682,521.091,897.136,1008.89,11.0682,15.4962,43.1385,53.4698,81.7396,122.008,155.383,330.859,363.065,596.483,650.479,1238.51,10.3507,13.5404,27.7428,48.7642,67.5718,141.568,182.843,213.659,323.278,642.82,608.88,884.085,8.80236,15.5377,30.4084,43.9,66.7127,93.3423,140.229,196.697,222.754,372.337,660.514,758.837,6.35014,11.8789,22.9823,27.0474,76.9653,140.967,107.123,153.329,287.477,460.221,651.927,765.711,6.78832,10.8382,22.6432,26.4299,52.4485,85.2959,134.639,144.197,245.782,337.851,386.248,873.55,3.28827,8.91842,16.9793,23.6764,40.7528,75.0438,84.1862,109.626,152.603,291.985,442.627,862.094,4.54412,4.82649,17.1773,19.1217,39.5613,46.2337,118.716,154.998,149.545,297.584,363.009,559.102,3.18758,8.15547,14.6371,17.0742,19.5467,80.6685,76.8031,104.705,231.342,332.367,401.242,695.269,3.44978,3.58017,12.7464,17.6625,10.9614,29.1602,56.3696,68.0449,104.403,253.13,372.814,748.462,3.51661,4.07541,10.1651,11.4532,33.7359,27.2635,30.8618,67.4951,80.2454,136.02,252.777,570.85,3.09328,3.52536,9.24653,11.0015,13.2287,19.6111,29.8467,50.1878,86,149.219,171.649,400.164,2.46812,3.58521,6.31296,9.34714,13.7886,23.5805,32.0666,53.274,55.1196,100.278,183.358,428.115,3.5085,3.65886,5.66851,5.49349,10.8859,19.8482,23.9001,61.6628,55.7622,93.0889,160.194,179.135,2.58945,3.32878,3.96672,5.96963,7.5612,12.0077,15.3606,20.2403,37.4568,59.3766,71.9793,108.31,2.30946,2.43296,4.59265,4.60698,8.0777,8.73467,11.3246,19.7125,16.6433,34.7672,69.2621,110.731,1.97494,2.64867,4.41703,4.92774,9.33598,7.96048,13.4122,17.4622,22.6904,40.6547,46.4078,57.6617,1.92561,2.30924,3.82609,4.7785,5.52655,9.31198,10.2207,12.908,20.0319,24.512,25.5369,56.6483,1.80469,2.06621,3.2389,3.93189,5.23361,7.92396,8.61107,14.4438,16.6805,20.6994,26.3865,46.8949
7400,21.4981,25.3338,50.9785,116.75,87.7193,182.158,267.62,355.467,482.012,608.799,1161.73,1530.67,18.9644,24.439,69.9735,74.6442,126.302,154.007,165.028,322.313,441.021,539.787,903.072,1421.21,10.7824,26.9167,57.6631,94.6242,104.931,143.777,254.923,228.735,529.599,664.665,722.259,1032.41,11.43,28.716,58.3952,101.546,103.434,153.486,198.073,282.412,392.322,578.262,832.042,1217.87,13.139,27.3566,49.6913,66.5162,102.39,127.879,281.734,383.487,398.851,591.295,882.084,1378.91,12.9979,24.0911,58.4192,56.8043,85.6948,140.369,181.238,329.758,363.516,769.377,782.189,1383.09,15.5999,19.1315,43.0783,66.329,100.306,133.56,182.899,312.282,413.089,501.887,897.136,1008.89,10.9539,15.3598,42.5173,54.4295,78.38,135.304,148.968,329.647,363.078,596.503,621.146,1222.83,10.5516,13.1147,27.4399,44.6838,67.0722,140.468,182.843,213.717,336.978,642.82,608.88,790.248,8.79465,16.0477,31.3129,47.5868,67.8146,94.5399,139.645,197.736,221.468,386.09,615.582,761.908,6.40233,12.3448,23.2496,32.0314,68.3878,139.768,104.747,156.268,274.914,456.328,651.857,765.796,6.71702,11.0928,24.2956,29.0424,51.1778,93.9353,135.909,125.959,240.395,344.92,386.251,852.854,4.21685,8.05783,17.3113,23.1681,42.0474,84.7679,85.3017,109.832,184.495,315.515,441.829,859.013,4.38087,4.55778,17.3482,20.5249,41.9904,46.5549,97.4679,117.282,154.669,331.629,366.87,502.218,3.28775,8.30958,13.4315,17.3803,19.2462,83.9538,75.0608,112.132,184.297,351.79,392.018,690.631,4.05065,3.84716,14.4443,18.3538,10.8405,39.2264,50.8899,74.0427,109.761,249.33,374.802,765.801,3.38275,4.12036,10.2086,15.2221,33.4867,26.3581,28.2233,86.9512,84.035,163.654,251.04,615.192,2.94764,3.69464,8.93243,11.2343,12.6753,21.3399,30.7963,49.7369,73.0029,129.468,168.062,431.019,2.80837,3.5405,6.89702,9.3508,13.2775,51.6903,36.9759,54.2817,52.974,100.342,110.293,298.327,3.16481,3.63807,5.48376,6.03697,10.5661,19.2969,24.5313,49.0599,71.0729,86.5864,126.745,188.121,2.45614,3.70962,4.06661,5.81452,7.27789,12.0098,14.5036,19.0778,34.6636,63.157,58.2159,112.101,2.24989,2.90119,4.50518,4.55351,7.95395,8.77867,11.4948,20.0409,16.4286,31.4152,70.11,108.291,2.18036,2.61194,4.46024,4.93178,9.66198,8.42822,12.6689,16.5142,22.2076,40.5561,46.6818,58.1364,2.20808,2.28983,3.83972,4.81972,5.46193,9.20257,10.2736,12.6687,19.5473,24.5167,25.4398,62.1138,1.78279,2.09866,3.20121,3.79625,5.30654,7.48521,8.77399,14.8919,16.2922,20.9562,26.7444,45.5607
7500,19.9358,25.4355,50.9785,116.75,83.1493,182.158,267.62,329.966,482.012,608.799,1202.28,1530.67,18.9644,22.3909,71.4896,78.0288,95.6559,154.007,162.875,322.528,338.291,476.53,1041.3,1369.2,10.7824,27.1082,57.6631,76.4103,104.931,143.777,239.926,228.735,529.599,681.837,722.259,1032.41,11.6816,28.716,54.6522,101.546,103.434,153.486,198.073,282.412,422.417,578.262,832.042,1038.56,13.1665,26.1284,49.6913,80.1587,97.2464,127.879,281.734,407.62,398.851,740.096,882.084,1378.91,13.0179,24.0911,65.1888,52.0859,87.0593,146.947,177.84,327.437,407.463,773.857,808.723,1293.67,15.349,17.4314,45.1525,67.7605,100.32,127.4,178.879,287.409,413.089,521.091,897.136,1008.89,11.0137,15.3921,41.8584,56.6689,80.8074,135.367,153.623,325.477,363.145,596.535,621.146,1238.58,10.5774,12.9289,28.6208,47.9584,67.1045,116.213,181.056,213.664,336.907,642.878,580.851,884.085,9.89206,14.5646,30.6557,48.788,65.5764,97.7653,136.042,203.049,219.645,386.162,681.475,733.186,6.54142,11.0078,22.7746,28.7092,76.0678,141.752,92.7929,114.535,276.274,456.407,651.876,782.438,6.65917,11.2049,21.9131,25.3975,52.3958,119.215,135.341,149.959,245.492,331.658,464.327,853.182,4.11958,9.78467,17.0286,23.8974,46.3179,78.6338,80.3955,104.847,153.061,308.929,437.572,800.478,4.21104,8.77033,13.106,15.8404,39.6423,47.7386,89.1124,153.854,165.811,326.719,364.788,561.798,3.14849,8.33094,15.2756,14.0799,21.9436,82.0335,76.382,93.7344,231.027,307.19,423.993,686.955,3.94531,4.67414,14.218,16.905,10.7849,40.0372,56.5754,72.9026,89.9595,253.089,413.983,766.954,3.18431,4.04968,9.92457,16.1956,31.6106,26.2454,28.5499,91.6202,79.3267,138.472,250.402,586.418,3.20769,3.66777,8.62053,10.8668,11.1223,22.415,27.3109,48.8876,85.5487,147.815,166.95,434.127,2.60361,3.3392,6.75587,8.75424,12.8361,47.5952,28.8285,51.5993,56.7673,100.971,123.718,401.495,2.89795,3.4808,5.39358,6.83439,9.53814,17.7964,23.7694,57.0538,66.4455,86.3006,156.182,184.328,2.41245,3.64078,4.28716,5.65812,7.0586,12.0981,14.6961,19.6572,35.0705,61.7599,77.7481,112.034,2.59654,2.7717,4.60474,4.73453,7.67582,8.98849,11.2816,19.989,18.2679,31.6269,73.6315,127.457,2.0925,2.55817,4.49645,5.46892,10.0418,9.38203,12.376,16.0579,22.0154,38.5539,50.6629,61.0394,2.15503,2.23644,3.54886,4.74706,5.1461,8.79168,10.7075,12.3832,18.678,24.7412,25.3689,55.7492,1.70818,2.1604,3.11931,3.71905,5.31148,7.3644,8.9203,14.5608,16.1768,20.6613,27.8303,46.4258
7600,21.4981,25.4355,50.9785,116.75,82.5208,182.158,267.62,355.198,497.395,593.849,1161.73,1530.67,18.9644,27.6205,69.3281,78.0288,123.463,154.007,165.028,322.528,355.924,526.757,1041.3,1421.21,11.4608,27.1236,57.6631,84.5424,109.355,144.102,254.923,252.837,529.599,681.837,722.259,1032.41,10.7504,28.716,57.2375,101.546,103.434,153.486,217.338,282.412,422.417,578.262,794.457,1038.56,13.3268,27.3566,49.6913,79.7019,99.6488,119.792,281.734,407.62,398.851,740.096,882.084,1378.91,12.8255,24.0911,66.5465,56.8043,87.0593,146.947,178.953,327.437,407.463,773.857,808.723,1383.09,16.1638,19.1447,44.6414,67.7605,100.32,133.56,165.544,312.282,413.089,499.128,897.136,1008.89,11.6497,16.5546,41.3273,56.6744,81.7781,111.901,141.903,330.897,363.249,596.535,590.803,1200.66,11.3964,13.1945,27.274,56.8963,67.1152,140.552,181.024,213.788,337.059,642.878,617.991,884.085,8.99007,15.0532,30.7162,48.4409,59.6159,97.9081,123.042,199.219,217.662,386.204,676.224,759.024,6.41256,11.8867,21.1019,29.5478,76.3616,137.949,109.642,157.222,276.142,457.22,651.983,765.889,6.44916,10.876,24.7337,28.138,56.4081,111.427,137.345,150.096,238.409,331.883,386.156,850.035,4.19927,8.06873,17.2613,23.5737,45.9785,71.6218,90.7077,106.994,111.28,307.957,437.558,766.599,4.87446,6.14813,16.3407,19.7035,44.7666,50.4481,79.7476,104.624,155.302,331.687,360.875,640.47,3.32587,8.41404,14.3865,18.8699,19.4209,81.3377,73.4625,106.915,184.521,363.888,384.148,698.943,3.79967,6.78131,13.7922,21.0536,8.76051,35.1541,51.1606,78.0692,135.763,249.169,305.367,778.068,3.15474,5.56562,10.2896,15.632,27.4569,21.84,28.2656,89.0798,78.959,126.714,213.61,616.008,3.17701,3.66933,8.15472,10.285,12.2578,28.2228,27.6353,48.7223,91.9958,93.7196,168.997,407.715,3.17223,3.28434,6.85931,9.30353,12.4041,44.0562,37.7175,46.3486,56.1812,90.2255,108.545,423.808,2.85782,3.41186,5.28615,6.96697,9.98944,17.6348,23.45,46.9074,57.6859,81.7774,159.457,184.373,2.38285,3.46455,4.6568,5.42414,6.97148,11.9257,14.7898,19.5217,34.1608,61.7314,75.5977,108.955,2.23748,2.86705,4.30258,4.66145,7.44223,9.43329,10.9797,20.3561,18.6153,34.355,69.9792,125.401,1.98496,2.50838,4.32907,6.7127,9.409,9.6454,12.0611,15.6577,21.6557,36.719,52.0872,60.026,2.06795,2.67944,3.46523,5.07298,5.07729,8.7062,10.6765,12.8658,17.8997,24.8516,25.0594,59.2446,1.77001,2.15164,3.07923,3.56446,5.15014,7.23825,9.53888,14.034,16.2023,20.2767,26.6191,45.4211
7700,18.3266,25.4355,50.9785,112.033,87.7193,182.158,267.62,355.467,482.012,608.799,1111.21,1530.67,19.0097,27.2376,71.4896,78.0288,121.047,154.007,153.902,322.632,441.021,539.787,1041.3,1375.18,10.7824,27.1236,57.6631,82.7859,100.482,143.777,254.923,234.359,505.188,634.543,722.259,1032.41,11.43,28.835,57.2375,95.4481,103.434,143.166,184.656,282.412,422.417,546.647,832.042,1071.94,13.4402,27.3566,48.2983,78.7762,84.929,118.08,277.063,401.423,398.851,740.096,854.346,1378.91,13.0179,24.0911,66.5465,56.8043,87.0593,146.947,182.102,331.465,367.997,773.857,796.362,1383.09,16.1638,19.2144,44.6414,67.7605,100.32,117.557,152.554,303.474,413.089,521.091,897.136,1008.89,11.4243,15.8539,42.874,56.753,81.8053,119.718,137.894,302.201,304.158,596.535,610.235,1131.22,11.7975,13.1049,27.9238,47.2593,67.0614,124.827,179.375,213.803,337.083,642.898,612.796,855.534,9.27374,15.0942,31.659,49.6046,60.8456,99.0194,139.903,203.351,188.389,359.326,531.271,721.273,6.03174,12.5622,22.9991,28.5696,77.9048,138.328,109.061,157.168,271.273,460.363,651.978,733.414,6.36205,10.9339,24.2573,24.0672,44.3058,107.463,133.464,148.471,244.539,325.908,386.082,874.677,4.10929,7.2058,16.7652,23.2648,46.1438,97.7369,91.1352,107.992,154.703,310.186,412.554,867.708,4.58624,8.58824,17.0918,17.2669,40.7735,45.7963,96.1508,131.453,163.789,341.73,385.014,563.976,3.22313,9.02239,14.2078,20.996,21.0367,79.7348,78.3149,93.4518,234.08,383.924,431.631,683.216,3.68139,6.32266,12.7987,15.4346,11.8546,38.2051,54.0212,78.0915,100.563,225.037,380.98,743.091,3.31607,4.90816,10.1465,16.789,31.4666,27.7975,27.9755,81.0146,80.7525,160.654,240.013,618.428,3.03208,3.32151,7.9757,10.4973,12.7451,29.4273,26.3775,48.5372,90.8262,126.196,158.048,455.265,3.39051,3.35839,7.17665,9.3618,12.07,41.6817,39.088,51.2483,55.7762,82.3598,104.686,295.204,2.66417,3.32532,5.11915,6.79314,9.09915,17.4969,22.2471,58.6493,55.7504,81.673,161.119,187.628,2.6827,3.44881,4.94153,5.46329,6.89477,11.7078,14.5096,19.6222,33.5717,61.5775,75.9325,106.686,2.73869,2.93053,5.83751,4.87877,7.01287,9.0701,10.5827,21.1113,19.4489,31.6924,67.4036,120.918,2.03873,2.41885,4.16948,6.71959,8.68993,8.99885,11.4006,15.2924,21.1196,36.0282,49.6325,62.1928,2.08409,2.4112,3.41032,5.2347,4.9594,8.3979,10.663,13.6269,17.5271,25.0414,24.947,58.6964,1.87324,2.07939,3.25843,3.52686,5.48637,7.36658,9.70507,13.5609,16.1666,20.6284,27.6538,46.5957
7800,21.4981,23.9346,49.2354,101.369,87.7193,182.158,267.94,355.467,482.012,608.799,1161.73,1373.11,18.05,27.2376,71.4896,78.0288,114.5,154.007,165.028,322.528,367.297,528.055,1041.3,1421.21,10.7824,25.3616,57.6631,85.4154,99.8095,143.777,254.923,228.735,529.599,681.837,744.102,1032.41,11.43,28.716,57.2375,101.546,103.434,153.486,198.073,282.412,422.417,578.262,832.042,1038.56,13.3268,27.3566,49.6913,78.7762,102.39,129.237,281.734,382.76,398.851,580.379,863.691,1378.91,12.0446,18.4517,66.5465,56.8043,87.0593,156.894,182.102,323.303,407.463,742.425,808.723,1383.09,16.1638,18.3268,44.6414,67.7605,100.32,133.56,165.544,279.597,413.089,521.091,897.136,1008.89,11.1897,16.0677,43.5978,57.9618,81.2538,129.909,145.602,330.989,328.402,579.68,621.146,1212.73,11.137,13.0302,30.8715,45.434,67.1045,141.764,179.375,166.342,329.486,647.816,617.991,884.144,8.9985,14.9529,30.7486,48.2638,59.0283,99.4572,137.22,200.452,220.648,383.196,681.426,759.119,6.17426,12.8984,23.9144,28.8793,77.8284,132.894,93.6562,156.769,283.364,460.508,651.967,766.272,7.28359,11.641,22.4482,26.863,50.4221,109.215,120.215,147.768,243.921,338.655,385.993,857.6,3.5271,9.28348,16.6374,23.0117,43.169,97.7007,90.2957,111.085,151.525,308.462,440.046,866.188,4.41441,8.36851,16.3526,20.3658,38.9122,50.0538,114.959,142.526,170.344,340.525,350.071,532.754,2.97302,8.85669,14.5158,15.1249,18.4192,85.8484,75.7421,104.473,234.084,373.249,423.858,675.909,3.51699,6.57662,13.4028,19.3816,9.41131,38.8328,52.4106,77.6551,97.8273,246.139,404.48,766.617,3.4533,5.08951,9.87715,15.2265,23.6731,25.3556,32.8711,87.3235,80.4215,158.785,246.986,626.823,2.87386,3.22895,7.64451,10.8752,12.4715,28.5321,33.6731,48.7722,85.165,123.741,158.063,445.995,3.12047,3.80746,7.85499,8.63015,11.7399,41.6059,41.7717,71.0958,47.6724,87.7806,95.1476,402.185,3.09673,3.15852,5.03632,6.91608,9.79148,17.3936,23.6793,59.0571,67.2549,80.0401,109.846,175.326,2.84311,3.39877,6.71808,5.5072,6.81328,11.3745,13.6269,19.6435,32.4027,60.7008,67.0505,105.645,2.45945,2.73282,5.31695,4.49736,6.94881,9.29413,10.7109,20.6817,19.2309,32.2403,65.4706,96.7424,1.99957,2.36013,4.02934,6.92008,8.59547,10.8167,11.4909,14.9578,21.3708,35.2662,48.9704,62.0194,1.89116,2.36283,3.39409,5.10464,4.86994,8.70122,10.2825,15.803,17.3329,25.1938,24.6509,57.0751,1.80167,2.0221,3.27481,3.50713,5.87317,7.43246,9.30224,14.0594,16.1995,19.5965,26.6486,44.826
7900,20.4714,23.6,50.1722,113.314,89.7045,182.158,267.62,355.467,461.433,608.799,1161.73,1530.67,18.9644,27.2376,71.4896,71.3069,121.047,154.007,158.947,322.528,441.021,539.787,1041.3,1421.21,9.07219,27.1236,63.5798,85.4154,104.931,175.216,254.923,226.922,529.599,681.837,812.667,1032.41,11.43,27.3326,56.7542,99.7306,103.434,153.486,198.073,282.412,452.234,578.262,755.284,1038.56,13.1962,27.3566,49.6913,78.7762,102.39,127.879,224.809,393.197,398.851,649.791,882.084,1378.91,13.5375,23.3295,66.5465,56.8043,88.9493,146.991,182.102,327.437,395.222,773.857,808.723,1383.09,16.0076,18.9119,43.6432,67.7605,100.328,133.56,165.544,312.282,362.46,521.091,897.136,1008.89,10.6493,16.0092,43.8887,58.2837,80.5541,135.422,143.424,330.989,320.273,596.543,621.146,1105.07,11.385,13.0347,26.1179,46.8893,64.29,123.636,161.281,213.841,336.877,642.957,617.991,908.303,9.90074,14.7985,30.3178,48.9647,65.9824,100.104,130.495,193.16,219.176,383.252,663.285,759.169,6.05045,13.1117,23.5395,28.5539,77.8349,136.762,106.564,157.529,233.819,424.908,652.009,766.192,7.65291,11.2118,26.4198,24.8544,45.3609,106.846,126.996,145.161,247.658,332.236,444.605,854.307,4.25398,8.95821,16.2967,24.9689,46.9675,79.5376,91.4091,107.93,143.312,312.767,441.752,869.1,4.63895,8.10955,16.0802,20.2882,41.7971,44.6214,111.327,131.559,155.015,337.787,349.065,442.814,3.10982,8.2987,14.3822,17.4445,17.8434,83.2312,72.1494,106.032,234.475,369.055,429.191,600.856,3.32019,5.5526,13.2217,14.1497,10.8134,39.7034,54.7478,67.5863,100.884,253.395,362.625,710.48,3.34803,5.12648,9.59812,13.8737,26.3265,24.4673,26.3424,87.1248,79.502,159.265,243.785,619.887,2.89473,3.0753,7.65004,8.90752,11.3917,31.4609,33.5474,45.7362,86.9213,123.571,170.959,449.806,2.88806,3.68922,7.69242,8.42449,11.6148,39.6197,30.6278,68.908,52.9228,111.803,99.5848,358.935,3.06795,3.13249,5.1514,6.08404,9.00168,16.6836,23.5174,46.607,66.7325,81.2187,122.211,159.043,2.53641,3.46582,6.36899,6.12305,7.24162,11.1456,13.7061,19.6031,30.6977,62.2608,66.561,109.144,2.53816,2.73902,5.18307,6.02662,7.09041,9.17333,10.5415,20.6457,18.5908,30.6904,63.8613,93.6937,1.91433,2.40437,3.95496,6.44389,8.4981,11.2716,11.2369,14.666,21.3981,35.2004,47.2655,62.1313,1.9971,2.28474,3.45065,4.93364,4.84634,9.31247,9.94133,18.2471,16.9213,24.3465,24.546,63.1862,1.82893,2.33239,3.17894,3.48574,5.63852,7.20865,9.18384,15.5494,16.2829,18.8104,27.3133,44.9082
8000,21.4981,23.1839,50.9785,116.75,87.7193,182.158,267.62,355.467,482.012,608.799,1161.73,1511.78,18.9644,27.2376,69.2954,78.0288,121.047,148.807,165.028,322.528,347.922,552.209,1041.3,1421.21,10.7824,24.0136,58.802,82.8561,106.093,143.777,254.923,216.482,529.599,656.099,782.378,1019.97,11.43,27.6819,57.2375,101.546,103.434,137.75,198.073,282.412,422.417,560.096,832.042,1052.53,13.1962,27.3566,49.6913,75.6402,99.803,127.879,256.806,379.924,398.851,740.096,882.084,1340.72,13.0179,24.0911,66.5465,55.3766,84.7776,146.947,182.102,327.437,377.696,732.173,808.723,1383.09,16.1551,19.2054,43.6432,64.5872,100.328,133.572,165.544,312.282,413.1,521.091,859.032,1008.89,11.0178,16.4687,43.8958,58.1024,80.9088,135.458,151.455,331.02,317.988,596.543,523.832,1238.61,12.3752,14.2861,30.4932,48.0425,67.169,133.618,179.375,213.811,337.082,642.937,617.991,884.144,10.0068,15.1276,29.4293,49.5437,67.2687,93.2853,138.411,194.926,218.084,362.003,497.965,764.054,6.08467,12.7245,23.6603,29.4203,76.9552,140.06,105.687,155.127,279.009,455.433,652.169,766.289,7.46271,12.031,25.9716,24.1477,52.2424,117.584,133.5,146.253,249.938,326.257,390.311,764.922,4.35777,8.83737,14.3101,24.4282,51.3417,98.4746,90.5769,106.865,150.669,332.178,444.098,824.509,4.60804,7.33407,16.2685,20.2719,33.2487,48.7997,110.168,118.334,165.146,334.213,375.866,564.289,3.40806,8.23009,14.3,16.7018,17.6767,67.8355,71.8583,114.948,237.512,375.126,427.697,643.291,3.28113,5.23321,12.9216,16.7259,11.1334,42.0182,60.6583,77.4602,90.2781,255.617,402.921,650.199,3.06704,4.84323,9.62104,18.6117,29.6312,24.9646,34.5291,84.3388,74.3114,158.773,244.285,572.46,3.24094,3.04958,7.37469,8.92239,12.5429,28.2052,33.1036,46.3416,86.9019,120.962,150.094,261.605,2.78736,3.83271,7.42735,7.88115,11.3401,36.4705,43.4385,46.8204,57.094,94.9851,92.9335,339.511,2.95099,3.16381,5.09597,6.29638,9.41817,16.5931,24.4109,55.9245,64.8692,80.3197,109.654,159.766,2.74188,3.12596,5.73669,6.7156,9.21202,10.901,13.4655,18.9458,31.4997,64.3832,77.7784,105.065,2.39116,2.6413,4.97342,6.16141,7.12883,9.21631,10.1563,19.9705,22.9044,29.244,63.6759,96.6473,1.98772,2.4649,3.83221,6.00624,8.069,10.3518,11.1129,14.7111,21.1621,34.5763,46.3796,63.8485,1.96105,2.21309,3.44441,5.06489,5.0577,9.93391,9.87902,17.4131,17.6085,23.577,24.4942,63.9383,1.86885,2.47848,3.16218,3.60043,5.40809,7.42785,9.03207,14.5339,16.0214,19.3378,26.5451,44.7789
8100,18.9019,25.4355,47.1592,114.006,87.7193,179.644,267.62,355.467,482.012,608.799,1161.73,1530.67,18.9644,28.8173,71.4896,78.0288,121.047,147.442,156.606,319.675,441.021,539.787,917.01,1408.29,10.7824,27.1236,55.402,75.0147,92.2022,143.777,254.339,226.57,521.266,681.837,719.808,1032.41,11.43,27.9535,57.2375,101.546,103.434,153.486,197.326,251.852,395.723,553.387,832.042,1026.61,13.0469,27.3566,49.6759,74.5762,104.331,127.879,281.734,407.62,398.851,760.581,882.084,1378.91,13.0179,22.6649,66.5465,56.8043,87.0593,146.947,178.989,327.437,407.463,773.857,808.723,1373.11,16.1551,19.2145,43.6432,60.7296,98.5043,129.826,165.544,293.938,413.1,484.265,897.136,1008.89,11.2897,16.2537,40.1449,50.3502,80.9267,128.261,152.011,287.26,351.496,576.546,621.146,1238.63,12.9241,13.4175,29.7971,48.8631,66.669,141.85,179.375,213.808,337.035,642.937,617.991,884.13,9.78356,15.5039,31.4188,49.1323,66.4954,99.3598,136.533,193.918,209.534,383.428,663.4,754.888,6.36969,13.1269,22.7943,30.4453,75.7753,142.371,109.234,155.958,277.631,455.64,663.258,766.352,7.44963,11.5297,27.0859,25.8218,53.3957,109.159,134.29,147.782,240.809,332.461,390.213,845.628,4.40734,8.7939,15.964,22.8896,46.8116,98.8219,91.7141,121.751,150.863,320.724,439.929,850.313,4.9592,5.82908,15.4337,20.3225,37.502,56.0186,81.1885,129.713,137.325,333.676,345.079,607.055,3.93622,7.16648,13.8303,26.7477,17.6638,83.7245,64.6757,95.27,242.164,376.155,434.411,629.405,3.27781,6.78642,11.5081,16.9327,10.5623,33.055,50.6381,78.4841,167.098,238.686,330.617,785.71,3.03671,4.70121,9.52794,16.9989,28.3567,32.1508,26.3988,91.8766,74.927,160.586,192.914,626.536,3.46922,3.01649,7.09909,16.4198,12.1917,27.8421,32.6324,49.7561,87.8184,119.24,159.537,378.009,2.73508,3.64159,7.47682,8.71117,10.9996,33.0693,42.672,45.2894,55.9989,106.465,100.735,408.587,2.79239,3.09611,5.28511,6.0369,9.08961,16.3216,24.7528,47.2032,63.5189,78.7146,158.387,162.889,2.696,2.9613,5.68542,6.90822,9.13239,10.6872,14.3403,20.2296,31.039,65.0286,78.595,122.452,2.44437,2.59241,4.95713,5.92925,7.50765,10.6837,9.99273,19.7922,22.2393,28.4368,63.1774,102.972,2.0431,2.54136,3.70282,6.01078,7.86108,10.01,10.9827,14.7718,21.165,34.9285,45.5065,59.546,1.95029,2.16362,3.59429,5.1956,5.07025,9.48551,9.59592,16.4651,18.5279,23.1565,24.4096,62.822,1.98884,2.20321,3.20187,3.60804,5.44934,7.84893,8.76428,14.7577,16.8448,19.7648,27.1405,45.8504
8200,21.4981,24.2358,51.515,110.655,87.7193,182.158,267.62,355.616,482.012,590.747,1097.4,1530.67,18.9644,27.2376,71.4896,74.3019,106.354,154.007,165.028,282.823,331.937,518.54,1041.3,1354.19,10.7824,24.8933,57.6631,85.4154,104.931,138.834,219.101,228.727,541.899,681.837,722.259,1032.41,10.5303,28.716,57.2375,101.546,103.434,150.675,198.073,282.412,422.417,578.262,832.042,1038.56,12.6522,25.0983,49.6913,76.9526,102.39,127.879,281.931,436.616,398.851,740.096,801.32,1358.52,13.0179,24.0911,66.5465,48.542,69.6105,137.353,182.102,323.657,407.463,773.857,781.878,1353.52,16.1551,18.9973,42.7194,67.7605,100.328,133.572,144.068,312.282,352.693,521.091,897.136,1008.89,10.8698,15.61,43.9059,54.5917,80.4053,122.299,153.829,331.069,365.539,596.543,643.604,1238.61,11.8265,15.0231,28.7155,47.2128,66.2053,145.58,181.024,213.85,321.31,642.937,617.984,884.144,9.61007,15.4948,31.9076,46.0945,66.176,98.57,135.393,193.148,214.273,369.951,642.71,764.186,6.06832,11.9563,23.2643,30.4447,77.9151,141.96,111.392,154.723,275.679,459.471,658.289,766.544,7.70541,12.8288,25.6132,28.5633,53.2465,80.1398,132.315,141.524,250.884,326.684,383.606,845.749,4.24775,8.07077,15.6177,21.45,50.668,75.4205,92.4199,115.11,149.966,295.962,442.435,857.55,4.59041,6.24,19.8332,17.8574,38.9055,46.9941,113.879,130.986,151.611,292.62,366.893,602.862,3.8674,7.58063,13.8537,17.6916,33.3436,88.8505,73.1909,128.768,245.352,325.879,432.56,641.168,3.13796,7.04771,11.447,14.8066,10.6424,35.6367,55.0657,68.3555,101.975,247.353,369.718,806.251,3.18342,5.00066,9.24956,18.226,26.5764,31.2871,25.8529,66.6312,78.8792,133.303,224.272,589.184,3.34901,2.91335,6.91317,15.8687,11.945,29.2601,36.1634,49.1126,82.8938,124.238,153.978,415.079,2.72351,3.4262,7.63759,8.84979,10.9264,19.2411,38.3912,44.5647,46.7771,103.069,170.703,401.331,2.92806,3.1473,5.75136,5.99925,9.88678,16.2576,23.6209,54.66,60.9657,77.2129,153.6,158.527,2.60401,2.82426,5.45601,6.29574,8.57667,10.5761,14.3851,19.9906,31.5344,64.0346,58.898,147.259,2.20579,2.4859,4.2505,6.22302,7.16861,10.3489,10.8246,19.3609,21.5536,28.8363,61.1965,96.8495,2.06276,2.621,3.68043,5.93946,7.50316,9.69411,11.1909,14.4903,20.8543,35.4228,45.7395,61.2372,1.94643,2.23016,3.56743,5.5188,5.24564,9.12935,9.50057,15.3704,21.715,23.2804,24.1734,64.072,2.04839,2.05765,3.17321,3.77112,5.21522,7.71793,8.95846,14.8453,15.9147,19.7696,27.0217,44.6261
8300,21.4981,25.3338,50.9785,116.75,87.7193,182.158,267.62,355.467,482.012,608.799,1161.73,1530.67,18.9644,24.439,69.9735,74.6442,126.302,154.007,165.028,322.313,441.021,539.787,903.072,1421.21,10.7824,26.9167,57.6631,94.6242,104.931,143.777,254.923,228.727,529.599,664.665,722.259,1032.41,11.43,28.716,58.3952,101.546,103.434,153.486,198.073,282.412,392.322,578.262,832.042,1217.87,13.1811,27.3566,49.6913,66.5093,102.39,127.879,281.734,383.487,398.851,591.295,882.084,1378.91,13.0179,24.0911,58.4192,56.8043,85.6948,140.369,181.238,329.758,363.516,769.377,782.189,1383.09,15.9984,19.2289,41.8732,66.3337,100.328,133.56,182.899,312.282,413.1,501.887,897.136,1008.89,11.3311,16.7363,43.6247,54.8841,77.315,135.525,148.543,329.804,365.515,596.543,621.146,1222.89,11.9909,13.072,28.6599,43.2504,66.216,142.035,181.024,213.927,337.106,642.937,617.984,786.106,10.4047,15.1969,31.286,47.4564,66.4858,95.2796,134.29,191.22,217.937,381.913,578.469,764.196,5.82877,12.721,23.3795,32.805,66.8724,143.229,111.042,153.392,276.488,461.573,658.267,766.586,7.31646,11.3462,25.6329,32.646,53.8455,90.9814,106.884,124.323,246.876,332.821,385.461,846.121,4.20275,8.43343,16.3197,22.2239,45.8655,99.3816,92.4799,104.783,169.953,317.445,437.407,858.034,4.45874,7.84975,19.343,22.3119,39.2154,51.1272,92.1144,121.121,153.009,351.144,340.34,541.044,3.91686,7.93301,12.9227,27.421,16.6595,85.5902,70.8686,99.5944,186.691,356.733,408.74,643.897,3.38214,6.89041,12.7189,14.4335,10.6426,40.8697,47.6712,75.3054,112.44,247.499,360.996,787.774,3.03526,4.79596,9.30854,16.9174,26.3071,31.1527,26.3202,90.2077,82.5183,158.698,224.901,636.284,3.19003,2.90545,6.7157,14.8319,11.5867,30.6574,33.2936,47.335,84.1353,114.442,154.548,414.844,2.87572,3.44752,8.13404,7.80089,10.5358,30.2279,44.5144,46.2964,54.1626,105.791,87.0638,299.316,3.52585,3.14815,6.00138,5.89311,10.3905,15.9,23.9353,52.8433,57.1614,75.4856,142.616,172.117,2.50753,2.81985,5.20056,6.2069,8.63241,10.8316,14.1194,18.2614,31.2068,63.0993,51.776,151.722,2.17843,2.57413,4.61545,6.0975,7.12997,10.0267,12.4218,18.653,21.0791,27.7835,58.9092,98.2819,2.05867,2.4872,3.57363,6.02767,7.38486,9.36156,10.6045,16.4526,20.4372,36.5822,45.0152,57.5529,1.85718,2.23517,3.35701,5.67906,5.41047,8.75597,9.79326,15.0127,21.5671,22.8952,24.1071,60.9941,1.94097,2.13206,3.14939,3.65099,5.32046,7.82398,10.1369,14.4562,16.192,20.6617,26.6046,44.486
8400,19.9358,25.4355,50.9785,116.75,83.1493,182.158,267.62,329.966,482.012,608.799,1202.28,1530.67,18.9644,22.3909,71.4896,78.0288,95.6559,154.007,162.875,322.528,338.291,476.53,1041.3,1369.2,10.7824,27.1236,57.6631,76.4103,104.931,143.777,239.926,228.727,529.599,681.837,722.259,1032.41,11.6816,28.716,54.6522,101.546,103.434,153.486,198.073,282.412,422.417,578.262,832.042,1038.56,13.2087,26.1284,49.6913,80.1587,97.2464,127.879,281.734,407.62,398.851,740.096,882.084,1378.91,13.0179,24.0911,65.1888,52.0772,87.0593,146.947,177.84,327.437,407.463,773.857,808.723,1293.67,15.6177,17.7436,43.6432,67.7605,100.328,127.416,178.879,312.282,413.1,521.091,897.136,1008.89,11.0233,15.9742,42.7314,56.5237,80.4008,135.538,152.106,325.696,365.527,596.543,621.146,1238.61,11.758,13.1642,29.9018,46.2067,66.2375,129.568,178.614,213.824,337.13,642.958,617.991,884.144,10.25,13.5161,31.2414,46.7567,64.5144,98.9741,130.263,196.354,217.128,383.62,642.333,741.168,6.10379,11.9965,23.3289,32.6255,75.9059,141.813,97.5285,120.573,276.517,462.854,658.285,766.825,7.32659,13.1273,23.052,27.3439,57.4476,90.6235,131.887,149.848,258.416,332.953,464.444,846.315,4.52331,8.8066,16.2266,21.9554,50.9213,72.1217,83.6436,108.357,149.194,319.576,436.024,792.418,4.90954,8.36676,12.1699,22.4982,37.7937,51.5235,73.5392,113.788,167.122,330.651,335.223,548.003,3.77052,7.95879,13.7047,27.887,31.9684,87.6262,69.4588,89.4538,238.393,310.398,434.02,630.179,3.35986,5.37653,12.5575,17.4192,10.5379,44.014,54.068,75.6526,99.6596,247.053,358.329,790.067,3.06781,4.78439,9.08121,24.5664,27.0242,30.662,25.9861,81.4305,79.4156,133.532,223.734,536.576,3.11736,2.89174,6.66411,13.9452,10.9717,26.4876,33.3243,46.7462,81.0213,114.961,160.235,353.009,3.05146,3.30553,8.18204,7.44439,10.6088,18.402,31.6486,41.409,54.1144,108.86,107.716,328.868,3.51389,3.10935,6.63607,5.66441,11.9235,14.9967,23.1753,56.5141,50.2727,74.1431,153.682,157.404,2.41412,2.89723,4.94302,5.81032,8.34903,11.4964,14.171,18.3097,30.3431,62.6479,46.5185,128.587,2.18746,3.02927,4.25335,5.88487,7.10282,9.99879,11.8811,18.8481,20.4053,27.6864,59.7949,97.2673,1.95531,2.5898,3.50735,6.23806,7.1147,9.36964,10.4986,15.7168,20.5838,37.1011,45.517,57.0978,1.97469,2.14197,3.29157,5.17117,5.38774,8.59791,10.3588,14.8214,20.2807,22.7781,23.9584,58.4011,1.98118,2.15605,3.05918,3.57598,5.55909,7.86666,10.0196,14.2426,16.1021,19.6521,27.2093,44.5646
8500,21.4981,25.4355,50.9785,116.75,82.5208,182.158,267.62,355.198,497.395,593.849,1161.73,1530.67,18.9644,27.6205,69.3281,78.0288,123.463,154.007,165.028,322.528,355.924,526.757,1041.3,1421.21,11.4608,27.1236,57.6631,84.5424,109.355,144.102,254.923,252.829,529.599,681.837,722.259,1032.41,10.7504,28.716,57.2375,101.546,103.434,153.486,217.338,282.412,422.417,578.262,794.457,1038.56,13.2087,27.3566,49.6759,79.7019,99.6488,119.792,281.734,407.62,398.851,740.096,882.084,1378.91,13.0179,24.0911,66.5465,56.8043,87.0593,146.947,178.953,327.437,407.463,773.857,808.723,1383.09,16.1838,19.4995,43.6432,67.767,100.341,133.56,165.544,312.282,413.1,499.137,897.136,1008.89,11.3781,16.4606,42.0566,56.3131,80.4097,112.097,142.099,331.165,365.538,596.543,590.803,1200.81,11.8876,13.1472,28.1636,57.3415,66.283,145.681,176.904,213.859,337.177,642.958,617.991,884.165,10.445,15.5043,28.611,47.557,61.1809,96.0521,123.14,194.397,217.331,382.062,657.222,764.387,6.27671,12.7672,21.9667,33.4235,75.1616,136.341,113.114,126.642,276.778,463.879,669.469,766.832,8.46393,13.0503,27.1288,28.6518,55.7396,112.064,133.136,149.921,241.628,327.04,383.419,823.392,4.73203,9.9937,15.6858,21.0838,48.8598,88.1675,90.6321,109.531,115.65,313.841,429.789,752.159,4.81398,8.1555,16.5292,22.9168,37.6365,51.266,62.7938,108.877,153.462,333.289,343.664,624.136,3.99501,7.36042,13.5186,27.6733,16.8548,90.2076,73.4081,101.748,178.883,370.718,379.739,629.41,3.24267,6.73095,12.4047,16.8148,10.7015,41.0737,52.64,73.1251,132.032,212.036,377.053,767.408,3.17892,4.69233,8.79424,23.5998,23.8326,27.7168,24.6266,88.7825,79.5017,123.251,208.25,637.463,3.56119,2.90179,6.51844,13.4295,11.8025,28.409,32.8208,47.1201,86.6568,87.1421,166.11,346.805,2.89047,3.31959,7.60697,9.61025,10.5925,18.0717,43.0028,40.5179,55.7398,123.909,91.566,399.778,3.30628,3.4071,6.51623,5.8083,12.3538,15.0183,23.2829,48.7837,54.9023,76.9099,154.072,168.228,2.46821,2.81113,4.85805,5.631,8.17661,10.4005,13.4519,18.5452,30.8012,57.9961,76.1523,188.43,2.12072,3.02854,4.95988,5.77314,6.70764,9.11444,11.7453,18.5199,20.4728,30.1169,57.8726,96.2967,1.98536,2.4621,3.44995,6.99675,8.62166,9.09358,10.127,21.3176,19.8155,37.996,44.3693,59.172,2.10739,2.15418,3.18258,4.97154,5.51987,9.08416,10.7048,14.8691,18.8218,22.2519,23.867,63.2942,1.88,2.1872,3.69179,3.59008,5.57464,7.55638,9.78686,13.9387,15.8042,21.6463,27.048,44.7972
8600,18.3266,25.4355,50.9785,112.033,87.7193,182.158,267.62,355.467,482.012,608.799,1111.21,1530.67,19.0097,27.2376,71.4896,78.0288,121.047,154.007,153.902,322.632,441.021,539.787,1041.3,1375.18,10.7824,27.1236,57.6631,82.7859,100.482,143.777,254.923,234.351,505.188,634.543,722.259,1032.41,11.43,28.835,57.2375,95.4561,103.434,143.166,184.656,282.412,422.417,546.647,832.042,1071.94,13.322,27.3566,48.2983,78.7762,84.929,118.08,277.063,401.423,398.851,740.096,854.346,1378.91,12.6959,24.0911,66.5465,56.8043,87.0593,146.956,182.102,331.465,368.013,773.857,796.362,1383.09,16.345,19.4995,43.9067,67.767,100.341,117.55,152.564,303.474,413.1,521.091,897.136,1008.89,11.5592,15.937,43.3171,55.9405,80.4303,119.555,137.931,301.893,304.419,596.543,610.235,1131.34,11.7103,15.155,27.7351,45.2845,66.3196,126.248,176.904,213.862,337.13,642.958,612.805,855.637,10.5681,15.2663,30.5059,49.0445,64.2799,91.2923,136.212,195.045,185.114,354.331,527.688,726.192,6.34703,12.7798,22.3556,31.5748,75.5951,142.044,101.484,154.942,277.901,463.042,669.643,737.982,9.08669,13.926,26.696,27.9012,45.8871,116.684,135.175,152.612,252.764,327.077,385.331,846.623,4.76051,10.6586,16.2043,22.2875,46.321,90.4469,91.0715,108.72,134.334,313.756,411.781,809.309,5.21517,8.63624,19.6269,19.6566,34.4486,48.8729,93.3259,138.139,163.946,333.406,400.083,570.427,3.95817,7.32679,13.2784,29.0123,30.1285,86.1762,71.5355,116.474,237.923,384.982,433.007,624.928,3.23,6.64436,10.9362,14.6197,15.9682,47.5247,54.7309,62.1618,98.8934,217.143,352.091,750.856,4.14699,4.46748,7.37139,19.896,23.5243,24.8697,25.1688,80.9371,81.1698,157.279,218.122,551.516,3.43152,2.78136,6.33451,12.717,11.8159,27.7214,26.8822,47.2145,83.0109,101.242,158.632,330.232,2.99262,3.24418,7.70778,8.43269,11.1748,17.1124,44.6896,38.9563,53.7449,104.501,89.3039,292.732,3.25899,3.29451,6.32758,5.59248,11.4974,15.186,23.5345,53.8053,52.9006,76.8435,150.463,167.868,2.52767,2.68027,4.71428,5.55037,8.24504,10.449,14.6223,18.2415,30.5908,58.5269,75.687,113.847,2.12466,3.20355,4.94987,6.56649,6.87576,9.33719,11.3443,18.6114,19.9956,27.9089,55.8321,88.4333,1.97658,2.45405,3.42063,6.91789,8.70393,9.01425,10.1179,20.5831,19.128,47.0422,43.7371,56.6727,2.039,2.15312,3.12127,4.79258,5.36488,8.66235,10.9908,14.6237,18.2577,21.6117,23.6836,56.3337,1.89577,2.11997,3.59411,3.62826,5.31171,7.38532,9.58077,13.6917,15.5123,20.105,26.7102,45.0478
8700,21.4981,23.9346,49.2354,101.369,87.7193,182.158,267.94,355.467,482.012,608.799,1161.73,1373.11,18.05,27.2376,71.4896,78.0288,114.5,154.007,165.028,322.528,367.297,528.055,1041.3,1421.21,10.7824,25.3616,57.6631,85.4154,99.8095,143.777,254.923,228.727,529.599,681.837,744.102,1032.41,11.43,28.716,57.2375,101.546,103.434,153.486,198.073,282.412,422.417,578.262,832.042,1038.56,13.2087,27.3566,49.6913,78.7762,102.39,129.237,281.734,382.76,398.851,580.379,863.691,1378.91,12.6959,18.509,66.5465,56.8043,87.0593,156.903,182.102,323.303,407.509,742.425,808.723,1383.09,16.1884,18.7158,43.9067,67.767,100.341,133.56,165.544,280.343,413.1,521.091,897.136,1008.89,11.0745,15.7802,42.1817,55.6542,80.3147,129.965,146.093,331.212,333.233,579.68,621.146,1212.74,12.0982,13.9043,30.4489,44.4818,68.1981,145.693,178.576,166.395,329.791,647.754,617.991,884.18,9.9574,15.5977,30.7824,48.938,66.3669,96.6646,135.493,193.873,217.713,379.202,657.299,746.815,5.95272,12.7349,26.5974,31.0226,75.9329,143.175,117.453,153.774,276.578,476.804,669.711,766.963,8.69629,13.9812,23.9793,27.5856,51.9905,112.457,118.054,152.197,253.795,333.251,383.381,847.11,4.69535,10.8916,16.0705,22.3921,45.7747,75.7589,91.2009,116.389,150.478,309.948,434.169,813.534,4.53233,7.736,19.7901,22.6743,33.6047,48.3523,92.9409,147.706,162.014,331.571,352.329,524.969,3.71651,7.41774,12.9373,23.0185,31.3098,91.8845,72.1751,102.077,243.43,369.035,436.394,625.853,3.28001,6.76707,11.603,19.8244,14.7697,46.5228,53.082,63.7094,99.663,243.951,347.976,764.569,4.23589,4.35203,8.38089,17.6635,20.193,23.2079,24.3949,70.5537,79.4279,159.706,219.026,642.25,3.33985,2.80035,6.07731,10.9757,11.1661,27.9042,30.4502,43.7847,78.5996,106.772,155.716,291.594,2.88697,3.24493,6.98096,7.03708,12.1256,16.6684,41.4072,49.5632,47.6612,132.177,99.4204,404.791,2.96867,3.23676,6.39369,5.57795,12.0689,15.0149,23.0407,55.6589,53.1054,89.2975,101.536,160.905,2.4829,3.27582,4.62773,5.5877,9.61135,10.2645,15.0461,18.2301,31.6685,59.0909,78.7769,104.106,2.20592,3.16582,5.01823,6.48839,7.04521,9.04761,11.3925,19.4961,20.1366,30.0801,55.2048,92.7929,1.95842,2.30448,3.37111,6.28807,7.92122,9.02183,9.74744,20.3943,18.5984,44.9253,44.1969,58.3388,1.89053,2.31705,3.11107,4.57623,5.25315,9.00463,10.3902,13.9974,17.5008,21.2091,23.6378,58.4266,1.86967,2.10624,3.48863,3.77332,5.15372,7.19609,9.47063,13.6817,15.2454,20.2024,26.4159,44.8099
8800,20.4714,23.6,50.1722,113.314,89.7045,182.158,267.62,355.467,461.433,608.799,1161.73,1530.67,18.9644,27.2376,71.4896,71.3069,121.047,154.007,158.947,322.528,441.021,539.787,1041.3,1421.21,9.13452,27.1236,63.5798,85.4154,104.931,175.216,254.923,226.915,529.599,681.837,812.667,1032.41,11.43,27.3326,56.7542,99.7306,103.434,153.486,198.073,282.412,452.234,578.262,755.284,1038.56,13.2087,27.3566,49.6913,78.7762,102.39,127.879,188.312,393.197,398.851,649.791,882.084,1378.91,13.4992,23.1559,66.5465,56.8043,88.9493,147,182.102,327.437,395.283,773.857,808.723,1383.09,15.983,19.4995,43.9067,67.767,100.341,133.56,165.544,312.282,362.46,521.091,897.136,1008.89,11.235,16.2615,42.4654,55.8747,80.0179,135.538,144.231,331.212,322.448,596.543,621.146,1105.05,11.913,15.1788,25.9387,44.9629,65.541,123.045,158.89,213.967,337.201,642.958,617.991,908.366,10.365,16.1892,31.0624,47.4586,68.3952,93.3342,127.78,193.676,217.559,380.801,627.22,764.26,6.00223,13.8191,26.0658,33.5061,75.327,141.939,115.27,154.535,235.856,394.935,669.606,770.582,8.57326,14.8627,27.8914,28.0647,47.7567,112.29,130.415,149.931,257.659,327.254,434.032,847.402,5.0987,9.40894,15.6598,23.1421,50.6933,76.1691,92.169,110.002,145.853,310.067,438.602,802.869,5.44714,8.74317,18.5862,22.9691,38.336,45.6359,116.135,136.575,146.469,333.627,349.155,447.009,3.80381,7.0751,11.637,21.2238,23.5912,80.0213,70.6891,100.755,242.815,309.126,428.386,586.764,3.00735,6.88684,11.1769,15.6629,16.1283,46.9359,52.7357,76.0601,97.6726,243.869,387.816,706.761,4.10234,4.33143,8.71107,15.4951,20.7433,25.9577,23.983,89.0244,81.9527,159.145,216.825,628.734,3.35083,2.7584,6.15257,10.8686,11.0741,27.8724,27.816,43.5684,82.5412,108.329,152.499,316.241,2.87223,3.20052,6.89313,11.1369,12.1993,16.0058,31.5484,39.2667,53.1655,112.612,92.8844,396.232,2.96417,3.1398,6.54469,5.54186,11.8397,14.857,22.968,50.156,50.5502,90.0702,134.866,175.062,2.3926,3.80732,4.59863,5.45074,10.0456,9.7874,14.9785,18.6029,30.6503,57.7724,62.2175,148.854,2.29471,3.08931,5.16024,6.06467,9.40231,9.17403,11.4154,18.7432,19.9189,29.4775,59.3706,87.5972,1.97925,2.32682,3.57575,6.0019,8.33672,9.25389,9.80592,19.1002,18.6377,43.7429,42.3243,59.0303,1.93856,2.9479,3.03948,4.47142,4.99378,9.59115,10.4889,14.5815,17.3411,20.749,23.4552,59.3154,1.92464,2.15986,3.41451,4.20732,5.15975,6.87552,9.20803,13.4745,15.1187,19.7296,26.8857,44.8754
8900,21.4981,23.1839,50.9785,116.75,87.7193,182.158,267.62,355.467,482.012,608.799,1161.73,1511.78,18.9644,27.2376,69.2954,78.0288,121.047,148.807,165.028,322.528,347.922,552.209,1041.3,1421.21,10.7824,24.0136,58.802,82.8561,106.093,143.777,254.923,216.474,529.599,656.099,782.378,1019.97,11.43,27.693,57.2375,101.546,103.434,137.75,198.073,282.412,422.417,560.096,832.042,1052.53,13.2087,27.3566,49.6913,75.6402,99.7925,127.879,256.806,379.924,398.851,740.096,882.084,1340.72,13.5121,24.0911,66.5665,55.3766,84.7776,146.956,182.102,327.437,377.773,732.186,808.723,1383.09,15.983,19.581,43.9067,64.5936,100.328,133.572,165.544,312.282,413.1,521.091,859.043,1008.89,10.8753,16.0677,42.4654,57.5161,80.4123,135.558,151.562,331.243,325.157,596.548,523.828,1238.71,12.8437,16.3209,28.1038,45.4348,68.2928,137.486,176.91,213.894,337.169,642.958,617.984,884.18,10.4283,15.1014,29.974,47.5786,70.0533,85.8487,137.865,198.454,219.359,358.049,491.485,767.147,6.01536,13.1674,26.2526,35.9989,75.9718,143.248,120.117,149.716,275.991,436.32,669.614,767.215,9.14357,15.0399,29.5949,26.2089,50.6242,111.408,132.683,148.803,252.632,324.404,383.253,763.464,5.48056,10.8053,14.7238,24.9576,48.5172,95.6999,92.9934,110.761,154.628,316.653,432.35,782.712,5.37646,8.56527,18.7245,22.8639,36.3164,52.816,87.6509,124.155,160.055,332.698,358.823,570.426,3.48231,6.69534,12.6285,21.5313,31.2363,67.2526,72.5209,103.606,249.449,380.605,431.129,633.13,3.0057,4.71874,10.8045,20.5044,16.1799,46.3064,57.2801,72.8934,93.5826,213.963,362.25,630.459,3.99345,4.14332,8.58889,16.8302,24.3152,25.8353,30.5574,84.9354,81.1476,160.188,209.949,560.839,3.15269,2.70008,6.18333,12.8167,11.6351,26.9806,26.8131,40.7693,82.5899,104.339,147.553,252.141,2.70374,3.32255,5.96479,11.7389,11.9144,15.5272,44.6275,38.9743,52.7218,130.769,93.3574,304.764,2.89053,3.11216,6.2304,5.57701,10.8034,14.5907,22.5057,50.6863,52.0415,91.5849,109.387,175.526,2.29812,4.13374,4.43384,5.41183,9.95159,9.70047,14.8159,18.1159,29.482,57.3938,48.3722,124.224,2.47213,2.95729,4.77099,5.68746,9.4437,8.67251,10.8935,18.5474,20.4794,29.0481,56.3963,89.83,2.00698,2.32024,4.12203,5.54445,9.36214,9.54218,9.99978,18.2304,19.4592,40.8724,42.4356,57.3551,1.92851,2.774,3.13141,4.60759,4.83762,9.73424,10.5395,13.4668,16.6729,20.2754,23.633,54.4164,1.87427,2.16324,3.28577,4.13201,4.99652,6.9894,9.18118,13.3833,14.929,19.5863,26.8565,46.2355
9000,18.9019,25.4355,47.1592,114.006,87.7193,179.644,267.62,355.467,482.012,608.799,1161.73,1530.67,18.9644,28.8173,71.4896,78.0288,121.047,147.442,156.606,319.675,441.021,539.787,917.01,1408.29,10.7824,27.1236,55.402,75.0147,92.2022,143.777,254.339,226.57,521.266,681.837,719.808,1032.41,11.43,27.9535,57.2375,101.546,103.434,153.486,197.326,251.852,395.723,553.387,832.042,1026.61,13.2087,27.3566,49.6913,74.5762,104.331,127.879,281.734,407.62,398.851,760.581,882.084,1378.91,13.5121,22.6649,66.5665,56.8043,87.0593,146.956,178.989,327.437,407.54,773.857,808.723,1373.11,16.02,19.2454,43.9136,60.736,99.2415,129.826,165.544,293.938,413.1,484.265,897.136,1008.89,10.7466,16.9015,40.145,49.0067,80.0337,128.342,152.202,287.45,357.555,576.559,621.146,1238.76,12.3171,16.2539,26.8386,45.6393,69.4896,145.743,176.91,213.871,337.264,655.405,617.977,884.202,10.2959,14.7539,28.2577,47.8371,67.7823,94.0651,139.436,191.258,220.161,379.562,641.568,755.061,5.93542,12.5421,26.7878,35.79,80.1145,140.483,124.706,150.691,277.986,437.833,669.661,767.305,9.56781,13.8593,28.0747,28.1829,51.2593,110.784,124.448,148.029,240.214,324.52,380.906,844.285,5.79982,9.91064,15.6444,23.0188,47.0675,96.5005,92.1948,111.603,153.216,312.541,438.836,803.228,5.30868,8.80097,17.7253,22.024,42.5209,54.8634,79.8774,134.69,135.051,331.965,358.85,574.213,3.56785,6.7312,12.2819,29.2117,31.036,87.3969,74.287,94.6593,241.91,383.477,426.814,629.817,3.0958,6.52782,11.0376,16.4631,15.536,34.579,56.0503,76.4105,176.627,234.123,321.2,778.07,5.01563,4.10948,8.57827,17.0867,24.8857,25.3191,31.1112,102.104,80.3565,157.558,184.042,623.769,3.07404,2.75727,6.3028,12.7524,11.5983,24.8423,26.3973,43.4834,85.4448,103.558,148.516,297.556,2.55005,3.25588,6.02308,10.0246,11.582,15.6685,46.4399,38.3791,53.8793,110.012,106.233,290.049,2.69661,3.13341,6.0735,5.66363,10.6367,14.8341,22.1627,44.5448,50.7038,92.0024,150.419,157.741,2.28556,3.55477,4.32845,5.64729,9.32376,9.66479,14.6524,18.2152,28.4545,56.1192,70.4981,108.837,2.34033,2.79387,4.54452,5.51417,8.82759,8.48211,10.5708,21.2323,20.3201,28.6663,59.3967,88.2226,2.05669,2.30378,3.93131,5.36002,9.2797,9.29919,11.014,17.7454,20.4168,41.5928,43.4821,59.5907,1.96041,2.44838,3.06663,5.85088,5.10352,10.2483,9.93375,13.52,16.3797,19.9921,23.2366,54.7369,1.81317,2.37861,3.20591,4.0386,4.94529,7.218,9.19469,13.6141,14.9503,19.6777,27.243,44.7192
9100,21.4981,24.2358,51.515,110.655,87.7193,182.158,267.62,355.616,482.012,590.747,1097.4,1530.67,18.9644,27.2376,71.4896,74.3019,106.354,154.007,165.028,282.823,331.937,518.54,1041.3,1354.19,10.7824,24.8933,57.6631,85.4154,104.931,138.834,219.101,228.727,541.899,681.837,722.259,1032.41,10.5303,28.716,57.2375,101.546,103.434,150.675,198.073,282.412,422.417,578.262,832.042,1038.56,12.6587,25.0983,49.6913,76.9526,102.39,127.879,281.931,436.616,398.851,740.096,801.32,1358.52,13.5121,24.0911,66.5665,48.542,69.6105,137.363,182.102,323.657,407.555,773.857,781.878,1353.52,15.8946,19.5887,42.7326,67.767,100.336,133.572,144.076,312.282,352.693,521.091,897.136,1008.89,10.8461,15.5564,42.4894,52.7803,80.8069,122.344,154.013,331.29,370.537,596.548,643.634,1238.78,12.4793,15.252,28.2116,44.7686,69.4629,145.666,174.628,213.951,321.488,655.405,617.963,884.202,10.7028,16.1727,28.1621,46.5206,67.4407,90.411,137.048,192.428,225.136,367.788,612.351,758.088,5.85065,11.6715,27.0722,32.8377,75.8905,141.855,121.167,148.909,276.137,441.821,659.684,770.977,9.06089,13.25,27.3223,29.0587,51.8414,67.474,134.549,141.81,238.081,324.571,383.203,844.58,5.61556,9.59619,15.1818,23.3163,46.8703,80.2228,94.851,123.654,155.658,287.209,434.813,803.582,6.04361,8.64465,17.5858,20.1192,41.8884,48.1732,94.2873,143.88,141.046,294.162,358.834,567.208,3.68413,6.47313,12.0553,29.9376,32.415,84.7158,73.1649,102.403,241.097,331.719,424.767,634.346,2.91781,6.6791,10.8004,17.837,16.945,46.5449,56.347,67.7905,100.244,243.841,390.121,671.322,4.73451,4.10468,8.95252,18.2295,23.4354,25.0262,21.8253,85.8606,82.6449,157.909,210.074,589.199,2.93501,2.83336,6.17248,12.6653,11.8176,22.9297,25.817,43.4303,82.0806,105.789,140.876,325.194,2.49314,3.19544,5.94172,8.84925,11.5828,15.3343,39.918,37.5292,53.7054,122.667,176.033,368.141,2.63422,3.3875,5.89321,5.76746,10.9808,13.8612,21.4338,51.8175,50.4522,91.7811,191.862,154.271,2.33502,3.60986,4.33873,5.19269,8.7944,9.50421,14.0408,19.4727,27.8622,54.5883,69.6996,108.986,2.31686,2.76946,4.39566,5.18822,8.5536,8.57409,11.1634,22.7806,20.4223,27.0916,56.8766,83.8763,1.97417,2.38755,4.31151,5.24776,9.55414,9.29759,10.9684,17.6021,19.0293,42.2804,42.4229,58.4562,2.0721,2.27333,3.1145,5.49339,5.94214,9.73567,9.67509,13.3573,16.2781,19.7731,23.5213,54.2895,1.77488,2.29865,3.16256,4.06668,5.07355,7.14822,9.39268,14.3527,15.1897,19.731,26.3193,44.9186
9200,21.4981,25.3338,50.9785,116.75,87.7193,182.158,267.62,355.467,482.012,608.799,1161.73,1530.67,18.9644,24.439,69.9735,74.6442,126.302,154.007,165.028,322.313,441.021,539.787,903.072,1421.21,10.7824,26.9167,57.6631,94.6242,104.931,143.777,254.923,228.727,529.599,664.665,722.259,1032.41,11.43,28.716,58.3952,101.546,103.434,153.486,198.073,282.412,392.322,578.262,832.042,1217.87,13.1811,27.3566,49.6913,66.5093,102.39,127.879,281.734,383.487,398.851,591.295,882.084,1378.91,13.5121,24.0911,58.4374,56.8197,85.6948,140.378,181.238,329.758,363.516,769.377,782.189,1383.09,16.0555,19.5887,42.1436,66.3337,100.336,133.572,182.899,312.282,413.1,501.887,897.136,1008.89,10.9071,15.4966,43.202,54.3808,77.8184,135.564,147.636,329.937,370.537,596.548,621.146,1223.08,12.6754,15.5532,27.6602,42.3134,68.3161,143.548,176.259,214.055,337.169,655.405,617.963,786.156,10.1512,14.5819,28.6929,50.6606,68.8213,88.6774,135.336,190.798,213.117,379.655,572.084,755.18,6.12754,13.2238,28.2101,36.0122,66.7965,142.081,117.812,148.615,276.91,437.82,659.81,771.171,8.71207,14.8052,28.3827,32.9088,51.8823,92.4994,108.018,125.187,234.556,327.825,383.181,709.001,5.29089,13.4331,16.0105,22.6051,43.5449,100.887,91.1034,109.463,171.235,305.588,441.309,797.357,5.94617,8.63173,17.401,22.3228,39.882,56.1028,96.8729,133.59,147.731,338.323,355.064,511.027,3.54154,6.71571,11.3578,28.2896,33.6106,89.1107,72.8473,97.9941,196.841,383.615,396.801,644.84,2.91221,6.25534,10.6027,18.2557,15.7909,45.9099,48.679,71.7247,119.041,196.88,382.592,774.543,4.40528,3.70597,9.14588,17.1006,23.6614,24.5672,23.8499,99.7073,82.4266,158.792,182.932,614.435,2.87206,3.13529,6.50395,12.859,11.6341,26.0827,26.4498,44.0588,74.0418,98.5815,137.202,332.109,2.49603,3.13719,5.55923,12.1796,11.5109,15.0362,46.4249,54.3602,53.1578,110.201,94.4676,275.776,2.54484,3.37063,5.88035,5.97314,10.7926,15.186,22.4005,52.2321,48.5314,95.6268,145.897,160.101,2.29189,3.21567,4.21495,5.17807,8.38369,9.60485,14.6436,21.9115,27.3947,54.5972,67.4836,126.81,2.18378,2.60036,4.3301,4.90134,9.22962,8.30488,10.9325,24.8857,20.0116,26.8943,56.6968,85.3009,1.93758,2.8618,4.46472,5.33862,8.8306,11.9239,11.1995,17.3516,19.1691,40.2373,43.4282,56.9048,2.02998,2.1679,3.54112,5.2816,5.73099,9.69202,9.93762,13.5712,15.8319,19.5925,23.1759,52.846,1.84389,2.25149,3.38436,4.32175,5.11248,7.74339,9.22399,14.9984,15.8296,19.9889,26.6891,45.2716
9300,19.9358,25.4355,50.9785,116.75,83.1493,182.158,267.62,329.966,482.012,608.799,1202.28,1530.67,18.9644,22.3909,71.4896,78.0288,95.6559,154.007,162.875,322.528,338.291,476.53,1041.3,1369.2,10.7824,27.1236,57.6631,76.4103,104.931,143.777,239.926,228.727,529.599,681.837,722.259,1032.41,11.6816,28.6026,54.6522,101.546,103.434,153.486,198.073,282.412,422.417,578.262,832.042,1038.56,13.2087,26.1284,49.6913,80.1587,97.2464,127.879,281.734,407.62,398.851,740.096,882.084,1378.91,13.4585,24.0911,65.2088,52.0685,87.0593,146.956,177.847,327.437,407.663,773.857,808.723,1293.67,15.9078,17.7272,44.3326,67.767,100.336,127.416,178.879,312.282,413.1,521.091,897.136,1008.89,11.2831,16.0049,42.406,56.2977,80.8165,135.564,152.266,325.895,370.552,596.553,621.146,1238.83,12.9377,15.1731,29.0679,45.3087,69.5663,127.684,176.275,214.164,337.24,655.405,617.977,884.202,10.4741,13.4228,28.0543,50.4889,69.2482,92.9244,135.45,192.322,210.547,381.164,641.826,724.331,5.96701,12.9972,27.8182,36.7996,72.717,138.427,106.874,121.196,271.405,441.776,659.842,771.109,9.8871,14.5146,25.8857,27.0767,53.4282,98.9477,137.91,153.339,243.356,322.366,462.831,845.118,4.55982,16.3792,15.6778,23.7148,47.5016,77.466,85.0073,109.368,155.893,313.205,452.686,743.71,5.05531,8.18053,16.5065,21.8916,37.4681,53.6075,74.3371,113.094,144.078,332.111,353.689,545.122,3.36392,6.50453,11.6224,28.603,32.3392,89.9764,74.3074,90.0318,248.358,328.324,425.647,638.74,2.93781,4.66348,10.8326,18.127,16.6586,44.8438,60.6224,71.5921,102.061,235.901,405.311,775.38,4.4827,3.67569,9.03894,16.7955,18.8591,23.4004,27.2553,71.8171,82.7906,135.527,201.691,604.721,2.8968,2.87524,6.94093,13.7732,12.3667,25.8879,24.9655,48.1064,80.2588,168.437,135.245,357.854,2.45704,3.14945,5.43282,12.0331,11.0939,14.2285,32.8565,38.1807,51.4685,110.706,107.398,229.499,2.40758,3.46928,5.74103,5.72775,10.444,12.9815,22.1853,48.6213,47.9025,94.5044,138.02,151.617,2.25884,3.23264,4.18834,4.98015,8.34621,9.65829,14.0798,25.338,26.4302,57.4266,62.6716,152.342,2.0681,2.78266,4.24898,4.87234,9.26327,8.10347,12.8505,24.147,19.5182,26.7605,56.4107,77.9467,1.84901,2.81539,4.71713,5.69582,8.77599,12.7102,13.3245,17.0923,18.4894,38.0344,41.8991,53.4788,2.09972,2.08485,3.49391,5.26169,5.52644,9.15644,9.29211,13.366,15.8994,19.436,23.3799,52.7424,1.89937,2.12991,3.40794,4.10694,5.13839,7.6335,9.04382,14.6658,16.6204,19.2341,26.2271,44.3447
9400,21.4981,25.4355,50.9785,116.75,82.5208,182.158,267.62,355.198,497.395,593.849,1161.73,1530.67,18.9644,27.6205,69.3281,78.0288,123.463,154.007,165.028,322.528,355.924,526.757,1041.3,1421.21,11.4608,27.1236,57.6631,84.5424,109.355,144.102,254.923,252.829,529.599,681.837,722.259,1032.41,10.7504,28.6026,57.2375,101.546,103.434,153.486,217.338,282.412,422.417,578.262,794.457,1038.56,13.2087,27.3566,49.6913,79.7019,99.6488,119.792,281.734,407.62,398.851,740.096,882.084,1378.91,13.4585,24.0911,66.5665,56.8197,87.0593,146.956,178.96,327.437,407.801,773.857,808.723,1383.09,16.3065,19.5887,44.3326,67.767,100.336,133.572,165.544,312.282,413.1,499.145,897.136,1008.9,11.3223,16.9005,41.9899,57.8512,81.2675,112.131,142.276,331.348,370.566,596.553,590.825,1201.05,12.7556,15.6427,31.0724,59.6704,69.5452,143.522,176.275,214.013,337.436,655.385,617.977,884.202,11.0435,15.6218,29.2052,50.1859,63.3107,92.4483,120.523,191.932,218.138,379.732,641.828,750.019,5.97511,13.0464,23.1123,36.516,74.0865,130.19,113.659,127.788,275.471,441.777,648.664,763.519,9.76209,13.451,30.0895,26.9394,52.4532,107.311,132.185,150.617,238.853,325.113,380.579,823.06,5.1908,15.6933,15.0259,24.2674,49.1666,85.6976,95.0047,111.467,134.089,302.277,452.738,727.811,5.72812,8.58074,15.6439,22.9041,38.5887,52.9241,62.1729,111.78,135.118,332.067,345.105,654.86,3.13656,6.4684,11.6653,19.2706,16.6622,89.3817,68.1517,101.26,187.01,392.819,374.441,608.542,2.87723,5.6374,10.5578,16.2215,17.2812,44.0358,55.2433,70.5189,137.457,234.202,406.823,769.813,4.31406,3.57237,9.4744,16.699,19.7112,23.474,21.8237,99.4171,83.3594,119.726,192.912,568.852,2.67664,2.78122,7.35592,13.276,10.9477,25.0428,24.5133,43.0934,84.1749,107.148,152.961,356.848,2.43325,3.10334,5.28489,10.0482,10.199,14.5235,44.9348,37.1612,50.4475,131.621,94.165,381.662,2.9214,3.54413,5.57233,5.57849,10.5466,12.5599,21.4869,49.0036,47.1322,94.9396,156.322,172.815,2.21656,3.14944,4.08029,5.01479,7.93261,9.61706,13.756,23.8833,26.4441,59.6961,62.0402,165.284,2.03469,2.82422,4.08792,4.80648,9.71521,8.16223,12.6501,23.3597,19.5954,26.756,54.339,80.283,1.97853,3.00996,4.33335,6.25809,8.59001,11.3975,13.0085,16.5323,17.8894,38.3047,42.1861,54.2577,2.14143,2.09056,4.01718,4.99071,5.44618,9.07031,9.44707,13.3393,15.394,19.2276,22.8667,54.3109,1.8724,2.11764,3.60794,4.02349,5.00657,7.29822,9.25385,14.1104,15.9526,19.2289,25.3825,44.4807
9500,18.3266,25.4355,50.9785,112.033,87.7193,182.158,267.62,355.467,482.012,608.799,1111.21,1530.67,19.0097,27.2376,71.4896,78.0288,121.047,154.007,153.902,322.632,441.021,539.787,1041.3,1375.18,10.7824,27.1236,57.6631,82.7859,100.482,143.777,254.923,234.351,505.188,634.543,722.259,1032.41,11.43,28.7449,57.2375,95.4561,103.434,143.166,184.656,282.412,422.417,546.647,832.042,1071.94,13.322,27.3566,48.2983,78.7762,84.929,118.08,277.063,401.423,398.851,740.096,854.346,1378.91,13.4718,24.0911,66.5665,56.8197,87.0593,146.956,182.109,331.465,363.704,773.857,796.362,1383.09,16.1575,19.5971,44.3326,67.767,100.336,117.579,152.564,303.489,413.1,521.091,897.136,1008.9,11.2756,16.0354,43.1503,57.8566,82.3143,119.851,137.956,302.604,309.399,596.553,610.235,1131.63,12.9615,15.4103,28.8507,47.1309,70.4578,126.41,178.561,210.78,337.198,642.978,614.872,855.679,10.2038,15.2398,29.1488,52.749,66.2984,90.5765,137.885,199.168,187.949,355.063,525.365,722.347,6.02164,12.9866,27.1779,36.3471,61.9094,142.006,121.476,149.058,275.663,411.902,648.634,733.941,9.86797,13.17,28.112,26.1195,45.2667,105.227,142.568,147.049,243.275,317.503,376.299,845.605,5.03662,13.9593,15.6294,24.3301,47.4622,96.6334,95.74,111.223,184.048,307.688,427.936,803.116,5.72861,7.30158,16.0319,21.193,38.9595,38.2837,97.0187,164.186,139.602,327.63,398.626,559.196,3.03444,6.3585,10.8062,32.0102,31.0501,89.5194,66.8538,114.613,246.475,386.404,429.112,582.854,2.88056,5.52479,10.0494,22.1907,16.8677,43.9103,57.9798,71.5572,104.329,211.32,402.828,757.436,4.13995,3.44306,10.8585,16.3907,19.5586,20.3005,22.496,65.0351,85.3323,158.248,201.058,531.597,2.68037,2.77889,7.81481,13.561,12.6006,24.5747,24.1277,46.7906,81.7983,114.224,147.328,363.486,2.55788,3.0571,5.15559,8.36546,10.605,14.1958,44.7177,46.3115,47.6138,100.221,94.7121,279.319,2.88249,3.46098,5.58895,5.48065,10.1753,13.1973,21.6525,48.908,47.4838,87.9779,177.125,147.812,2.28736,3.16525,4.35534,4.93853,7.76425,10.1462,13.4261,23.6644,28.6822,57.8539,58.0194,152.859,2.43358,3.82366,4.13979,4.51051,9.48247,9.47457,9.72265,22.7994,19.1146,25.8358,55.1889,77.1646,1.82368,2.72684,4.03997,6.24794,8.12489,9.81197,12.3691,16.7511,17.363,37.5762,41.2991,55.5057,2.00526,2.86693,4.04788,4.8033,5.87828,9.53015,9.66423,12.8226,15.5745,19.0043,23.0478,51.9213,1.82774,2.04496,3.77867,4.22096,4.90425,7.25599,9.33788,13.9404,16.655,19.1296,25.9852,45.1827
9600,21.4981,23.9346,49.2354,101.369,87.7193,182.158,267.94,355.467,482.012,608.799,1161.73,1373.11,18.05,27.2376,71.4896,78.0288,114.5,154.007,165.028,322.528,367.297,528.055,1041.3,1421.21,10.7824,25.3616,57.6631,85.4154,99.8095,143.777,254.923,228.727,529.599,681.837,744.102,1032.41,11.43,28.6026,57.2375,101.546,103.434,153.486,198.073,282.412,422.417,578.262,832.042,1038.56,13.2087,27.3566,49.6913,78.7762,102.39,129.237,281.734,382.76,398.851,580.379,863.691,1378.91,13.4013,18.5144,66.5665,56.8197,87.0593,156.903,182.109,323.303,403.255,742.425,808.723,1383.09,16.1666,19.5971,44.3326,67.767,100.336,133.572,165.544,280.415,413.1,521.091,897.136,1008.9,11.2377,16.9477,43.3367,55.2165,81.4763,130.021,145.917,331.363,333.319,579.7,621.146,1212.98,12.5121,15.0774,30.9198,44.1311,70.4363,142.028,178.561,169.299,327.507,655.32,617.977,884.202,9.90021,16.1938,28.8108,51.7184,66.6444,93.1824,136.238,197.312,219.135,378.243,641.926,747.228,5.7667,12.9352,27.3304,35.6685,59.7039,143.225,125.285,148.557,275.709,440.582,648.696,760.005,8.68028,15.0855,24.4622,27.4264,51.7041,110.392,129.323,142.733,240.907,326.825,376.279,845.976,4.35094,15.1017,15.6369,23.9142,45.4553,94.9261,95.4356,118.19,183.469,304.27,448.582,803.18,6.03284,8.61933,16.1851,22.202,36.9806,55.0055,96.6296,156.575,139.567,326.11,350.418,544.798,4.01795,6.49035,10.9385,28.1296,32.1254,81.5299,66.816,104.127,242.347,400.142,429.366,599.027,2.93442,5.94251,10.2252,21.6072,16.723,43.7562,57.9489,62.387,103.413,226.536,414.964,785.203,4.1279,3.92491,10.2938,16.1985,21.4238,19.4642,21.4637,95.6927,86.1369,143.807,201.986,613.056,2.49421,2.79881,8.17795,11.3303,12.6829,22.6099,23.939,42.2129,77.3142,122.28,149.531,305.044,3.12689,3.22326,5.22052,8.2522,10.4817,13.8561,40.7726,36.372,44.9046,110.168,102.472,362.877,2.7658,3.36491,5.51455,5.30102,10.1604,14.127,21.209,54.8461,46.0048,91.3058,190.779,163.062,2.29062,3.03563,4.87373,5.91058,7.65773,9.7761,13.119,23.8202,29.9945,59.4564,64.895,148.988,2.12609,3.41797,4.20301,4.46303,8.98138,8.93417,9.74191,22.6626,18.975,27.3886,55.016,80.1939,1.79371,2.66258,3.93739,7.52246,7.93569,10.0794,12.4663,16.768,17.2696,35.9705,40.8059,58.3975,2.03856,2.62813,3.88721,4.6865,6.77554,10.1959,10.2214,12.7164,15.0574,18.8962,22.8483,56.2223,1.96059,2.18038,3.62391,4.06686,4.85832,7.19901,9.66534,13.7219,16.7315,19.933,25.4434,45.1049
9700,20.4714,23.6,50.1722,113.314,89.7045,182.158,267.62,355.467,461.433,608.799,1161.73,1530.67,18.9644,27.2376,71.4896,71.3069,121.047,154.007,158.947,322.528,441.021,539.787,1041.3,1421.21,9.13452,27.1236,63.5798,85.4154,104.931,175.216,254.923,226.915,529.599,681.837,812.667,1032.41,11.43,27.2192,56.7542,99.7306,103.434,153.486,198.073,282.412,452.234,578.262,755.284,1038.56,13.2087,27.3566,49.6913,78.7762,102.39,127.879,188.312,393.197,398.851,649.791,882.084,1378.91,13.3965,23.3295,66.5665,56.8197,88.9493,147,182.109,327.437,391.014,773.857,808.723,1383.09,16.182,19.5971,44.3326,68.0676,100.336,133.572,165.544,312.298,362.46,521.091,897.136,1008.9,11.4378,17.112,43.3367,56.7882,81.3653,135.57,144.258,331.405,322.479,596.56,621.146,1105.07,12.6777,15.2636,25.1069,47.4889,66.788,123.266,160.542,210.863,337.245,655.489,617.977,908.38,10.2051,15.9564,29.1216,51.5872,68.0413,93.4296,129.245,195.358,219.126,375.57,641.953,747.081,5.39941,12.6284,28.2452,33.3899,61.5098,146.885,119.882,148.629,235.607,405.461,648.617,759.717,9.53397,14.4607,29.1249,30.6285,46.7083,111.843,143.055,148.405,241.808,323.179,426.045,846.243,4.17181,14.5752,15.0495,26.8399,49.5442,82.5042,94.8785,113.238,176.379,300.886,446.204,799.413,5.59031,7.29452,16.2104,21.5299,35.3863,53.6408,97.2965,158.503,127.374,320.979,338.833,465.315,3.40334,6.31221,10.7062,32.2968,25.5937,87.9432,65.4049,101.802,250.439,323.506,427.284,594.605,2.95842,5.78457,9.44933,22.8841,16.5803,43.2673,55.6724,63.7734,99.796,239.428,414.076,736.787,3.95901,3.87604,10.4735,12.5207,20.4281,22.1217,21.2302,109.425,87.0349,157.413,204.031,615.311,2.45715,2.82134,8.08889,13.1135,12.3131,22.6655,23.2448,41.5591,79.4809,152.509,152.268,366.375,3.05115,3.61404,5.13051,10.9004,10.7432,13.53,33.0272,37.0017,49.3942,122.687,95.4077,398.254,2.69954,3.31649,5.57196,5.13951,9.95405,14.5707,20.5215,51.4269,44.2491,88.387,161.918,188.719,2.47975,2.88273,5.20431,6.18248,7.32463,9.83116,13.4467,23.5799,30.521,61.5266,53.6871,230.312,2.08897,3.29598,4.09527,4.53008,8.39773,9.04326,11.5505,21.8486,18.1588,26.5709,52.1681,78.3011,1.80995,2.63558,3.7834,6.23476,7.79384,9.86093,11.8204,15.8971,17.5483,36.7185,40.0867,55.4759,2.06766,2.44747,3.792,4.97115,6.41427,9.80316,9.71409,12.6705,16.1748,18.8019,23.3807,53.5776,1.83226,2.25751,3.52156,4.00199,4.94089,7.20597,9.43531,13.669,16.2044,20.642,25.3815,45.1786
9800,21.4981,23.1839,50.9785,116.75,87.7193,182.158,267.62,355.467,482.012,608.799,1161.73,1511.78,18.9644,27.2376,69.2954,78.0288,121.047,148.807,165.028,322.528,347.922,552.209,1041.3,1421.21,10.7824,24.0136,58.802,82.8561,106.093,143.777,254.923,216.474,529.599,656.099,782.378,1019.97,11.43,27.7407,57.2375,101.546,103.434,137.75,198.073,282.412,422.417,560.096,832.042,1052.53,13.2087,27.0679,49.6913,75.6402,99.7925,127.879,256.806,379.924,398.851,740.096,882.084,1340.72,12.9524,24.0911,66.5665,55.5585,84.7776,146.956,182.109,327.437,373.489,732.199,808.723,1383.09,16.1907,19.5971,44.3326,64.8943,100.336,133.572,165.55,312.307,413.1,521.091,859.054,1008.9,11.0478,17.0111,43.3367,56.8049,81.8537,135.57,151.699,331.422,327.252,596.565,523.832,1238.94,12.2059,15.9667,29.2082,48.5941,68.1999,134.396,176.911,210.822,337.174,655.51,617.971,884.216,10.5522,16.6693,28.9841,50.6319,67.071,88.0843,139.99,195.153,216.587,354.722,486.417,747.207,5.79033,12.5575,27.2872,37.0765,62.2531,137.047,116.879,144.208,270.299,439.394,638.683,759.76,9.67881,15.7191,29.2257,31.3472,42.6564,120.596,136.235,149.189,235.624,318.075,372.434,765.303,4.17453,14.5834,14.6713,26.8961,50.3187,101.703,94.9766,111.964,182.856,316.099,446.406,645.553,5.59427,7.88473,15.7873,22.2502,35.2207,53.6073,96.2513,152.173,140.037,328.589,343.464,584.07,3.91937,6.09886,10.1407,25.6753,29.632,66.5813,64.4022,107.325,242.748,421.112,429.976,593.447,3.08888,4.72772,9.39097,25.0047,17.9969,42.5757,55.4639,71.7368,96.1645,244.829,389.845,654.476,3.75883,3.64248,9.87792,15.5595,21.2233,22.4904,35.9656,113.82,89.5449,163.803,197.489,570.028,2.54018,3.09703,9.30702,13.2537,12.0436,23.3083,22.9619,37.9397,77.7937,146.964,145.102,353.796,3.4318,4.10061,5.21354,10.6693,10.6404,13.3015,43.4641,36.0087,47.6515,121.206,96.2612,377.058,2.5663,3.241,5.60795,5.04934,10.0192,15.0281,22.2869,54.6565,45.0771,87.4776,121.99,200.147,2.42207,2.71487,6.79965,6.52924,7.16262,10.2761,13.4429,23.0443,30.3578,61.416,73.2517,190.918,2.12946,3.18145,3.95158,5.54165,8.23429,9.43286,11.4782,21.6352,18.2043,27.8019,53.2466,82.238,1.91896,2.59411,3.6595,6.76191,7.66973,9.50663,11.3852,15.4423,17.533,35.5718,39.5337,56.5982,2.01057,2.33962,3.52305,5.1851,6.25236,9.28024,9.65549,13.167,17.1506,18.7191,22.8881,51.1069,1.82112,2.15951,3.38302,3.91732,4.85165,6.85712,9.30984,13.731,16.1525,19.8271,25.587,45.0883
9900,18.9019,25.4355,47.1592,114.006,87.7193,179.644,267.62,355.467,482.012,608.799,1161.73,1530.67,18.9644,28.8173,71.4896,78.0288,121.047,147.442,156.606,319.675,441.021,539.787,917.01,1408.29,10.7824,27.1236,55.402,75.0147,92.2022,143.777,254.339,226.57,521.266,681.837,719.808,1032.41,11.43,27.8501,57.2375,101.546,103.434,153.486,197.326,251.852,395.723,553.387,832.042,1026.61,13.0587,27.0887,49.6913,74.5762,104.331,127.879,281.734,407.62,398.851,760.581,882.084,1378.91,13.0146,22.6553,66.5665,56.9996,87.0593,146.956,179.003,327.437,403.255,773.857,808.723,1373.11,16.1907,19.5971,44.3326,61.0367,99.2381,129.826,165.55,293.968,413.1,484.27,897.136,1008.9,11.0996,17.216,40.2789,48.6229,81.8706,127.772,152.368,287.632,361.741,576.585,621.146,1238.97,12.373,15.5396,29.524,47.0496,67.7451,145.589,176.911,210.815,337.245,655.489,617.971,884.216,11.1655,16.0477,29.3167,50.6105,70.389,92.0167,134.758,193.53,216.384,378.555,640.891,747.226,5.60583,12.2301,28.1336,37.6103,61.7774,146.384,115.776,145.28,269.3,431.846,648.82,760.039,10.1109,15.3787,28.2006,34.2029,45.1999,107.069,132.602,148.159,232.726,323.478,374.255,850.171,4.15899,14.1889,15.0628,27.5387,47.082,101.241,95.7245,127.977,177.478,312.545,451.769,807.578,6.36423,7.74798,16.1684,17.2797,38.9578,56.4119,82.8751,158.297,137.086,318.319,348.567,586.303,4.53941,5.91721,10.0959,35.3857,29.8964,91.6901,64.6933,96.5663,248.053,415.592,431.365,600.218,3.05749,5.42925,9.53373,16.1394,17.2669,37.3527,57.8176,74.7839,172.441,215.078,379.952,770.627,3.4175,4.45695,9.37625,16.1059,20.869,21.7731,25.622,112.262,80.0899,159.607,176.06,635.157,2.52441,3.56876,9.11727,12.817,12.0656,22.4278,22.6443,37.7812,82.1726,163.78,129.345,314.962,3.32669,4.2392,5.19831,9.19458,10.3344,13.0998,43.4546,34.4744,46.2734,97.4812,108.37,318.114,2.67585,3.16587,5.55661,5.61216,11.3082,15.3989,24.5979,47.6494,43.9233,86.7226,180.853,188.074,2.36824,2.65269,7.00576,7.46393,6.9867,13.6382,13.2525,23.0894,25.5904,61.4375,58.8376,169.231,2.05508,3.39063,4.17133,5.40369,7.93578,9.39044,11.0226,21.2314,17.9371,28.1605,52.6048,77.0421,1.90761,2.54661,3.83228,6.53699,7.8137,9.16345,11.4069,15.7593,17.3676,35.0669,40.0154,56.8486,2.11341,2.25769,3.64379,5.45339,6.63591,9.06792,9.68351,13.1969,18.6065,18.3932,22.5617,54.9218,2.0012,2.16217,3.3068,3.76895,4.7389,7.16371,9.11767,13.5721,15.6699,19.9922,26.5176,44.8679
10000,21.4981,24.2358,51.515,110.655,87.7193,182.158,267.62,355.616,482.012,590.747,1097.4,1530.67,18.9644,27.2376,71.4896,74.3019,106.354,154.007,165.028,282.823,331.937,518.54,1041.3,1354.19,10.7824,24.8933,57.6631,85.4154,104.931,138.834,219.101,228.727,541.899,681.837,722.259,1032.41,10.5303,28.6026,57.2375,101.546,103.434,150.675,198.073,282.412,422.417,578.262,832.042,1038.56,12.6651,24.8304,49.6913,76.9526,102.39,127.879,281.931,436.616,398.851,740.096,801.32,1358.52,13.0146,24.0815,66.5665,48.7219,69.6105,137.363,182.109,323.657,403.255,773.857,781.878,1353.52,16.5103,19.6114,43.0049,69.2941,100.336,133.56,144.076,312.307,352.687,521.075,897.136,1008.9,10.7438,15.9066,43.0739,53.6925,81.8537,121.814,154.158,331.495,374.734,596.565,693.049,1239.01,13.3049,15.3266,28.396,48.9316,67.7473,145.601,178.575,210.796,321.722,655.51,617.971,884.216,10.3202,14.7191,29.5508,47.7331,68.5496,93.3219,134.718,194.75,218.202,366.067,608.498,747.281,5.29077,11.6165,26.2328,31.2307,60.5896,147.096,123.535,145.938,271.219,431.876,648.921,760.064,9.58408,13.6725,29.8553,33.9496,44.4853,81.7009,135.037,151.219,246.234,326.94,368.888,850.25,4.04914,13.7047,14.8183,25.953,47.124,82.2879,98.1703,123.016,176.575,293.302,447.778,803.321,6.001,7.1545,16.548,21.4757,27.309,49.7049,97.2753,147.591,128.586,288.679,354.531,563.698,5.09594,5.98926,9.6665,33.992,29.903,89.3192,63.6987,102.908,243.558,352.095,436.035,595.453,3.00481,5.35541,9.5843,22.6922,16.4145,44.0258,43.3477,76.6695,153.96,232.603,388.257,641.005,3.3879,4.54583,9.17326,16.7838,20.1178,20.6854,20.9427,108.337,90.3404,156.716,199.898,615.752,2.57138,3.39944,8.60152,12.0696,12.8019,21.0012,22.1047,43.6301,77.0036,145.883,141.504,343.339,3.53061,4.08106,5.13957,8.14973,10.0939,13.0686,38.2715,34.2611,44.5176,124.347,150.001,291.193,2.57226,3.16907,6.10177,6.37363,11.3771,15.5541,20.395,52.4904,43.4459,83.7501,178.476,165.613,2.54247,3.62734,6.2532,6.95211,6.91688,14.3375,13.4946,21.8315,28.1207,62.7288,57.9452,135.053,1.98536,3.16386,4.30623,4.77222,7.77031,9.47217,11.7161,20.8973,17.9163,26.831,54.0528,78.1626,1.97476,2.53816,4.07846,6.1609,7.8311,9.23842,10.9472,15.5806,17.1838,34.9802,41.8396,56.4261,2.08118,2.20025,3.84838,5.35422,7.08751,8.81602,9.41647,12.4016,17.8875,18.6039,22.9894,50.5754,1.98382,2.09539,3.21922,4.01115,4.97573,8.44555,8.77439,13.3197,15.6749,20.167,25.5521,44.4286
10100,21.4981,25.3338,50.9785,116.75,87.7193,182.158,267.62,355.467,482.012,608.799,1161.73,1530.67,18.9644,24.439,69.9735,74.6442,126.302,154.007,165.028,322.313,441.021,539.787,903.072,1421.21,10.7824,26.9167,57.6631,94.6242,104.931,143.777,254.923,228.727,529.599,664.665,722.259,1032.41,11.43,28.6026,58.3952,101.546,103.434,153.486,198.073,282.412,392.322,578.262,832.042,1217.87,13.1936,25.1438,49.6913,66.5093,102.39,127.879,281.734,383.487,398.851,591.295,882.084,1378.91,13.0146,24.0815,58.4374,56.9996,85.6948,140.378,181.246,329.758,363.516,769.377,782.189,1383.09,16.5199,19.4407,42.5706,67.5601,100.336,133.56,182.905,312.307,413.1,501.875,897.136,1008.9,11.1436,16.7583,42.8198,55.4987,78.9606,135.027,147.764,330.082,374.759,596.565,621.146,1223.33,12.4345,15.8067,28.463,45.8097,67.7807,145.64,178.598,210.796,337.316,655.51,617.977,786.206,10.4599,14.5569,30.1587,49.9728,69.6742,90.4315,134.534,194.127,215.059,378.7,568.256,747.548,5.65677,12.441,27.9055,35.5347,63.3837,146.024,122.246,147.074,275.687,420.846,638.746,752.908,9.54194,14.4271,29.5704,33.9635,44.4438,103.694,108.747,128.784,235.771,332.796,378.356,713.114,4.05122,11.8303,15.889,25.8446,47.1294,105.526,94.639,109.519,186.014,305.508,447.204,777.169,6.10243,7.17369,16.1157,21.9707,26.7896,56.4308,94.1087,152.201,141.599,329.414,355.832,511.101,4.8079,6.23186,9.17963,31.1009,30.0441,81.0462,65.7927,97.8894,186.113,413.652,403.412,593.545,3.01758,5.18976,9.56558,21.585,14.9234,43.5897,47.1863,69.1476,174.963,188.064,390.339,766.405,3.45061,4.40349,8.73825,14.6992,20.0278,20.6357,20.6909,97.1883,90.848,158.043,172.087,630.922,2.50877,3.25731,7.86725,12.043,10.2724,23.749,22.1496,40.9816,73.1923,142.654,141.119,339.401,3.03448,3.83577,4.99644,10.3894,10.1882,12.8408,45.7501,39.8324,45.6662,111.564,111.636,300.433,2.99648,3.20584,6.41572,7.05734,10.9193,15.3563,19.9382,52.9517,41.7836,88.6931,175.339,170.614,2.42398,3.73856,5.77639,6.26859,8.01859,14.0419,13.0614,21.5336,29.1812,54.3477,52.4373,138.497,2.00356,3.02349,4.26836,5.17322,7.61077,9.22816,11.2431,21.1272,17.3462,26.3553,54.0247,79.7676,2.02211,2.5019,4.5468,5.81796,8.29291,9.39182,10.5659,16.4205,16.7616,33.8375,40.4055,54.5848,2.06094,2.63449,3.88059,5.1211,6.82886,8.80226,9.28537,12.8226,17.2861,18.2928,22.349,51.1919,1.90838,2.33329,3.18609,4.28505,5.04654,8.36335,8.89997,13.3912,15.55,19.7309,27.525,44.5342
10200,19.9358,25.4355,50.9785,116.75,83.1493,182.158,267.62,329.966,482.012,608.799,1202.28,1530.67,18.9644,22.3909,71.4896,78.0288,95.6559,154.007,162.875,322.528,338.291,476.53,1041.3,1369.2,10.7824,27.1236,57.6631,76.4103,104.931,143.777,239.926,228.727,529.599,681.837,722.259,1032.41,11.6816,28.6026,54.6522,101.546,103.434,153.486,198.073,282.412,422.417,578.262,832.042,1038.56,13.2212,25.976,49.6913,80.1587,97.2464,127.879,281.734,407.62,398.851,740.096,882.084,1378.91,13.0146,24.0815,65.2088,52.2658,87.0593,146.956,177.847,327.437,385.189,773.857,808.723,1293.67,15.7581,17.9485,44.3406,69.2941,100.35,127.424,178.879,312.307,413.1,521.075,897.136,1008.9,10.7032,17.684,42.2473,57.1508,81.8413,135.027,152.426,326.088,374.758,596.582,621.146,1239.07,13.1151,15.1467,29.4503,49.3124,68.8732,127.908,178.601,210.815,337.411,655.51,617.977,884.274,10.5729,13.617,29.4653,51.5453,70.6479,92.9287,134.95,196.445,213.398,378.78,636.34,725.411,6.04148,12.458,27.248,36.4234,61.5553,141.405,119.141,127.315,275.676,431.836,638.797,752.965,9.75321,15.4596,29.1412,36.8143,46.0857,103.936,134.233,150.123,239.938,333.072,458.931,847.152,4.34105,14.2337,15.9893,26.0069,42.869,81.1343,85.3681,111.618,170.903,315.23,438.923,740.402,6.16435,7.498,15.6463,22.6985,37.1128,55.4036,73.3351,133.213,143.192,313.47,379.408,551.544,4.72312,6.11231,9.71207,30.3067,28.4968,89.5061,66.3555,87.946,245.132,354.052,438.901,596.223,3.06665,5.17222,9.34048,15.9297,16.2487,45.8306,63.608,81.382,175.094,236.3,422.719,754.187,3.34216,4.26721,8.69846,14.9169,19.9973,20.1415,21.6795,72.9598,88.6463,159.917,194.533,554.335,2.65896,3.01564,8.12032,11.9324,12.0282,22.0869,21.0225,43.4021,71.9587,140.23,135.661,331.708,3.08289,3.8935,4.97995,10.2072,10.6169,12.393,38.149,46.3448,48.6769,126.924,113.957,332.446,2.82784,3.17218,6.10925,6.74274,10.0793,14.981,23.4744,55.1885,40.9102,87.8212,176.786,176.184,2.74673,3.52894,6.01959,5.99455,7.94057,13.0746,12.7112,21.5455,28.1073,55.0369,45.3206,149.98,1.95252,2.89409,4.11071,5.67287,7.43574,10.9458,12.5321,20.113,17.886,26.3873,54.2584,71.7454,1.8574,2.58988,4.31241,5.66826,8.86454,9.52078,10.2104,16.0495,16.6366,33.9326,40.1037,53.7283,2.02114,2.43657,3.6436,4.99408,7.69577,8.66943,9.50637,12.4758,16.5096,18.4285,22.5078,52.1658,1.83472,2.3099,3.21445,4.45348,5.35364,8.05065,8.85178,13.1549,15.5651,19.9048,26.7293,44.4069
10300,21.4981,25.4355,50.9785,116.75,82.5208,182.158,267.62,355.198,497.395,593.849,1161.73,1530.67,18.9644,27.6205,69.3281,78.0288,123.463,154.007,165.028,322.528,355.924,526.757,1041.3,1421.21,11.4608,27.1236,57.6631,84.5424,109.355,144.102,254.923,252.829,529.599,681.837,722.259,1032.41,10.7504,28.6026,57.2375,101.546,103.434,153.486,217.338,282.412,422.417,578.262,794.457,1038.56,13.2212,27.0887,49.6913,79.7019,99.6488,119.792,281.734,407.62,398.851,740.096,882.084,1378.91,13.0146,23.795,66.5665,56.9996,87.0593,146.956,178.96,327.437,403.255,773.857,808.723,1383.09,16.2081,19.6836,44.3406,69.2941,100.35,133.572,165.57,312.307,413.118,499.122,897.136,1008.9,10.9215,18.3644,41.7343,57.1508,81.4548,111.604,142.412,331.527,374.758,596.582,590.825,1201.42,13.4003,14.482,30.9804,58.5647,68.9066,141.524,180.397,210.742,337.34,655.53,617.977,884.274,10.9294,16.0845,29.9532,51.291,64.1223,94.6211,121.737,197.293,205.699,378.812,629.438,748.003,6.01847,12.5537,22.9409,35.8585,61.2397,134.913,114.954,128.176,276.749,431.853,648.874,753.032,8.89734,14.4361,30.3471,35.4207,38.8745,113.792,133.578,151.364,233.711,324.408,380.279,822.375,4.35126,14.0626,15.179,27.3334,47.6421,91.84,94.7837,107.519,166.857,305.638,451.921,724.452,6.25466,7.894,12.7285,22.0166,27.3437,57.1563,96.6715,134.115,141.275,320.934,375.099,647.564,4.53962,5.7307,9.61999,27.5261,29.765,99.0765,64.8302,102.089,179.829,397.721,390.122,598.663,2.82547,5.74013,9.35741,19.3912,16.2553,45.5551,60.0866,81.7064,218.587,202.876,299.63,758.461,3.49596,4.28414,9.90908,14.9218,20.4528,19.7472,19.5346,69.0266,83.4545,123.414,186.663,590.99,2.86225,3.02965,8.04181,11.8701,11.9728,22.4083,21.8368,44.4176,75.2955,118.537,140.753,320.549,2.99421,3.77059,4.99361,9.92751,11.2777,12.8002,44.9526,43.2332,50.2955,139.994,117.977,367.885,2.89241,3.06238,5.76412,6.1422,10.9069,14.3997,26.647,55.598,38.3929,86.5647,172.513,188.415,2.50205,3.40193,5.69021,5.83495,7.58022,12.9587,13.1397,21.6419,27.6787,63.6195,45.6504,168.859,1.93781,2.81876,4.08973,5.99405,7.78436,10.7484,12.8313,20.2245,17.6908,25.24,50.6592,67.674,1.82253,2.4568,4.05052,5.4159,8.57961,9.46947,10.0817,14.85,15.9056,33.4674,39.5411,54.6746,1.91616,2.59508,3.79068,4.96915,8.79496,8.60999,9.39776,12.6539,15.8428,18.1554,22.9595,50.1751,1.76196,2.28625,3.44278,4.4602,5.64332,7.75913,8.85516,13.6865,16.4746,22.0052,26.7158,44.2719
10400,18.3266,25.4355,50.9785,112.033,87.7193,182.158,267.62,355.467,482.012,608.799,1111.21,1530.67,19.0097,27.2376,71.4896,78.0288,121.047,154.007,153.902,322.632,441.021,539.787,1041.3,1375.18,10.7824,27.1236,57.6631,82.7859,100.482,143.777,254.923,234.351,505.188,634.543,722.259,1032.41,11.43,28.7449,57.2375,95.4561,103.434,143.166,184.656,282.412,422.417,546.647,832.042,1071.94,13.3345,27.0887,48.2983,78.7762,84.929,118.08,277.063,401.423,398.851,740.096,854.346,1378.91,13.0289,23.6214,66.5665,56.9996,87.0593,146.956,182.109,331.465,363.796,773.857,796.362,1383.09,16.2081,19.6836,44.3506,69.2941,100.35,117.566,152.58,303.499,413.118,521.068,897.136,1008.9,11.1404,17.9953,42.1581,55.632,80.4266,119.301,137.969,301.731,313.577,596.582,610.235,1131.99,12.7581,15.3523,28.5306,49.0502,68.9351,126.653,180.387,210.825,337.23,655.53,614.886,855.741,10.257,16.0534,29.3428,50.8959,67.9683,95.0047,137.276,197.866,186.47,356.434,512.764,718.677,5.89772,13.1561,28.8275,37.235,61.4561,149.875,120.618,146.694,275.669,405.357,648.952,730.834,8.68159,12.3172,30.9494,35.2847,44.7242,110.357,131.815,148.472,241.471,327.777,378.159,847.688,4.68158,13.3313,14.7838,27.4288,48.7814,103.554,99.2131,118.113,169.281,311.536,424.159,803.371,6.50343,7.92464,15.4143,21.7568,26.9628,54.498,93.8538,147.102,140.629,320.71,397.893,564.828,4.58077,5.7755,9.56759,29.0445,28.7184,78.5818,63.3729,113.915,243.892,369.53,440.849,577.496,2.8723,5.88352,9.49821,16.1875,15.3107,42.779,61.4696,77.5906,190.211,212.024,370.76,769.694,3.30726,4.24978,10.5742,14.8992,20.3199,18.1933,20.4565,85.6204,85.856,159.486,175.753,518.15,2.90036,3.01205,7.18153,11.7079,11.8486,23.0317,20.7016,37.9837,75.744,200.922,135.141,310.356,2.81992,3.7197,5.45344,7.60648,11.5824,15.255,44.0588,47.6684,48.4618,108.743,117.724,246.604,2.97995,3.33337,5.55624,6.08414,10.224,14.1283,25.3528,57.0086,41.8272,86.7979,175.376,157.002,2.53981,3.17563,5.59011,5.76924,7.66277,12.7078,12.7815,20.728,26.6126,61.0375,63.0314,127.436,1.94139,3.00331,4.16382,6.71368,9.24771,10.7101,13.0471,19.8813,18.9286,24.8827,52.4988,80.0749,1.87627,2.65217,3.93324,5.33426,8.18429,9.32172,9.99101,13.8026,15.994,32.6114,38.7782,57.1858,1.80048,2.49357,3.7245,5.10171,8.39152,8.62295,9.02948,13.0226,15.2092,17.9802,22.1725,50.4949,1.84389,2.21147,3.22306,4.20225,5.38778,7.57799,8.80048,13.8503,17.8353,19.826,26.5021,44.5179
10500,21.4981,23.9346,49.2354,101.369,87.7193,182.158,267.94,355.467,482.012,608.799,1161.73,1373.11,18.05,27.2376,71.4896,78.0288,114.5,154.007,165.028,322.528,367.297,528.055,1041.3,1421.21,10.7824,25.3616,57.6631,85.4154,99.8095,143.777,254.923,228.727,529.599,681.837,744.102,1032.41,11.43,28.6192,57.2375,101.546,103.434,153.486,198.073,282.412,422.417,578.262,832.042,1038.56,13.2212,27.0887,49.6913,78.7762,102.39,129.237,281.734,382.76,398.851,580.379,863.691,1378.91,13.0734,17.7393,66.5665,56.9996,87.0593,156.903,182.109,323.303,403.255,742.425,808.723,1383.09,16.5371,19.6836,44.3506,69.2941,100.35,133.572,165.57,280.435,413.118,521.06,897.136,1008.9,10.8818,17.5378,42.171,57.1653,79.7486,129.463,146.402,331.527,337.489,579.717,621.146,1213.48,12.9463,15.0885,30.2065,45.346,68.9969,133.371,180.387,167.945,325.305,655.344,618.021,884.274,10.1431,15.1176,29.3042,50.664,70.3368,94.6249,137.033,196.11,214.069,376.418,616.469,748.235,6.40229,12.5508,28.9705,37.7156,59.8328,146.99,98.3186,146.939,276.827,429.109,649.036,760.613,9.46508,14.3594,25.8768,34.0839,43.0391,110.274,128.692,149.858,244.768,333.308,378.03,848.001,4.57632,13.6069,14.4958,27.0406,46.4192,100.111,97.979,124.396,170.341,304.309,449.86,802.941,6.48891,7.62761,15.1269,22.3554,25.8657,57.1475,90.8163,155.731,144.582,320.69,305.385,521.48,4.80734,5.86653,9.77174,26.1388,29.3909,92.3396,64.1423,104.294,248.783,367.167,427.594,595.137,2.80772,5.84586,8.87925,16.944,14.6136,41.6264,58.7556,67.1603,192.02,219.938,409.713,771.802,3.13747,4.04815,11.1734,13.28,21.1613,18.3129,35.2293,104.079,70.5794,156.989,169.213,628.828,2.84302,2.89765,6.92242,10.3658,11.5809,20.8079,20.0255,45.9353,72.0149,117.024,134.374,290.939,2.81935,3.69023,5.49542,8.20135,11.2509,15.1362,41.5175,49.8886,45.4007,111.298,130.402,345.763,2.984,3.10386,5.45657,5.96041,10.321,13.555,24.3326,69.4015,39.3708,88.8997,147.014,164.729,2.5188,3.37699,5.54337,5.71962,7.7909,12.2823,12.8933,21.7085,26.4084,59.3007,61.0633,118.38,2.02797,2.89765,4.11751,6.6092,8.86459,9.60564,15.6273,19.6698,18.0915,24.2696,50.1221,67.5848,1.85194,2.45638,4.10575,5.27417,7.88655,9.74432,9.56587,18.0281,15.9425,32.7397,39.391,54.6504,1.85292,2.54699,3.90401,4.90666,8.19003,9.17896,8.98603,12.9353,15.2916,18.0367,22.3071,50.7037,1.91529,2.11012,3.50632,4.56301,5.25394,7.39668,8.94762,13.757,17.6615,19.7848,26.1462,44.3455
10600,20.4714,23.6,50.1722,113.314,89.7045,182.158,267.62,355.467,461.433,608.799,1161.73,1530.67,18.9644,27.2376,71.4896,71.3069,121.047,154.007,158.947,322.528,441.021,539.787,1041.3,1421.21,9.13452,27.1236,63.5798,85.4154,104.931,175.216,254.923,226.915,529.599,681.837,812.667,1032.41,11.43,27.2303,56.7542,99.7306,103.434,153.486,198.073,282.412,452.234,578.262,755.284,1038.56,13.2312,27.0887,49.6913,78.7762,102.39,127.879,188.312,393.197,398.851,649.791,882.084,1378.91,13.0631,22.8642,66.5665,56.9996,88.9493,147.008,182.109,327.437,391.014,773.857,808.723,1383.09,16.5466,19.6836,44.3506,69.2941,100.35,133.579,165.57,312.307,362.46,521.06,897.136,1008.9,10.885,17.8458,42.1753,55.3816,80.4456,135.033,144.299,331.537,326.691,596.582,621.146,1105.07,12.5049,15.37,25.4218,47.996,66.8917,123.48,163.458,210.894,337.357,655.577,618.021,908.444,10.7227,15.6532,28.8752,47.7501,71.868,92.3056,130.035,195.644,210.231,376.547,630.73,749.021,6.25352,12.9571,26.8408,37.8681,61.6161,150.765,115.842,149.852,275.83,395.355,649.008,757.211,9.85718,15.0188,30.701,31.0644,41.7085,115.267,135.873,150.99,243.074,333.979,434.93,848.027,4.26262,14.2818,14.3229,28.4772,47.7409,83.4933,96.5829,116.021,159.158,300.942,454.713,799.278,6.79418,7.21617,15.0835,21.4703,24.9722,56.157,95.9279,156.593,129.176,322.097,299.695,446.621,4.52682,5.26762,9.17899,28.9422,26.9401,82.237,65.0782,101.525,249.213,330.872,433.949,595.713,2.69979,5.93974,8.66533,18.819,16.2799,40.3296,61.1786,66.9855,149.041,229.562,417.198,709.873,2.90088,4.12819,11.0399,12.3132,20.5593,19.1235,34.2583,102.832,84.3912,154.403,166.713,568.659,2.59701,3.36552,8.81992,9.9586,11.5157,21.3379,19.5732,46.8956,74.7718,149.48,148.826,314.6,2.72477,3.39924,5.40884,9.28298,11.0536,14.5729,45.7762,44.9966,47.7964,112.837,93.6789,362.056,2.79193,3.05561,5.10153,6.21099,10.6863,13.5458,22.301,69.0081,39.0692,84.5411,157.334,169.666,2.34772,3.05825,5.32261,5.72723,7.3921,11.6849,12.6913,21.7847,25.4814,61.371,50.0118,174.062,1.95331,3.07382,3.94782,6.19285,8.42864,9.71477,14.4089,19.6262,18.147,24.901,50.6299,69.3889,1.86998,2.49053,4.46699,5.5014,7.79207,10.6862,9.73278,17.8294,15.6628,32.5239,38.7135,56.1895,1.82787,2.80796,3.83436,4.88865,7.70042,9.57881,8.89185,13.6964,14.6119,18.1689,22.1951,49.9702,1.91984,2.15114,3.36852,4.47564,5.28613,7.22854,8.88179,13.9447,16.7198,19.8255,26.8123,44.6287
10700,21.4981,23.1839,50.9785,116.75,87.7193,182.158,267.62,355.467,482.012,608.799,1161.73,1511.78,18.5044,27.2376,69.2954,78.0288,121.047,148.807,165.028,322.528,347.922,552.209,1041.3,1421.21,10.8817,24.0136,58.802,82.8561,106.093,143.777,254.923,217.839,529.599,656.099,782.378,1019.97,11.43,27.808,57.2375,101.546,103.434,137.75,198.073,282.412,422.417,560.096,832.042,1052.53,13.2312,27.0887,49.6913,75.6402,99.7925,127.879,256.806,379.924,398.851,740.096,882.084,1340.72,14.2372,23.6301,66.5665,55.5665,84.7776,146.956,182.109,327.437,373.489,732.199,808.723,1383.09,16.5466,19.6836,44.3506,66.1208,100.35,133.579,165.57,312.307,413.118,521.06,859.076,1008.9,10.7189,17.8044,42.1735,55.8382,80.4385,135.033,151.836,331.553,327.402,596.582,523.844,1239.44,12.9177,16.2089,28.4802,48.4379,68.8354,125.141,180.405,210.944,337.277,655.577,627.993,884.288,10.5679,16.1113,27.8688,49.5584,73.6728,85.6376,139.824,193.47,208.858,357.808,482.748,750.235,6.39176,12.4342,28.1235,38.8713,63.0672,139.074,115.441,147.034,273.238,425.046,649.093,757.112,10.474,14.5961,30.2794,35.4416,44.0288,127.44,136.46,145.75,242.101,328.442,379.873,766.843,4.20225,12.8323,13.3967,28.0517,49.8875,98.7825,96.0511,118.239,170.18,317.052,452.027,641.994,6.2788,7.68274,14.8479,21.2069,37.0001,53.1711,98.7905,154.576,142.497,321.337,370.897,565.723,4.53509,5.49669,9.66141,21.5944,28.9921,69.3037,66.3607,91.642,249.791,357.992,435.928,588.369,2.63363,6.053,9.70351,19.5314,16.1935,39.0777,50.5474,64.6787,151.227,227.569,404.169,644.194,2.9711,4.28263,10.6693,15.3945,21.1567,18.784,34.2251,98.1403,83.4251,156.882,166.044,556.972,2.85502,3.47764,6.89151,10.4408,11.4373,21.6444,19.2819,46.3171,74.0418,146.736,126.42,311.227,2.73932,3.33397,5.21348,9.0223,11.3183,14.7673,42.589,44.117,48.7384,111.647,95.0497,276.056,2.85288,3.09692,4.91953,6.22477,10.7048,12.9506,21.832,67.2269,38.8321,83.8205,154.054,183.597,2.36069,3.03306,5.16009,5.62189,7.51255,11.5478,12.1278,22.4245,25.1107,56.9559,56.8757,139.976,2.01844,2.95952,4.50351,6.08987,8.01234,9.31484,13.9243,19.5861,18.5065,25.338,52.0325,74.9312,1.92229,2.60421,4.16324,5.32259,7.433,11.4709,9.86344,15.6274,16.277,32.025,37.6995,56.7877,1.97446,2.5791,3.81621,4.94926,9.12514,10.4965,9.3902,13.5469,14.5668,17.8729,22.9035,48.3347,1.924,2.10664,3.19664,4.30078,5.37943,7.25488,8.925,13.6498,17.4591,20.036,27.4015,44.0843
10800,18.9019,25.4355,47.1592,114.006,87.7193,179.644,267.62,355.467,482.012,608.799,1161.73,1530.67,18.5044,28.8173,71.4896,78.0288,121.047,147.442,156.606,319.675,441.021,539.787,917.01,1408.29,10.8817,27.1236,55.402,75.0147,92.2022,143.777,254.339,227.935,521.266,681.837,719.808,1032.41,11.43,27.8667,57.2375,101.546,103.434,153.486,197.326,251.852,395.723,553.387,832.042,1026.61,13.2312,26.6814,49.6913,74.5762,104.331,127.879,281.734,407.62,398.851,760.581,882.084,1378.91,13.0734,22.3399,66.5865,56.9996,87.0593,146.956,179.01,327.437,403.255,773.857,808.723,1373.11,16.3792,19.6836,44.3586,61.0467,99.2514,129.83,165.57,293.968,413.118,484.275,897.136,1008.9,10.7777,17.939,39.6216,48.3975,80.9086,127.818,152.576,287.68,361.857,576.61,621.146,1239.44,12.1798,15.8947,28.7529,48.8093,69.0325,130.23,178.608,210.855,337.206,655.598,628,884.288,11.4277,16.0992,29.203,50.0028,73.1051,92.1291,140.85,194.911,209.985,379.186,630.804,762.104,5.98501,13.191,28.2765,38.9016,63.6544,139.79,115.908,145.763,274.734,425.005,639.107,764.97,9.87227,14.5168,30.2785,35.274,43.7996,112.159,139.118,145.965,234.252,328.74,373.954,839.666,4.8039,13.3343,14.3058,28.4373,48.586,99.9274,99.0613,115.803,170.458,298.08,452.087,810.258,6.64735,7.07325,15.0426,20.7555,28.5746,53.9278,69.2286,160.011,134.292,316.372,370.667,566.885,4.39359,5.14507,9.65645,30.5026,20.4346,97.8201,63.9065,98.501,246.701,359.999,436.655,589.053,2.60578,5.69925,10.0043,20.5949,17.4298,27.678,59.9163,64.1717,202.35,207.523,372.9,643.508,2.96146,4.63971,10.381,15.6882,21.533,18.7123,29.522,105.801,75.8228,156.9,172.355,484.521,2.6279,3.50081,6.86008,9.9954,10.9914,21.6437,19.1343,42.6077,77.182,144.439,123.697,283.208,2.70058,3.21007,5.20145,7.3271,11.1569,14.8045,41.8078,42.929,49.0551,107.019,109.806,343.617,2.98027,3.11526,4.96015,6.39308,10.6834,12.9792,21.6237,65.7309,38.9603,86.3407,154.043,169.904,2.24521,3.1842,5.17574,5.76111,7.63043,11.7058,11.4062,22.9743,24.4555,57.4022,54.6039,114.28,2.06216,3.3713,4.65796,5.77211,7.79663,9.19135,13.5988,18.3464,18.043,27.1892,51.0059,75.5954,2.04055,2.86952,4.5512,7.0977,7.19075,10.7166,9.76551,16.741,15.6275,31.9685,36.8511,56.5963,1.8245,2.39066,3.92913,5.36485,8.52153,9.78117,9.25346,12.9888,14.7089,18.017,23.1377,51.1305,1.84702,2.05131,3.18213,4.09168,5.20902,7.11751,8.95398,13.5955,17.1743,19.6697,26.2491,44.0881
10900,21.4981,24.2358,51.515,110.655,87.7193,182.158,267.62,355.616,482.012,590.747,1097.4,1530.67,18.5044,27.2376,71.4896,74.3019,106.354,154.007,165.028,282.823,331.937,518.54,1041.3,1354.19,10.789,24.8933,57.6631,85.4154,104.931,138.834,219.101,230.092,541.899,681.837,722.259,1032.41,10.5303,28.6192,57.2375,101.546,103.434,150.675,198.073,282.412,422.417,578.262,832.042,1038.56,12.6751,24.8304,49.6913,76.9606,102.398,127.879,281.931,436.616,398.851,740.096,801.32,1358.52,13.0734,23.6301,66.5865,48.7219,69.6105,137.363,182.109,323.667,403.255,773.857,781.878,1353.52,16.3792,19.6836,42.0545,69.3095,100.35,133.586,144.076,312.307,352.687,521.06,897.136,1008.9,11.1517,15.6084,41.9993,52.6169,80.8995,121.85,154.314,331.537,374.839,596.597,693.049,1239.44,13.3086,15.1439,28.1247,48.8293,69.0451,130.216,178.608,210.889,251.299,655.598,628,884.303,10.665,16.5233,29.7236,46.6174,73.2696,87.3048,138.874,199.131,210.12,367.153,620.577,759.992,6.03291,11.9307,26.5079,32.8757,62.517,144.773,113.768,143.755,270.327,419.627,639.241,765.095,9.18098,13.6024,29.4472,37.3588,44.2924,72.2075,137.035,144.986,247.501,321.733,379.771,840.017,4.5283,13.207,13.9737,26.7165,48.5305,100.93,97.1308,131.847,170.404,288.062,454.743,806.144,7.04824,7.78235,14.6491,22.4797,28.2285,49.5559,100.244,152.707,127.219,282.858,366.498,565.587,4.17973,5.07907,9.94577,28.0017,28.6538,90.397,61.1287,99.5192,246.462,358.409,432.882,577.945,2.62322,5.57466,10.4061,22.1075,14.7166,27.9221,42.0064,71.9974,190.432,222.943,362.456,646.117,2.94788,4.70997,10.7505,16.8484,24.0156,18.2774,32.9784,103.866,79.2385,158.217,162.968,646.425,2.68137,3.37799,7.99604,10.3991,12.4554,20.0298,18.6202,34.7486,71.4455,144.828,131.033,281.829,2.72714,3.19461,5.40454,8.59719,11.9203,26.9536,40.5831,43.4993,46.3294,119.688,112.404,349.731,2.86302,3.08958,4.74123,6.22103,9.85901,13.1754,22.6631,64.5545,38.2855,84.8929,152.892,157.217,2.3415,3.22786,5.35007,5.50478,7.2443,11.3433,11.7643,22.8118,23.9405,59.3046,47.0258,110.658,2.09436,3.37569,4.63861,5.60413,7.67246,9.75776,12.2485,19.7772,17.6033,25.5355,48.748,70.9751,2.05975,2.89435,4.41641,7.18464,6.9512,10.4602,10.1153,15.7447,16.0651,32.0827,38.9574,56.2634,1.85353,2.34058,3.59911,5.54336,8.12841,10.0405,8.788,12.1823,14.711,17.8768,22.4165,48.9585,1.88911,2.08838,3.2284,3.95751,5.19223,7.2849,8.82922,13.3558,16.4112,19.2236,27.0217,44.5949
11000,21.4981,25.3338,50.9785,116.75,87.7193,182.158,267.62,355.467,482.012,608.799,1161.73,1530.67,18.5044,24.439,69.9735,74.6442,126.302,154.007,165.028,322.313,441.021,539.787,903.072,1421.21,10.789,26.9167,57.6631,94.6242,104.931,143.777,254.923,230.092,529.599,664.665,722.259,1032.41,11.43,28.6192,58.3952,101.546,103.434,153.486,198.073,282.412,392.322,578.262,832.042,1217.87,13.2036,24.7364,49.6913,66.5093,102.398,127.879,281.734,383.498,398.851,591.295,882.084,1378.91,13.0029,23.8037,58.4556,56.9996,85.6948,140.378,181.246,329.758,363.516,769.377,782.189,1383.09,16.2026,19.6836,42.616,67.5755,100.35,133.586,182.925,312.307,413.118,501.864,897.136,1008.9,11.1284,18.6561,42.0051,53.1596,79.571,135.075,147.9,330.107,374.839,596.614,621.146,1223.71,12.7268,15.4115,28.6907,44.9442,68.1871,130.208,178.608,210.894,337.134,655.619,628,786.221,10.9018,15.165,31.104,49.8025,73.6635,90.8044,137.96,201.512,204.895,379.386,568.045,768.406,5.84652,12.6066,25.9596,37.3732,63.5077,142.963,113.396,143.12,274.465,422.701,639.318,765.204,10.3389,14.0191,31.3655,34.6457,45.7383,98.2935,109.513,126.462,242.029,324.885,373.636,711.533,4.43887,12.3745,13.8662,27.5782,46.0686,97.2428,97.5353,109.582,179.379,312.402,454.725,800.091,7.90657,7.77465,13.9104,20.7882,28.3836,55.7894,100.726,150.916,141.661,334.122,360.773,516.711,4.06908,6.48544,9.62419,27.3476,28.3646,85.0006,62.8053,96.348,190.802,365.137,405.376,581.794,2.65971,5.20303,10.6181,23.1467,13.7907,33.6433,48.9337,66.4009,178.772,188.228,372.017,769.761,2.97088,4.5659,10.2429,16.0388,24.9804,18.173,32.7969,111.731,80.3463,156.97,162.687,629.458,2.8989,3.55949,7.95125,10.225,11.8315,22.2394,20.707,42.1237,70.018,133.988,130.587,310.154,2.69833,3.10938,5.05844,8.16769,12.2689,26.9931,44.8003,45.9473,47.9811,115.902,158.032,304.656,2.57879,2.9644,6.80211,6.47273,9.47602,13.1564,21.1524,61.9413,37.7567,87.1324,154.044,175.281,2.34037,3.324,5.06067,5.52072,7.18611,11.1339,11.3091,24.4907,23.888,60.3775,62.2493,108.565,2.22371,3.20607,4.54531,8.25023,7.5148,9.87196,12.156,19.9117,17.0246,28.2682,51.0183,75.5398,2.02267,2.80149,4.35721,7.12761,6.75273,9.82186,13.1607,15.19,15.5852,32.7622,38.4503,54.5717,1.86528,2.39548,3.47131,5.23627,7.43272,9.95879,9.15452,12.0197,13.9092,17.7623,22.0865,51.7644,1.83825,2.10542,3.40522,3.90975,5.13457,7.34543,8.94775,13.266,16.3783,19.6224,25.5956,44.6638
11100,19.9358,25.4355,50.9785,116.75,83.1493,182.158,267.62,329.966,482.012,608.799,1202.28,1530.67,18.5044,22.3909,71.4896,78.0288,95.6559,154.007,162.875,322.528,338.291,476.53,1041.3,1369.2,10.789,27.1236,57.6631,76.4103,104.931,143.777,239.926,230.092,529.599,681.837,722.259,1032.41,11.6816,28.6192,54.6522,101.546,103.434,153.486,198.073,282.412,422.417,578.262,832.042,1038.56,13.2312,25.5687,49.6913,80.1587,97.2535,127.879,281.734,407.62,398.851,740.096,882.084,1378.91,13.0029,23.5406,65.1327,52.2658,87.0593,146.956,178.341,327.437,385.189,773.857,808.723,1293.67,15.9454,18.2152,44.3666,69.3095,100.35,127.437,178.899,305.941,413.118,521.06,897.136,1008.9,11.2633,18.1336,41.0951,54.5554,82.4499,135.088,152.573,326.151,374.827,596.631,621.152,1239.44,12.9642,14.6749,29.1495,47.8811,68.2197,123.73,178.608,210.971,337.206,655.619,628.015,884.317,10.8801,14.8181,26.1677,51.4,71.9819,93.12,137.965,202.528,203.161,376.998,616.705,747.061,5.83522,11.8352,26.961,37.6703,61.5541,145.671,116.31,144.961,275.701,413.423,639.408,765.172,9.98621,14.354,28.5252,36.9179,45.0871,104.166,147.001,148.422,254.798,325.028,461.137,837.048,4.15658,14.4209,14.5029,27.6942,44.9466,80.5898,87.5862,115.99,168.588,313.674,454.711,743.506,7.15427,7.60631,14.2292,21.222,38.6197,59.0653,76.4794,137.519,147.106,323.221,371.284,556.348,4.03534,5.22329,9.62307,26.5816,27.7236,85.0381,61.7264,82.9628,258.228,326.145,439.649,573.325,2.62194,5.16517,10.4901,19.5502,14.0261,35.199,67.6147,66.3341,201.619,223.192,365.536,767.481,2.87458,4.72531,10.0526,14.7138,26.4729,18.2683,36.1964,101.896,80.0323,158.155,180.237,554.179,2.91127,4.06338,7.02074,12.2444,12.0677,22.2528,26.3386,39.4854,66.1464,147.692,131.27,309.893,2.59622,3.07634,5.1992,9.09336,12.221,22.361,41.8847,44.3002,49.9738,109.918,160.606,303.206,2.53474,2.95154,6.88193,6.55993,10.1033,13.1438,20.6422,59.6117,38.424,82.3883,143.838,157.673,2.29127,3.11856,4.70697,5.83581,7.25838,10.6472,11.4283,33.7592,23.0966,52.2133,54.9987,127.986,2.402,2.89057,4.49086,7.74205,7.35283,9.47616,12.6359,21.7202,16.7675,27.9378,48.0511,80.5103,2.15763,2.63789,4.03149,7.03609,6.60872,9.85727,12.5419,14.3963,15.1258,31.5685,36.1296,54.0416,1.9557,2.36083,3.41201,5.19491,7.51744,9.68823,9.09504,11.7221,14.2584,17.4664,22.6816,49.9702,1.8661,2.01972,3.19184,3.87559,4.94564,7.66766,8.58088,13.6327,15.9458,19.4741,26.1927,44.4273
11200,21.4981,25.4355,50.9785,116.75,82.5208,182.158,267.62,355.198,497.395,593.849,1161.73,1530.67,18.5044,27.6205,69.3281,78.0288,123.463,154.007,165.028,322.528,355.924,526.757,1041.3,1421.21,11.3682,27.1236,57.6631,84.5424,109.355,144.102,254.923,254.194,529.599,681.837,722.259,1032.41,10.7504,28.6192,57.2375,101.546,103.434,153.486,217.338,282.412,422.417,578.262,794.457,1038.56,13.2312,26.6814,49.6913,79.7019,99.6602,119.792,281.734,407.62,398.851,740.096,882.084,1378.91,13.0734,23.8037,66.5865,56.9996,87.0593,146.956,178.96,327.437,403.255,773.857,808.723,1383.09,16.3887,19.7568,44.3666,69.3095,100.363,133.586,165.57,305.941,413.118,499.114,897.136,1008.9,11.2449,19.0028,41.1569,54.5694,81.343,110.828,142.235,331.587,374.827,596.631,590.842,1201.69,13.2262,14.8862,28.075,58.9373,68.2313,128.311,178.602,210.97,337.349,655.66,628.015,884.324,12.1697,16.6439,25.6724,52.4779,73.2948,93.0896,124.206,203.973,202.988,377.039,630.966,768.342,5.97668,12.3718,23.9084,38.5668,61.4141,136.736,117.081,129.041,272.643,417.39,630.306,765.263,10.4378,14.1824,32.2529,36.5014,48.0308,116.251,135.248,149.574,239.672,320.888,373.362,815.039,4.14785,12.9067,14.6347,26.9241,49.1391,84.886,97.3208,109.547,161.226,305.285,450.162,735.197,6.9397,8.36831,13.7192,20.96,39.6812,56.4509,102,129.956,143.744,322.234,375.276,649.131,3.70582,5.34065,9.47363,22.4501,27.2193,98.9142,61.3228,100.407,180.608,354.091,381.568,569.01,2.53143,5.02723,10.3572,22.3969,16.7436,33.8194,60.6284,70.029,206.142,224.849,249.964,770.53,2.84222,4.67166,10.388,15.3983,30.8643,17.9924,34.6455,96.3654,80.0285,116.781,160.249,625.334,3.21221,4.71205,7.21727,11.7365,11.9426,21.6813,21.4577,36.8873,67.8378,138.713,131.562,310.591,2.59702,2.96224,5.63213,8.68849,12.4349,26.2705,45.5355,49.906,55.636,107.337,157.623,334.869,2.5717,2.91212,6.4644,6.28918,9.87315,13.1851,20.7058,61.0872,37.6507,82.8572,212.424,187.997,2.20399,3.0946,6.95029,5.78937,7.28686,10.0349,11.0416,30.4262,22.6757,61.5649,45.5882,104.286,2.40778,2.86405,4.36627,7.00021,7.47851,9.48666,12.7447,28.266,16.9155,26.6171,46.9754,79.0604,2.47262,2.40226,3.89248,6.62232,6.61766,9.57301,16.2013,14.2778,14.9495,36.48,36.2936,53.6342,2.14235,2.40168,3.29194,5.05709,7.17042,9.21485,10.0065,13.4512,14.6901,17.9229,22.6245,49.3279,1.88379,2.10242,3.08119,3.86808,4.97048,7.48287,8.56118,13.6173,15.7498,19.4542,28.0201,45.5684
11300,18.3266,25.4355,50.9785,112.033,87.7193,182.158,267.62,355.467,482.012,608.799,1111.21,1530.67,18.5497,27.2376,71.4896,78.0288,121.047,154.007,153.902,322.632,441.021,539.787,1041.3,1375.18,10.789,27.1236,57.6631,82.7859,100.482,143.777,254.923,235.716,505.188,634.543,722.259,1032.41,11.43,28.7615,57.2375,95.4561,103.434,143.166,184.656,282.412,422.417,546.647,832.042,1071.94,13.3445,26.6814,48.2983,78.7762,84.9361,118.08,277.063,401.423,398.851,740.096,854.346,1378.91,13.5223,23.8037,66.5865,56.9996,87.0593,146.956,182.109,331.465,363.839,773.857,796.362,1383.09,16.7611,19.7664,44.3666,69.3095,100.363,117.599,152.58,297.133,413.118,521.06,897.136,1008.9,11.1907,18.297,42.1917,56.4018,81.3291,119.686,138.04,300.445,313.666,596.631,610.242,1132.23,13.3111,15.7755,28.0317,47.2813,68.232,120.448,178.612,210.952,337.357,655.681,624.909,855.809,11.1709,16.5307,26.5693,51.7517,69.3843,88.9137,140.024,200.737,185.208,355.988,526.675,721.404,5.75053,12.5996,26.7504,37.0432,62.0435,144.87,110.255,147.117,270.556,396.633,630.382,733.047,9.88247,14.2962,31.3206,39.3314,43.5678,114.49,139.666,148.523,253.907,315.14,375.252,837.384,4.33201,12.4696,14.3421,25.9648,49.4788,98.5689,95.3149,117.467,201.305,301.976,415.739,809.982,7.39214,8.05228,14.4424,18.9967,39.2593,58.8744,99.5539,143.229,134.824,315.593,404.484,589.618,3.83566,5.62888,10.0267,23.2467,27.0756,89.2728,60.3198,98.3882,257.288,338.906,439.586,560.734,2.54006,4.90325,10.015,21.4706,14.6161,34.3276,64.367,65.3903,173.283,214.134,301.598,771.376,2.88785,4.41104,9.94409,15.3587,30.9957,16.5391,20.036,90.8486,76.0965,155.838,160.726,565.514,3.29974,4.30972,6.97149,10.7928,12.4382,21.8613,26.2477,35.8339,67.9159,149.025,129.947,286.304,2.75327,2.92739,5.31208,7.91598,11.2048,24.7914,45.7421,45.7812,47.5257,104.056,152.628,330.041,2.98672,2.84677,6.87351,6.24746,9.87805,13.0014,20.1059,59.7846,37.8373,84.4726,182.928,185.739,2.44993,3.07039,6.59857,6.64196,7.16183,9.93146,11.7273,28.013,22.5153,65.7152,104.927,103.997,2.3465,2.84682,4.14121,6.75432,8.31973,9.951,12.5555,25.7293,17.7648,26.4242,49.834,82.399,2.50397,2.39269,3.91984,6.31024,6.67226,9.31295,16.4499,13.6612,14.9666,43.3894,36.2755,51.6567,2.07432,2.46814,3.43936,5.03844,6.94982,8.92294,11.0113,12.7699,15.0948,17.2936,22.7423,50.686,1.89828,1.98119,3.17284,3.7526,4.98419,7.23066,8.58615,13.7834,15.6003,18.8301,26.2656,44.4391
11400,21.4981,23.9346,49.2354,101.369,87.7193,182.158,267.94,355.467,482.012,608.799,1161.73,1373.11,17.59,27.2376,71.4896,78.0288,114.5,154.007,165.028,322.528,367.297,528.055,1041.3,1421.21,10.8015,25.3616,57.6631,85.4154,99.8095,143.777,254.923,230.092,529.599,681.837,744.102,1032.41,11.43,28.6192,57.2375,101.546,103.434,153.486,198.073,282.412,422.417,578.262,832.042,1038.56,13.2312,26.6814,49.6913,78.7762,102.398,129.237,281.734,382.76,398.851,580.379,863.691,1378.91,13.2761,18.1843,66.5865,56.9996,87.0593,156.917,182.109,323.303,403.255,742.425,808.723,1383.09,16.7611,19.7664,44.3666,69.3095,100.363,133.586,165.57,274.073,413.118,521.052,897.136,1008.9,11.2742,18.3173,42.1976,56.0799,81.7553,129.55,146.234,331.604,337.503,579.76,621.152,1213.44,13.09,15.8538,30.302,44.4313,68.2058,127.246,178.596,168.113,325.258,655.37,628.015,884.338,11.2735,16.3002,24.971,51.3217,70.9569,95.0545,137.34,201.552,209.571,377.204,632.307,768.484,5.93163,12.2543,26.9591,36.8896,63.7018,145.463,95.3541,134.75,275.589,420.055,630.491,765.385,11.112,14.1653,25.1128,35.3068,43.8437,133.353,135.464,150.291,256.257,320.694,371.367,837.688,4.59844,12.0341,14.3395,26.8111,45.8888,97.6892,96.1559,125.568,203.872,309.231,444.864,803.65,7.76583,8.89377,12.4208,21.0135,37.9394,54.2729,97.48,138.218,143.253,319.68,370.058,529.274,3.75841,5.82606,9.79269,26.1877,26.8225,96.6584,61.1321,99.6902,252.154,355.611,439.995,570.049,2.53788,5.02046,8.99357,22.7939,13.5032,33.2797,67.0933,71.973,160.881,226.588,320.632,771.668,2.79588,4.24142,10.7711,13.4287,30.3026,17.7358,33.0086,119.707,66.1536,155.644,157.285,604.764,3.27758,4.24141,7.10468,10.6637,12.4209,19.8159,26.6412,36.3984,67.1519,133.066,127.685,267.136,2.70887,2.79388,5.34958,8.92727,11.7115,23.2814,42.4063,46.8303,49.3814,101.61,117.813,419.898,3.07797,2.93564,5.96492,6.00569,9.68409,12.2263,19.9718,60.4668,36.2484,86.4306,168.651,156.144,2.18368,3.13475,6.09197,6.68949,7.17615,9.77149,11.839,27.003,23.9904,65.7794,84.4934,100.83,2.60232,2.76974,4.59837,6.46313,9.34241,9.4009,11.7252,24.9689,16.8727,25.5284,48.6787,82.0681,2.58476,2.56805,4.52388,5.91947,7.13539,9.13062,15.724,13.3164,14.4412,41.2989,38.3678,53.5157,2.17167,2.38929,3.385,5.16541,7.02559,8.47939,10.8284,12.508,15.8436,17.284,22.4424,48.1639,2.1067,2.19028,3.26723,3.64671,5.01422,7.0997,8.54066,13.7304,15.4167,19.7316,25.9388,44.2913
11500,20.4714,23.6,50.1722,113.314,89.7045,182.158,267.62,355.467,461.433,608.799,1161.73,1530.67,18.5044,27.2376,71.4896,71.3069,121.047,154.007,158.947,322.528,441.021,539.787,1041.3,1421.21,9.05021,27.1236,63.5798,85.4154,104.931,175.216,254.923,228.279,529.599,681.837,812.667,1032.41,11.43,27.2303,56.7542,99.7306,103.434,153.486,198.073,282.412,452.234,578.262,755.284,1038.56,13.2312,26.6814,48.922,78.7762,102.398,127.879,188.312,393.197,398.851,649.791,882.084,1378.91,13.2737,23.0378,66.5865,56.9996,88.9493,147.008,182.109,327.437,391.014,773.857,808.723,1383.09,16.7611,19.6923,44.3666,69.3095,100.363,133.586,165.57,305.941,362.46,521.052,897.136,1008.9,11.0973,18.6086,42.4529,54.5677,81.7561,135.138,144.34,331.636,326.728,596.638,621.152,1105.07,12.0865,15.5271,25.7433,44.7851,66.4154,119.243,161.706,211.025,337.206,655.66,628.031,908.494,11.2838,16.7624,26.2101,52.3937,70.1316,90.8771,128.061,199.9,207.711,377.277,632.291,768.589,6.57959,12.3331,27.9704,35.7727,63.6829,144.266,113.292,143.615,232.401,378.457,630.564,765.258,10.1625,13.3549,31.464,34.6991,40.0009,113.945,140.348,149.829,245.487,315.837,422.873,838.004,4.27881,13.2549,14.4439,27.4641,49.1792,79.9168,97.5953,117.518,195.27,311.296,447.33,809.772,8.00032,8.71477,14.3606,20.329,35.3703,53.0634,96.0455,137.657,143.096,321.82,309.722,474.652,3.55762,8.46527,9.19638,24.6102,25.2079,88.7104,59.8442,96.5707,256.18,326.666,438.615,568.31,2.52211,4.82897,7.42397,20.9105,14.062,32.3037,57.7198,65.2616,170.77,226.955,322.824,712.73,2.72484,4.13084,9.68328,11.0306,29.6467,18.6017,32.0981,117.884,68.9813,153.925,156.723,603.911,3.21335,4.14461,7.28295,10.8117,12.8912,21.8435,25.2797,37.3512,68.4062,150.087,138.525,317.631,2.81363,2.82204,5.37455,8.88136,12.1248,22.9793,45.318,47.5421,49.478,101.128,145.987,486.216,3.1003,3.05793,6.13714,5.82553,9.4615,13.1744,19.638,59.9995,36.725,83.7125,186.032,171.74,2.42254,3.16672,5.93105,6.42786,7.34202,9.49811,13.1116,25.7304,24.2402,66.0469,96.5687,100.866,2.40202,2.78694,5.36955,7.92559,9.27729,9.50084,11.5231,24.121,17.7584,24.7337,47.4314,82.7479,2.31395,2.54688,4.24153,5.95025,7.04928,8.48069,15.2679,13.0388,15.6056,40.2996,37.7936,52.0831,2.18758,2.26711,3.5943,4.94888,6.9589,8.59079,10.4041,12.2457,18.1047,17.796,22.3358,48.4533,1.97812,2.30421,3.23387,4.22053,4.92576,7.10518,8.72599,13.6554,15.781,20.239,25.9833,44.8897
11600,21.4981,23.1839,50.9785,116.75,87.7193,182.158,267.62,355.467,482.012,608.799,1161.73,1511.78,18.5044,27.2376,69.2954,78.0288,121.047,148.807,165.028,322.528,347.922,552.209,1041.3,1421.21,10.8015,24.0136,58.802,82.8561,106.093,143.777,254.923,217.839,529.599,656.099,782.378,1019.97,11.43,27.8247,57.2375,101.546,103.434,137.75,198.073,282.412,422.417,560.096,832.042,1052.53,13.2312,26.6814,49.6913,75.6402,100.435,127.879,256.806,379.924,398.851,740.096,882.072,1340.72,14.9073,23.8037,66.5865,55.5665,84.7776,146.956,182.109,327.437,373.489,732.199,808.723,1383.09,16.7698,19.6923,44.3884,66.1362,100.363,133.586,165.57,305.941,413.118,521.052,859.065,1008.9,11.0064,18.1429,42.4675,56.1143,81.7921,135.138,151.842,331.685,327.46,596.638,523.856,1239.44,12.7263,16.8452,28.002,47.5616,68.2232,121.307,178.622,211.156,337.206,655.681,628.031,884.381,11.0472,16.4708,25.1445,51.8098,73.6774,88.1422,140.879,200.566,208.711,357.482,476.948,768.572,6.45787,12.0675,27.5735,37.3448,63.3776,146.694,111.332,143.685,269.317,413.518,630.555,765.639,10.1364,13.4885,32.4522,38.7007,44.5613,133.439,139.826,150.866,247.011,315.993,369.377,765.074,3.94847,13.7559,17.8942,25.5332,50.338,94.0726,96.6651,136.868,205.453,322.753,449.966,644.643,8.08897,8.9225,13.3606,19.9817,39.6697,52.7234,91.3884,149.237,140.355,321.532,367.879,590.658,3.90934,7.8848,10.0848,21.2916,25.367,73.2983,60.1503,93.0016,257.658,350.159,439.281,555.723,2.46496,4.81861,10.8072,21.0473,14.7035,32.3246,51.6258,67.2185,149.877,220.309,268.97,639.281,2.70682,4.27229,9.99508,14.6238,29.3528,19.0102,34.2007,103.896,68.1911,162.21,151.722,560.135,3.2006,3.89032,7.17157,10.2798,10.8417,20.6047,25.2545,44.0065,67.9352,148.35,124.866,243.364,2.81562,3.00549,5.6846,8.62459,12.0084,22.1081,42.6204,45.4491,44.4183,96.6615,150.14,503.784,2.92561,3.00634,6.43118,5.57535,9.44431,12.0325,22.5964,63.7906,36.3673,80.9655,181.724,175.224,2.34114,3.07453,5.75612,5.96086,7.24604,9.52817,13.2776,25.3411,25.0796,66.4228,91.8197,122.882,2.28797,2.7611,5.48353,7.01372,9.09627,9.01264,11.5412,23.1777,17.7492,24.8872,48.4142,70.1323,2.21053,2.61041,3.95301,5.71232,6.93266,8.16407,15.2539,12.7905,15.2675,40.1804,37.347,54.5466,1.93651,2.31291,3.80458,4.76156,7.53491,9.77658,10.1211,11.8593,17.5181,17.6537,22.0111,49.1091,1.95671,2.257,3.09377,3.99922,4.88299,7.76117,8.89181,13.4486,15.8121,21.9517,26.2867,44.3624
11700,18.9019,25.4355,47.1592,114.006,87.7193,179.644,267.62,355.467,482.012,608.799,1161.73,1530.67,18.5044,28.8173,71.4896,78.0288,121.047,147.442,156.606,319.675,441.021,539.787,917.01,1408.29,10.8015,27.1236,55.402,75.0147,92.2022,143.777,254.339,227.935,521.266,681.837,719.808,1032.41,11.43,27.8834,57.2375,101.546,103.434,153.486,197.326,251.852,395.723,553.387,832.042,1026.61,13.2312,26.6814,49.6913,74.5762,104.331,127.879,281.734,407.62,398.851,760.581,882.072,1378.91,13.4694,22.5135,66.5865,56.9996,87.0593,146.956,179.01,327.437,403.255,773.857,808.723,1373.11,16.7698,19.6213,44.3884,61.0467,99.2648,129.833,165.57,287.617,413.118,484.275,897.136,1008.9,11.5094,18.0102,40.186,48.1642,81.2959,127.897,152.573,289.528,363.004,576.659,621.162,1239.44,13.3132,16.2693,27.6574,48.1092,68.7168,127.412,178.632,207.13,337.32,655.702,628.046,884.381,11.6296,16.6388,25.6376,52.1941,72.8971,93.4115,138.943,202.639,207.761,377.475,632.463,768.586,5.87856,12.0507,27.1432,40.1402,63.1787,142.387,115.841,142.985,279.489,414.608,630.566,765.664,9.0963,14.4346,31.9082,42.6875,45.2078,135.052,141.139,148.514,239.157,316.337,373.198,838.131,4.46463,12.3214,14.5961,27.0493,49.1864,95.6612,100.864,134.844,205.354,307.964,449.857,805.78,7.8745,9.27435,13.6586,20.9129,42.1348,56.5559,71.432,138.999,132.787,313.009,373.703,592.427,3.64897,8.48085,10.0808,25.9306,21.2158,91.2113,60.2134,102.215,258.517,350.071,437.94,567.174,2.5052,4.62724,7.32752,24.7961,16.0771,25.9178,66.409,73.732,204.16,214.335,340.352,758.425,2.66869,4.1579,9.96048,15.6869,28.4957,18.8251,29.1418,113.091,67.7916,153.525,174.809,585.033,2.75591,4.02956,7.15819,9.76403,11.0107,21.355,22.6155,42.6227,70.5699,143.402,124.224,325.786,2.69427,3.00231,5.64619,8.36978,11.0414,21.6157,43.6034,51.5146,47.6578,95.9877,147.245,360.893,2.8353,2.82752,6.24605,5.51936,9.22893,12.4773,19.9288,57.7908,33.9655,83.558,181.536,185.126,2.15587,2.9726,5.55888,6.22507,7.51298,9.85148,12.5684,25.0469,24.3025,57.4567,83.0911,97.033,2.17892,3.22323,5.42054,7.45261,10.3489,8.62154,11.2538,22.2417,17.9346,24.348,47.6004,69.3233,2.10602,2.49768,3.98177,5.60878,6.79807,9.75751,14.2283,12.8934,16.0524,38.235,35.3086,53.5894,2.03475,2.24546,4.08517,4.88541,7.62795,10.1619,10.0313,11.6547,17.3152,17.4296,22.2698,48.4261,1.96219,2.1613,3.09792,3.90951,4.91075,7.9768,8.8788,13.1754,15.6192,19.9878,27.7612,44.3572
11800,21.4981,24.2358,51.515,110.655,87.7193,182.158,267.62,355.616,482.012,590.747,1097.4,1530.67,18.5044,27.2376,71.4896,74.3019,106.354,154.007,165.028,282.823,331.937,518.54,1041.3,1354.19,10.8015,24.8933,57.6631,85.4154,104.931,138.834,219.101,230.092,541.899,681.837,722.259,1032.41,10.5303,28.6359,57.2375,101.546,103.434,150.675,198.073,282.412,422.417,578.262,832.042,1038.56,12.6751,24.1457,49.6913,76.9606,102.398,127.879,281.931,436.616,398.851,740.096,801.312,1358.52,13.4694,23.8037,66.5865,48.7219,69.6105,137.363,182.109,323.667,403.255,773.857,781.878,1353.52,16.7793,19.78,41.9113,69.3095,100.363,133.586,144.076,305.956,352.698,521.052,897.136,1008.9,11.5967,15.7032,42.8226,52.7234,80.8451,121.951,154.329,331.7,374.873,596.655,693.066,1239.44,13.1519,16.2897,27.7282,47.89,67.7739,127.428,178.603,207.119,321.931,655.702,628.061,884.381,12.0319,17.0588,26.8213,49.5719,74.2859,98.0274,137.405,200.993,203.76,365.249,619.14,768.612,5.87193,10.9972,29.3208,34.5924,60.3643,148.421,116.386,146.516,271.8,414.558,622.646,765.86,10.4503,13.1869,31.18,38.6591,42.802,92.2389,143.572,149.844,249.48,321.513,375.025,838.25,4.47516,12.8523,13.8329,26.7271,48.8686,92.5125,97.2428,143.363,203.906,291.472,453.087,805.935,8.84232,8.7828,11.5371,21.8262,41.1963,53.9132,94.4317,132.509,145.739,277.426,370.151,588.83,4.20939,8.38908,10.1984,24.1672,25.2646,89.2325,60.5722,99.823,264.969,350.139,437.641,566.535,2.51449,4.55247,7.00541,22.1077,13.5953,25.3558,67.3196,70.6083,199.044,223.401,263.48,644.196,2.68487,4.2677,9.86808,16.9357,26.768,18.9328,32.7799,100.485,66.8003,157.059,142.271,669.231,3.09669,3.95532,7.45969,9.65925,14.6399,20.5332,26.8234,54.5603,66.7002,147.457,125.693,307.098,2.67533,3.03938,5.83449,7.89849,11.7473,21.2236,39.8847,51.0018,42.7269,96.9912,145.743,471.687,2.64753,2.86084,5.90002,5.29737,9.45757,12.1932,19.9251,62.2091,35.6514,79.0684,178.69,181.728,2.44697,2.9922,5.2048,5.87527,7.29788,10.1894,13.7177,24.727,24.7828,56.1683,78.6465,95.401,2.16964,3.14904,5.38252,7.42742,10.1009,8.28024,10.976,22.0592,17.9962,24.2964,46.4637,67.2441,2.02735,2.5037,4.27101,5.61034,6.61994,9.85522,14.3784,12.5746,15.2991,37.6838,36.1847,53.7242,1.95062,2.38874,4.29229,4.7325,7.94914,9.60025,10.1467,11.8351,16.278,17.0737,21.5574,48.8484,2.0338,2.08167,3.03608,3.89838,5.05607,7.98007,8.85879,13.3855,15.714,19.4447,27.3922,43.4598
11900,21.4981,25.3338,50.9785,116.75,87.7193,182.158,267.62,355.467,482.012,608.799,1161.73,1530.67,18.5044,24.439,69.9735,74.6442,126.302,154.007,165.028,322.313,441.021,539.787,903.072,1421.21,10.8015,26.9167,57.6631,94.6242,104.931,143.777,254.923,230.092,529.599,664.665,722.259,1032.41,11.43,28.6359,58.3952,101.546,103.434,153.486,198.073,282.412,392.322,578.262,832.042,1217.87,13.2036,24.7364,49.6913,66.5093,102.398,127.879,281.734,383.498,398.851,591.295,882.072,1378.91,13.4837,23.8037,58.4556,56.9996,85.7013,140.386,181.246,329.758,363.516,769.377,782.189,1383.09,16.7793,19.6296,42.6324,67.5802,100.363,133.586,182.925,305.956,413.129,501.852,897.136,1008.9,11.7714,18.3314,43.083,54.6329,78.4011,135.167,147.917,330.202,374.884,596.655,621.162,1223.71,13.0358,17.1604,28.6271,44.0758,69.1578,127.467,178.603,207.171,337.153,655.723,628.069,786.285,11.7223,15.3478,27.9299,52.1841,74.0423,94.4139,138.008,198.249,231.833,377.64,571.253,768.68,5.84475,12.5027,26.9174,35.5904,64.5541,149.153,112.486,144.84,278.304,414.61,622.767,765.669,10.0144,14.4116,30.8996,39.9899,42.9247,121.065,115.087,149.107,241.918,321.735,373.087,710.925,4.64775,12.7044,13.2238,26.696,45.3025,95.7317,94.5172,134.165,216.92,306.573,447.943,801.855,7.65411,10.8188,11.1721,20.7887,41.2096,55.8306,98.6692,133.909,143.948,331.416,374.017,533.809,4.22772,7.11096,10.1605,25.2175,25.6808,87.0198,68.1936,98.0353,189.198,351.202,410.916,572.151,2.56099,4.43998,7.16772,25.2352,13.7088,31.7799,50.0425,83.7451,197.826,194.342,313.715,782.696,2.7636,4.17836,9.29139,15.4993,26.5423,18.7511,31.5788,105.12,65.8538,152.674,146.488,653.529,2.93788,3.84974,7.2642,9.24335,14.8402,22.0168,25.707,39.4026,70.8961,157.286,122.852,310.66,2.71798,3.08302,5.59896,7.27616,11.7051,20.443,42.3188,52.0483,54.2833,99.7049,147.357,345.38,2.6106,3.16053,5.69147,5.25965,8.99423,12.1983,22.5279,56.1357,35.6019,78.4862,174.712,163.788,2.41811,3.21454,5.21904,5.91562,7.18695,10.1625,13.253,23.9246,24.037,62.4894,58.9256,94.0583,2.16465,3.11637,5.14634,7.1478,9.50474,7.93877,10.635,22.5453,16.6063,25.8777,46.8966,72.247,2.08095,2.42865,3.98046,5.48824,6.44549,11.1688,13.8534,12.3988,15.566,37.4207,36.1334,55.0692,1.92311,2.29577,4.29204,5.10095,7.79954,9.27435,9.85254,12.8844,16.0234,17.4054,21.8111,47.9997,1.95425,2.25891,3.00699,3.98234,5.18618,7.86441,8.71683,13.6924,15.7178,19.1134,26.425,44.7958
12000,19.9358,25.4355,50.9785,116.75,83.1493,182.158,267.62,329.966,482.012,608.799,1202.28,1530.67,18.5044,22.3909,71.4896,78.0288,95.6559,154.007,162.875,322.528,338.291,476.53,1041.3,1369.2,10.8015,27.1236,57.6631,76.4103,104.931,143.777,239.926,230.092,529.599,681.837,722.259,1032.41,11.6816,28.6359,54.6522,101.546,103.434,153.486,198.073,282.412,422.417,578.262,832.042,1038.56,13.2312,25.5687,49.6913,80.1587,97.2535,127.879,281.734,407.62,398.851,740.096,882.072,1378.91,14.717,23.8037,65.1327,52.2658,87.0684,146.956,178.341,327.437,385.189,773.857,808.723,1293.67,16.3446,18.036,44.3884,69.3095,100.363,127.444,178.899,305.956,413.129,521.045,897.136,1008.9,11.9484,18.4387,42.0029,54.6533,80.9573,134.625,152.593,326.288,374.884,596.655,621.162,1239.44,13.8836,16.0851,29.1749,48.3159,69.1682,124.886,178.593,211.221,337.335,655.723,628.069,884.396,11.6472,14.2547,25.1036,51.7767,71.589,96.0707,140.009,198.998,227.61,379.428,632.399,749.745,6.07267,11.6991,25.0948,37.6442,62.8473,148.036,119.46,146.303,273.004,415.778,622.778,765.879,10.7561,14.6004,29.1123,42.7124,34.3694,108.53,141.349,148.858,247.05,322.016,451.348,822.944,4.52534,11.7152,14.2854,26.4053,44.0219,94.8117,87.3205,137.966,197.958,306.965,447.801,743.065,7.5923,11.1909,11.5167,22.0116,41.9486,55.3825,101.018,142.419,143.414,318.708,369.228,656.067,4.45597,8.71674,10.5364,26.1916,24.6928,92.1891,60.172,72.9182,253.656,323.028,443.215,570.942,2.61606,4.15911,7.41945,23.8676,12.5995,34.1326,76.8078,73.928,201.493,233.858,320.248,767.071,2.68754,4.57366,9.06438,14.4003,25.8744,18.6731,33.2205,112.42,64.9956,152.31,168.141,631.799,2.92746,3.82038,6.84459,8.99661,14.5032,20.8951,26.2883,54.2279,61.0541,152.116,121.912,311.143,2.61144,3.30332,5.20223,7.75619,11.2947,19.9112,41.2469,46.033,55.5578,99.8856,200.21,335.678,2.69188,3.06022,5.64711,5.22626,8.86237,12.1891,22.2836,60.8061,35.0204,79.7128,158.575,177.234,2.41339,3.46423,5.37538,5.66967,6.8198,10.5739,12.9564,25.2639,23.3934,61.3398,74.9654,152.796,2.07683,2.94449,5.07791,6.76432,9.09265,7.8887,10.6438,22.0971,16.8899,26.3861,44.894,67.4409,2.08305,2.37471,3.77039,5.28808,6.2943,10.4996,13.1997,11.9847,15.158,37.111,36.583,53.6308,1.93401,2.33242,4.39052,5.03159,7.15612,8.76307,10.0628,12.7676,15.9223,17.8922,22.3758,47.9275,1.97204,2.13744,3.01224,4.25255,5.09755,7.63164,8.5136,13.8024,15.346,19.7788,26.88,44.4899
12100,21.4981,25.4355,50.9785,116.75,82.5208,182.158,267.62,355.198,497.395,593.849,1161.73,1530.67,18.5044,27.6205,69.3281,78.0288,123.463,154.007,165.028,322.528,355.924,526.757,1041.3,1421.21,11.3682,27.1236,57.6631,84.5424,109.355,144.102,254.923,254.194,529.599,681.837,722.259,1032.41,10.7435,28.6359,57.2375,101.546,103.434,153.486,217.338,282.412,422.417,578.262,794.457,1038.56,13.2312,26.6814,49.6913,79.7019,99.6602,119.792,281.734,407.62,398.851,740.096,882.072,1378.91,14.9398,23.8037,66.5865,56.9996,87.0684,146.956,178.96,327.437,403.255,773.857,808.723,1383.09,16.7811,19.6296,44.1314,69.3095,100.363,133.592,165.57,305.956,413.129,499.099,897.136,1008.9,12.0447,19.0138,42.4387,57.5541,80.5392,110.755,142.158,331.74,374.897,596.66,590.851,1201.7,13.3823,15.9488,30.1146,59.991,69.1588,129.671,178.593,211.333,337.263,655.748,628.069,884.418,12.483,16.9086,26.7585,52.3646,64.2688,97.2337,123.379,199.047,211.468,379.436,618.314,768.745,6.44414,11.7702,23.5906,38.5927,63.1066,139.743,116.81,135.361,273.009,417.069,622.739,765.882,11.1029,12.8215,29.6802,42.1245,49.2163,121.186,144.041,150.168,245.15,322.147,369.447,801.109,4.63589,12.2751,13.88,26.1632,50.5766,82.6614,96.3694,129.674,163.081,304.954,450.253,731.822,7.9595,11.5101,10.9819,22.4286,41.8284,54.4978,60.6587,141.254,141.616,318.725,373.507,627.47,4.28743,8.89679,10.3786,26.045,25.0655,94.4887,59.1793,99.9257,267.456,343.688,396.477,562.074,3.24268,4.21766,7.53125,24.3916,13.2022,32.9837,71.6926,72.934,206.379,225.535,325.063,781.298,2.72416,4.87162,8.78865,15.0463,25.2442,18.8989,34.0643,111.491,64.8813,114.812,146.581,637.323,3.09009,3.71729,7.66334,8.77649,15.0755,20.755,26.4443,50.9821,68.9729,112.99,120.312,310.899,2.65663,3.34852,5.24504,7.72197,10.2797,19.9348,42.2019,47.8654,47.7445,99.6376,227.416,410.535,2.59288,3.04258,5.71354,5.13181,9.14009,12.8222,20.3083,61.6317,36.0174,77.9532,170.95,200.925,2.43086,4.4617,5.48329,5.62829,6.35165,10.7506,12.6749,25.4809,23.2921,55.0135,71.5071,93.626,2.07281,2.93594,4.91906,6.85585,8.74888,7.96832,10.6768,21.5223,16.6633,24.7508,44.8143,64.3326,2.08068,2.83794,4.66822,5.98723,6.07464,10.1898,12.7782,12.0293,14.9557,36.2638,36.5631,51.9609,2.00454,2.2676,4.4127,5.10042,7.32504,8.64122,9.82311,12.2024,15.2566,17.247,20.9167,50.0815,2.11203,2.11959,3.09155,4.09844,5.04213,7.79448,8.37705,13.7579,15.6166,20.44,27.4808,43.6456
12200,18.3266,25.4355,50.9785,112.033,87.7193,182.158,267.62,355.467,482.012,608.799,1111.21,1530.67,18.5497,27.2376,71.4896,78.0288,121.047,154.007,153.902,322.632,441.021,539.787,1041.3,1375.18,10.8015,27.1236,57.6631,82.7859,100.482,143.777,254.923,235.716,505.188,634.543,722.259,1032.41,11.43,28.7782,57.2375,95.4561,103.434,143.166,184.656,282.412,422.417,546.647,832.042,1071.94,13.3445,26.0614,48.2983,78.7762,84.9361,118.08,277.063,401.423,398.851,740.096,854.335,1378.91,14.9579,23.8037,66.5865,56.9996,87.0684,146.956,182.109,331.465,363.971,773.857,796.362,1383.09,16.7811,19.6296,44.1314,69.3095,100.363,117.599,152.58,297.147,413.129,521.045,897.136,1008.9,11.9374,18.6659,43.2111,56.0293,80.5416,119.186,138.047,301.035,313.756,596.668,610.258,1132.21,12.8329,15.8153,28.9782,47.4372,69.1643,122.708,178.603,211.339,337.359,655.769,624.985,855.903,12.8503,16.9768,25.3783,52.0972,69.9306,93.5109,141.589,202.428,184.217,351.842,527.066,721.682,5.95317,11.9888,27.0378,38.7572,63.6749,146.707,115.107,151.336,271.788,396.277,622.866,733.82,10.6014,14.5416,29.7528,41.5844,44.1312,126.009,123.146,147.139,248.497,321.278,367.531,816.157,5.74625,11.716,13.9581,26.6599,50.4883,98.7335,96.4631,134.179,197.591,305.257,421.767,812.315,8.30833,10.0698,11.2625,20.2862,41.0242,48.0096,98.5299,123.413,134.3,325.137,404.33,672.516,4.39244,9.17268,10.3042,22.3561,24.8511,92.8568,58.6114,102.078,252.567,323.066,455.714,550.548,3.46215,4.04571,7.06935,24.2353,13.9149,33.0364,67.586,58.8472,204.468,222.792,296.114,777.082,2.5409,4.91448,9.83062,14.9077,25.5695,18.3545,20.7176,91.8257,64.5984,154.054,140.437,526.632,3.2793,3.8043,7.68989,8.6007,15.2028,20.0815,26.7067,53.5949,64.6893,154.964,119.428,313,2.79878,3.39261,5.41888,7.39929,10.2647,19.5349,40.863,52.908,46.5576,99.584,219.903,398.606,2.49794,3.09722,5.69164,5.38746,9.76836,12.7228,18.4352,58.1688,34.8479,79.2343,171.944,173.409,2.30601,4.13913,5.50534,5.48117,6.55301,11.5621,12.6614,24.8334,22.5661,59.8133,69.8937,91.9434,2.11003,2.88178,4.9321,6.55713,8.43075,8.12684,10.7915,21.7076,16.4797,26.7293,45.2551,69.16,2.06689,2.82969,4.38899,5.98239,6.03103,10.5047,12.3733,11.7242,14.6566,34.9132,37.1183,52.2132,1.96391,2.24148,4.14642,5.09004,7.11151,8.46535,9.63846,13.0871,14.6573,17.1481,22.0754,50.4512,2.04301,2.09885,3.23092,4.18236,4.88979,7.623,8.20066,13.531,16.844,19.9532,26.4018,44.0557
12300,21.4981,23.9346,49.2354,101.369,87.7193,182.158,267.94,355.467,482.012,608.799,1161.73,1373.11,17.59,27.2376,71.4896,78.0288,114.5,154.007,165.028,322.528,367.297,528.055,1041.3,1421.21,10.8015,25.3616,57.6631,85.4154,99.8095,143.777,254.923,230.092,529.599,681.837,744.102,1032.41,11.43,28.6359,57.2375,101.546,103.434,153.486,198.073,282.412,422.417,578.262,832.042,1038.56,13.2412,26.6814,49.6913,78.7762,102.398,129.237,281.734,382.76,398.851,580.379,863.68,1378.91,14.9579,18.1843,66.5865,56.9996,87.0684,156.917,182.109,323.303,403.255,742.436,808.723,1383.09,16.7929,19.6296,44.1314,69.3095,100.363,133.592,165.57,274.078,413.129,521.052,897.136,1008.9,11.6576,18.6219,43.2111,56.0056,80.1643,129.049,146.077,331.772,337.522,581.491,621.169,1213.43,13.3512,15.8735,30.1332,44.6749,69.1484,130.653,178.618,166.925,325.205,655.309,628.099,884.447,12.8818,16.7258,26.3179,52.0575,72.1227,94.9394,141.007,199.683,212.578,376.405,632.652,768.863,6.58699,12.7874,27.8948,38.6895,64.812,147.328,97.5319,133.193,272.948,415.913,622.921,766.156,10.5875,14.463,24.9269,42.6123,44.3766,122.468,113.684,149.316,251.974,328.939,373.293,816.447,5.66412,11.3122,14.0744,26.581,48.2841,78.15,97.8315,122.97,164.402,303.805,450.043,832.68,9.60481,11.8917,11.5593,22.3777,39.3712,49.2422,99.9245,136.134,144.227,326.29,325.99,594.839,4.15148,6.35341,10.3889,26.6944,24.9075,92.7991,58.0949,100.059,261.932,338.721,446.452,558.864,3.39594,4.04571,8.92564,23.8605,12.7265,34.5448,69.5932,72.8942,197.447,231.102,319.042,767.805,3.00274,4.74788,8.46563,15.7837,24.2537,17.845,32.3029,126.068,63.1091,154.155,139.727,605.266,3.12314,3.46563,6.90618,8.40572,15.0277,18.0885,26.8758,52.4958,65.5755,139.04,116.686,257.281,2.90973,3.1328,5.43382,7.28717,10.7505,20.0613,40.4603,44.3778,51.0076,106.17,198.732,254.331,2.45543,3.5004,5.49991,5.72792,9.51365,12.6361,21.3868,59.1242,34.6233,86.5399,154.528,148.923,2.26023,4.02328,5.58407,5.7016,6.53732,11.0466,12.425,25.3565,21.9713,58.2083,60.9885,91.8092,2.08063,2.72228,5.63388,6.48226,8.18081,7.7716,11.0181,22.6845,15.9119,24.5381,45.1411,76.1877,1.98002,2.69123,5.01004,5.75789,5.82339,12.3671,12.2793,11.6546,14.7597,34.5993,37.4559,50.4797,1.9938,2.29031,4.13033,5.61278,6.95197,8.25874,9.43635,12.3366,14.7161,17.1694,21.6944,48.667,1.995,2.32931,3.42032,5.3151,4.77007,7.38544,8.15735,13.9746,16.6992,19.5687,25.8998,43.9753
12400,20.4714,23.6,50.1722,113.314,89.7045,182.158,267.62,355.467,461.433,608.799,1161.73,1530.67,18.5044,27.2376,71.4896,71.3069,121.047,154.007,158.947,322.528,441.021,539.787,1041.3,1421.21,9.05021,27.1236,63.5798,85.4154,104.931,175.216,254.923,228.279,529.599,681.837,812.667,1032.41,11.43,27.2414,56.7542,99.7306,103.434,153.486,198.073,282.412,452.234,578.262,755.284,1038.56,13.2412,26.6814,49.6913,78.7762,102.398,127.879,188.312,393.197,398.851,649.791,882.072,1378.91,13.5189,23.0447,66.5865,56.9996,88.9493,147.008,182.109,327.437,391.014,773.857,808.723,1383.09,16.7929,19.6296,44.1314,69.3095,100.363,133.592,165.57,305.956,362.471,521.052,897.136,1008.9,11.9723,18.2009,43.5174,57.5632,80.5225,134.631,143.366,331.772,326.778,596.688,621.169,1105.07,13.4679,15.9159,26.6625,46.2271,67.26,120.779,161.712,207.168,337.296,655.79,628.114,908.572,13.5699,17.1946,25.9214,52.5614,75.0214,95.7006,130.801,199.739,229.233,376.482,632.719,768.866,6.33113,12.5427,27.6819,36.1463,64.775,146.349,113.626,144.048,232.669,383.109,622.873,766.258,10.0056,14.0602,29.4916,37.5415,40.5696,121.801,130.508,147.652,250.636,321.12,427.399,823.622,5.63652,11.7141,13.9628,27.5738,51.0552,102.671,96.279,130.777,159.777,305.581,461.65,816.064,8.55507,11.3583,11.2799,22.4864,39.5735,51.8781,99.2026,132.285,144.372,324.72,324.601,559.96,4.19062,9.86897,9.65111,26.1486,23.9471,89.4065,58.4623,96.7637,264.386,325.473,443.227,606.25,3.29959,4.04362,7.56116,23.4874,13.0158,34.3956,94.9364,86.6362,198.333,225.094,319.209,703.218,2.86278,4.94581,9.42285,12.4331,23.4916,18.663,31.8243,125.505,62.4492,152.01,139.465,590.706,3.20838,3.36173,6.83555,8.24842,15.9741,20.0201,27.2253,55.3849,67.0324,151.627,127.144,308.701,2.77515,3.03307,5.38281,7.53834,10.4645,19.8386,40.0146,44.7717,57.9275,98.6173,209.963,395.938,2.44378,3.19744,5.42093,5.8553,8.68053,12.8465,20.8334,57.6701,30.4553,84.7854,155.805,157.924,2.32155,3.81092,5.3175,5.69737,6.57392,11.2879,13.8358,23.2801,21.7061,57.9495,62.3763,92.7068,2.04421,2.75249,5.63479,6.11701,8.04035,8.30455,13.2456,21.7555,15.6249,24.4573,49.8237,71.0074,1.93682,2.75457,4.80708,5.87288,5.75412,11.8803,12.8226,11.6355,14.9646,34.0158,38.2952,51.5447,1.92059,2.22069,4.01697,5.35701,6.6453,8.18749,10.0184,12.5108,14.6363,17.0832,23.5571,49.4362,2.01016,2.28107,3.24694,4.773,4.81711,7.13804,8.39224,13.4272,16.5637,19.4188,27.8519,45.8524
12500,21.4981,23.1839,50.9785,116.75,87.7193,182.158,267.62,355.467,482.012,608.799,1161.73,1511.78,18.5044,27.2376,69.2954,78.0288,121.047,148.807,165.028,322.528,347.922,552.209,1041.3,1421.21,10.8015,24.0136,58.802,82.8561,106.093,143.777,254.923,217.839,529.599,656.099,782.378,1019.97,11.43,27.8247,57.2375,101.546,103.434,137.75,198.073,282.412,422.417,560.096,832.042,1052.53,13.2412,26.6814,49.6913,75.6402,100.435,127.879,256.806,379.924,398.851,740.096,882.072,1340.72,14.9579,23.8037,66.5865,55.5665,84.7867,146.956,182.109,327.437,373.489,732.213,808.723,1383.09,16.7929,19.4833,44.3953,66.1362,100.363,133.592,165.57,305.97,413.129,521.052,859.076,1008.9,11.6808,18.5765,43.2083,56.0048,80.9931,134.631,150.892,331.788,327.487,596.696,523.862,1239.44,13.3504,17.0083,29.624,47.5962,68.0965,125,180.434,211.38,337.406,655.79,628.114,884.447,13.8893,17.1605,26.0195,53.9805,73.4676,92.1105,142.636,198.642,209.835,356.56,490.086,764.856,6.90529,12.0643,28.0745,38.4742,65.1696,146.512,119.993,141.968,268.328,414.872,623.064,766.329,10.9961,13.824,31.3633,41.7614,44.154,116.155,122.451,146.779,251.493,318.092,379.463,760.337,5.25823,11.7544,13.3682,26.8922,52.7461,99.8497,96.2419,125.107,169.825,321.712,451.832,650.003,8.631,11.158,13.442,22.3546,40.1818,48.8698,102.092,131.39,141.797,329.33,381.228,670.532,3.49626,8.86681,12.0838,19.795,23.2087,76.2337,58.1741,88.7382,260.262,346.993,443.466,560.653,3.32217,4.0009,7.25685,22.851,12.842,34.4423,57.6421,84.7721,175.723,213.509,328.201,758.742,2.84903,4.87276,8.90154,14.07,24.486,18.5683,34.3223,106.161,63.1521,157.143,138.753,470.524,3.20584,3.43511,7.12679,8.07993,13.9182,22.9952,25.6793,58.8059,65.5329,137.939,115.976,297.76,2.67871,2.95983,5.44914,7.34139,10.4244,19.1647,36.8126,54.7965,59.2027,106.529,205.853,420.396,2.45052,3.74793,5.13087,6.30586,8.9478,12.4658,21.2222,59.1434,33.165,80.3413,154.334,183.084,2.97333,3.76109,5.26069,6.0147,7.93314,11.763,17.6178,23.7386,21.1492,59.8811,66.8621,114.156,2.10597,2.61431,5.19322,5.87681,7.93493,8.83818,14.7602,20.4856,16.1126,24.7343,48.8795,70.001,1.94416,2.64964,4.8979,6.06154,6.10422,10.8844,12.5295,12.5126,14.9026,32.9145,36.3644,52.3279,1.81323,2.26036,4.31354,5.13926,6.6569,9.16099,12.0792,11.7089,13.8417,17.0856,22.2778,48.3315,1.98328,2.31513,3.21546,4.56776,5.00337,7.08655,8.05417,13.5901,16.1145,20.0536,27.9642,44.8213
12600,18.9019,25.4355,47.1592,114.006,87.7193,179.644,267.62,355.467,482.012,608.799,1161.73,1530.67,18.5044,28.8173,71.4896,78.0288,121.047,147.442,156.606,319.675,441.021,539.787,917.01,1408.29,10.8015,27.1236,55.402,75.0147,92.2022,143.777,254.339,227.935,521.266,681.837,719.808,1032.41,11.43,27.8834,57.2375,101.546,103.434,153.486,197.326,251.852,395.723,553.387,832.042,1026.61,13.2412,26.6814,49.6759,74.5762,104.331,127.879,281.734,407.62,398.851,760.581,882.072,1378.91,14.9579,23.9235,66.5865,56.9996,87.0684,146.956,179.01,327.437,403.255,773.857,808.723,1373.11,16.7929,19.4833,44.3953,61.0522,99.2648,129.844,165.564,287.637,413.129,484.275,897.136,1008.9,11.3825,18.5647,40.7058,46.1071,80.9652,127.342,151.631,287.871,363.04,576.709,621.169,1239.44,13.9866,15.71,29.3275,47.3552,68.1195,130.85,182.965,207.249,337.326,655.79,628.114,884.447,12.5305,16.6506,25.6717,51.9684,74.8727,95.8547,141.108,197.886,211.401,376.617,626.55,764.979,6.30599,11.2451,27.6828,39.1601,65.5414,144.335,119.476,141.987,276.343,416,623.071,766.407,10.273,13.5447,30.152,43.9875,43.6964,122.387,128.194,143.574,238.882,315.154,382.102,816.805,5.70809,12.1839,13.7754,27.8973,48.5719,98.2831,95.6995,133.183,172.229,307.889,456.268,828.256,8.99265,11.0162,11.244,21.9118,42.2603,47.5045,73.1453,135.454,135.169,323.56,376.057,592.117,4.10107,8.80874,14.353,27.7706,23.7935,92.0148,54.7089,93.9874,256.378,341.694,441.872,569.621,3.25511,4.14672,6.94034,25.5934,13.6675,23.9135,67.2697,72.9495,203.146,202.162,343.006,760.589,3.00924,4.54261,9.14029,15.5235,20.1872,18.4209,29.1147,105.205,60.7376,155.212,177.397,494.196,3.00676,3.54193,8.63836,7.74964,16.8833,20.973,25.9053,51.8268,69.54,132.906,112.632,259.442,2.80775,2.78487,5.38103,7.56027,10.5004,19.6799,37.4162,56.1527,53.1156,116.843,183.207,379.209,2.42562,3.91599,4.98363,6.60016,8.5651,12.1289,20.9233,52.426,31.906,83.687,151.736,225.343,2.88083,3.54482,4.95277,6.03127,7.43384,11.9434,16.2733,24.5459,21.2958,55.527,64.055,91.5033,2.1347,2.67594,5.29963,5.68378,7.93045,8.47867,13.6469,19.7868,17.7822,24.0683,47.8477,66.2463,1.98917,2.47494,4.71143,5.48396,6.44364,10.2925,12.5906,14.6861,15.1813,32.9157,37.0868,56.6607,1.89938,2.14607,4.19051,5.10232,6.54195,11.2723,11.8899,13.3707,14.0982,17.0927,21.4,48.0271,1.8423,2.15389,2.9833,4.32249,5.35998,7.27632,8.09867,13.8827,16.0252,19.4068,26.9923,44.0896
12700,21.4981,24.2358,51.515,110.655,87.7193,182.158,267.62,355.616,482.012,590.747,1097.4,1530.67,18.5044,27.2376,71.4896,74.3019,106.354,154.007,165.028,282.823,331.937,518.54,1041.3,1354.19,10.8015,24.8933,57.6631,85.4154,104.931,138.834,219.101,230.092,541.899,681.837,722.259,1032.41,10.5303,28.6359,57.2375,101.546,103.434,150.675,198.073,282.412,422.417,578.262,832.042,1038.56,12.6851,24.8304,49.6913,76.9606,102.398,127.879,281.931,436.616,398.851,740.096,801.312,1358.52,14.9579,24.0997,66.5865,48.7219,69.6196,137.363,182.109,323.667,403.255,773.857,781.878,1353.52,16.7929,19.4833,41.092,69.3095,100.363,133.599,144.068,305.97,352.698,521.022,897.151,1008.9,11.6151,15.5058,42.9886,53.9638,80.9843,121.415,154.353,331.837,374.886,596.696,693.073,1239.44,14.0632,16.4434,30.0785,46.0312,68.1403,132.915,182.962,208.463,321.705,655.79,628.114,884.447,13.5271,17.0853,26.2553,47.2966,72.4643,95.4233,141.507,201.062,221.763,364.29,613.368,765.021,7.08065,11.2692,29.8023,35.6842,61.2141,151.316,120.686,142.96,278.399,416.032,629.656,766.575,11.3108,13.6495,30.2325,41.3566,44.5134,121.203,127.609,145.074,249.761,320.488,385.688,816.878,5.40561,10.7417,13.4078,25.4036,47.1635,89.8924,97.3856,129.601,167.633,288.666,456.449,828.512,8.63343,10.8448,11.1685,23.0404,42.5892,47.2111,70.829,138.08,138.828,280.516,403.108,674.999,3.85271,9.51657,12.8551,26.3305,22.7637,90.6816,57.5928,99.2178,263.868,347.365,447.47,567.59,3.08738,4.21245,7.10998,23.758,12.8037,23.5235,68.5856,78.5469,198.357,220.104,269.141,636.187,3.30752,4.41517,9.27665,17.5283,24.2717,17.9741,35.2085,116.118,60.628,154.671,143.139,679.937,3.13973,3.54983,9.17481,7.58293,28.6806,20.7648,26.9146,60.0758,64.322,137.515,114.959,270.062,2.97308,3.28881,5.14148,8.13868,10.5575,21.26,34.6086,56.0401,59.0917,101.685,209.333,403.891,2.56295,3.79476,4.9705,6.59311,8.4089,12.0919,23.2863,51.6829,31.8063,80.2593,141.841,231.645,2.64963,3.55181,4.86424,6.00349,7.42023,12.0976,14.6328,25.1353,21.3339,53.5081,61.319,90.7228,2.04263,2.86098,5.15685,5.57955,7.7852,8.44249,13.1218,19.6155,16.308,23.4475,53.9972,68.0776,1.9696,2.54599,4.35913,5.58188,6.63393,9.90909,12.5028,18.4048,15.3469,32.4638,35.7542,55.8945,1.97028,2.32136,4.01171,4.94481,6.52531,10.6677,11.1841,12.7501,13.9398,16.6003,21.7222,48.0362,1.78967,2.11652,3.12125,4.15311,5.38176,7.51508,8.23273,13.2617,15.5877,20.09,27.8923,44.4425
12800,21.4981,25.3338,50.9785,116.75,87.7193,182.158,267.62,355.467,482.012,608.799,1161.73,1530.67,18.5044,24.439,69.9735,74.6442,126.302,154.007,165.028,322.313,441.021,539.787,903.072,1421.21,10.8015,26.9167,57.6631,94.6242,104.931,143.777,254.923,230.092,529.599,664.665,722.259,1032.41,11.43,28.6359,58.3952,101.546,103.434,153.486,198.073,282.412,392.322,578.262,832.042,1217.87,13.2223,24.7364,49.6913,66.5093,102.398,127.879,281.734,383.498,398.851,591.295,882.072,1378.91,14.9579,24.0997,58.4556,56.9996,85.7013,140.386,181.246,329.758,363.516,769.377,782.189,1383.09,16.7929,19.4833,41.814,67.5802,100.363,133.599,182.919,305.97,413.129,501.834,897.151,1008.9,11.6585,18.6777,42.9886,55.2754,78.1367,134.631,147.964,330.251,374.911,596.696,621.176,1223.71,14.0993,16.5225,29.8879,41.8916,68.2041,130.789,182.972,208.433,337.231,655.748,628.114,786.307,12.8024,16.0209,27.5784,48.96,75.39,95.6809,140.909,201.08,231.069,378.562,571.845,765.059,6.71113,12.3618,26.9947,37.1041,67.0723,153.419,113.522,146.406,276.372,414.897,629.694,766.444,12.3412,14.0768,29.7018,42.2384,46.1845,124.215,133.135,142.587,255.444,315.671,382.947,824.062,5.68271,11.087,12.5232,29.2301,46.478,87.513,97.6669,131.042,177.865,306.501,456.715,812.138,9.24002,10.671,11.0195,23.5562,43.485,49.1919,81.3946,127.943,141.633,331.174,403.516,612.041,4.0457,8.07746,12.161,25.0601,22.305,96.3638,69.9598,97.4001,257.802,352.765,421.785,561.016,3.00622,4.30662,7.48007,24.3084,12.1352,35.9088,53.2003,87.5598,191.418,195.25,264.134,759.454,3.26155,4.29657,10.1671,16.4465,20.1178,17.8402,35.4022,113.809,59.6193,152.603,140.727,534.98,3.16747,3.79479,9.72879,7.61394,22.8308,22.8253,28.5757,68.2034,70.38,135.564,112.846,308.064,2.87444,2.82995,5.14706,8.35527,10.37,20.1105,41.1299,56.3584,60.1703,116.026,204.071,349.19,2.62926,3.81863,5.31163,6.41933,8.41478,11.6851,21.1839,51.5137,31.6474,87.3109,148.67,235.183,2.61134,3.66576,4.85861,6.07382,7.66025,12.6036,13.595,22.5455,22.6675,58.0551,57.2569,90.6765,2.00621,3.10442,4.7496,5.41213,7.82861,8.59811,14.4896,19.2659,16.8734,24.4071,71.6945,73.7667,1.92978,2.49717,4.15708,5.62903,6.36735,10.3497,11.9994,18.077,14.8073,32.3716,37.7436,52.7928,1.96858,2.18143,3.85921,4.86824,6.23679,10.2198,11.1915,12.5032,14.2019,17.4111,22.9048,47.5452,1.82739,2.08625,3.33561,4.07394,5.56387,7.37236,8.41884,13.4366,15.9909,20.3348,27.3204,44.8246
12900,19.9358,25.4355,50.9785,116.75,83.1493,182.158,267.62,329.966,482.012,608.799,1202.28,1530.67,18.5044,22.3909,71.4896,78.0288,95.6559,154.007,162.875,322.528,338.291,476.53,1041.3,1369.2,10.8015,27.1236,57.6631,76.4103,104.931,143.777,239.926,230.092,529.599,681.837,722.259,1032.41,11.6816,28.6359,54.6522,101.546,103.434,153.486,198.073,282.412,422.417,578.262,832.042,1038.56,13.2412,25.5687,49.6913,80.1587,97.2535,127.879,281.734,407.62,398.851,740.096,882.072,1378.91,14.9579,24.0997,66.0025,52.2572,87.0684,146.956,178.341,327.437,385.189,773.857,808.723,1293.67,16.3477,17.8897,43.5752,69.3095,100.363,127.451,178.899,305.97,413.129,521.022,897.151,1008.9,11.9157,18.2117,41.8893,58.0808,81.0038,134.644,152.655,326.443,374.911,596.696,621.176,1239.44,13.9219,16.0997,30.7181,46.5501,68.1786,117.556,182.999,208.525,337.421,655.769,628.108,884.484,12.9958,14.5252,25.9885,49.9853,74.3954,98.4743,137.037,200.204,213.549,378.726,626.75,746.429,6.87704,12.3939,28.2181,37.7022,65.9143,157.123,112.424,144.704,277.548,414.905,629.832,766.503,12.2114,13.1312,29.5171,41.4782,44.9017,110.685,127.9,145.597,252.931,318.763,463.911,824.188,5.40366,11.0901,13.0952,27.293,48.6466,79.002,90.2959,130.954,166.076,311.326,456.615,762.945,8.99541,10.3127,13.7902,23.7217,44.0086,46.6472,102.602,136.71,140.696,321.223,393.936,638.56,3.70666,9.69036,11.9422,24.782,21.2647,91.0758,59.725,95.7356,257.086,352.348,450.727,568.241,2.95677,4.32227,7.38328,22.2534,12.0197,38.8403,77.6516,89.4287,170.178,224.446,277.444,750.048,3.16636,4.23038,8.96663,14.968,24.5646,17.3223,34.2767,77.6023,59.7405,151.013,165.539,611.949,3.06935,3.83487,10.6128,7.40601,19.3741,22.4791,25.9195,67.2543,57.9782,133.578,114.738,285.882,3.46315,2.95318,5.0012,7.7262,9.46612,20.687,36.8595,52.0071,59.6302,100.663,209.664,324.093,2.7145,3.76697,5.24797,7.04293,8.19889,11.5954,21.1324,53.8961,31.6689,103.495,137.865,206.044,2.43135,4.18095,4.73315,5.66774,7.54491,12.1267,13.0686,22.1056,23.1447,58.6852,53.6646,146.694,1.99067,3.13157,4.63585,5.32607,7.67028,8.41137,17.2341,19.8483,17.8308,23.6145,61.2394,67.3206,1.89943,2.53196,4.03823,5.5538,6.19609,10.9372,12.1432,16.6612,14.8657,33.5894,35.6095,54.3355,1.9474,2.45433,3.75802,4.69497,7.04676,9.85285,10.8235,12.3127,15.3735,17.5783,21.5833,48.0515,1.92063,2.1221,3.41352,3.89833,5.47379,7.19344,8.70108,13.3111,16.1522,21.0039,28.3748,44.6885
13000,21.4981,25.4355,50.9785,116.75,82.5208,182.158,267.62,355.198,497.395,593.849,1161.73,1530.67,18.5044,27.6205,69.3281,78.0288,123.463,154.007,165.028,322.528,355.924,526.757,1041.3,1421.21,11.3682,27.1236,57.6631,84.5424,109.355,144.102,254.923,254.194,529.599,681.837,722.259,1032.41,10.7997,28.6359,57.2375,101.546,103.434,153.486,217.338,282.412,422.417,578.262,794.457,1038.56,13.2412,26.6814,49.6913,79.7019,99.6602,119.792,281.734,407.62,398.851,740.096,882.072,1378.91,14.9579,24.0997,66.5865,56.9996,87.0684,146.956,178.96,327.437,403.255,773.857,808.723,1383.09,16.4375,19.4833,43.5752,69.3195,100.363,133.599,165.564,305.97,413.129,499.084,897.151,1008.9,11.8688,19.0006,42.2499,56.5869,81.4356,110.767,142.222,331.871,374.933,596.696,590.865,1201.7,13.3284,16.0562,31.814,56.7795,68.271,130.896,183.009,204.39,337.27,655.769,628.114,884.484,12.0717,16.2883,27.3396,51.4226,66.5856,94.6828,116.522,198.546,213.716,378.801,633.031,765.097,6.64054,12.2028,24.5986,38.9117,66.5838,139.039,114.924,133.579,277.568,414.938,629.816,766.446,12.0198,14.69,31.6322,40.5983,50.5229,128.934,128.034,144.537,251.511,318.929,376.615,796.442,5.44437,11.368,13.0244,31.0571,48.3851,74.8935,97.3604,124.723,161.752,307.498,458.706,731.641,8.50408,8.59142,13.0338,24.5656,41.5287,48.9389,69.8756,136.841,142.071,322.242,394.304,613.955,3.88076,9.64328,13.6607,24.8623,20.9434,91.2148,57.7802,96.1259,251.936,344.9,398.425,588.976,2.87879,4.81067,7.56569,24.1752,12.5243,35.0941,74.6259,86.7763,188.403,211.447,253.689,759.441,3.23836,4.23575,8.83404,19.4177,24.4639,17.3693,36.6652,93.3641,59.2452,115.344,146.595,547.55,3.0301,3.80423,9.85848,7.35603,15.9393,22.9769,25.3459,67.0095,64.3846,105.728,112.229,308.383,3.27644,2.85605,4.91652,8.37147,9.3897,20.0598,41.0069,57.4486,65.8565,95.8287,209.113,364.851,2.73949,3.65758,5.43078,7.12408,8.15682,11.3504,19.5148,54.2868,32.0292,98.1225,139.338,236.306,2.42174,3.79548,4.6495,5.31646,7.51512,10.8835,11.5256,21.651,23.2222,64.2055,53.6603,90.3337,2.01066,3.01277,4.49346,5.22994,7.64019,8.21121,16.8652,20.0508,17.2625,24.1952,59.4312,84.8071,1.90365,2.41956,3.97105,5.52531,6.22482,10.7946,11.9518,15.8352,14.2679,32.026,34.8369,52.3575,1.91311,2.42296,3.62665,4.56167,7.41242,9.55689,10.453,13.019,16.4675,16.9328,21.0278,47.0843,1.83947,2.22789,3.34893,3.92679,5.25774,7.05824,8.79983,13.3074,15.9084,19.4454,27.0282,43.8804
13100,18.3266,25.4355,50.9785,112.033,87.7193,182.158,267.62,355.467,482.012,608.799,1111.21,1530.67,18.5497,27.2376,71.4896,78.0288,121.047,154.007,153.902,322.632,441.021,539.787,1041.3,1375.18,10.8015,27.1236,57.6631,82.7859,100.482,143.777,254.923,235.716,505.188,634.543,722.259,1032.41,11.43,28.7782,57.2375,95.4561,103.434,143.166,184.656,282.412,422.417,546.647,832.042,1071.94,13.3545,26.6814,48.2983,78.7762,84.9361,118.08,277.063,401.423,398.851,740.096,854.335,1378.91,14.9579,24.0997,66.5865,56.9996,87.0684,146.956,182.109,331.457,363.971,773.857,796.362,1383.09,16.1627,19.3559,43.5752,69.3195,100.371,117.605,152.573,297.162,413.129,521.029,897.151,1008.9,11.8393,17.8958,42.8915,58.1296,80.416,119.179,138.073,300.726,313.773,596.696,610.265,1132.21,14.2802,15.9914,29.1516,46.8139,69.3651,124.064,183.04,205.904,336.889,655.769,625.055,855.965,12.5838,17.2366,26.5391,52.9409,70.0347,93.5054,135.518,200.5,187.312,353.321,533.949,717.769,6.79829,13.0866,29.6293,38.6039,65.6668,153.625,117.001,147.523,277.455,393.974,629.932,734.498,11.9502,13.5397,30.4169,40.4437,44.1173,129.014,123.529,145.462,257.051,311.382,378.425,832.234,5.62941,11.4191,13.1424,25.674,51.4849,86.9614,99.9584,128.865,166.882,303.837,423.333,805.131,8.80723,7.92589,13.7531,21.4808,43.2923,48.3483,71.5563,117.64,142.969,328.037,396.239,663.528,4.05733,10.0768,14.441,22.8609,21.0351,94.0114,58.357,96.1932,254.802,331.837,455.044,572.054,2.92525,4.68708,7.98258,22.9637,18.6667,40.2171,66.4621,58.9965,188.163,219.48,271.903,756.853,3.0878,3.95868,11.2903,20.1054,23.8436,16.8469,23.1067,85.8499,58.4042,154.722,193.78,545.634,2.95561,3.89449,10.4809,7.15307,16.6716,20.555,26.3806,59.8904,64.7813,128.021,112.138,312.668,3.59633,2.83261,4.95566,8.20336,9.84494,20.2254,41.5367,46.5602,53.2055,100.203,208.469,395.566,2.72176,3.71998,5.22337,6.79037,7.84564,11.3208,21.1563,56.6624,29.8259,87.0871,143.282,260.964,2.39356,3.83761,4.61052,5.08727,8.34534,11.2289,10.8479,22.2596,23.6793,64.3313,60.0116,87.3503,2.47393,3.11851,4.39899,5.06977,8.04611,8.23878,16.2455,18.9949,16.294,25.738,56.8878,82.6337,1.94043,2.45129,3.90537,5.47854,6.24672,10.9493,11.5999,15.0976,14.561,33.3749,35.3465,51.2883,1.78045,2.35477,3.53341,4.35519,7.55934,9.14204,10.1998,12.9804,18.8049,17.4838,22.8556,48.3966,1.80676,2.13865,3.34914,4.03972,5.36368,6.96525,8.75481,13.4026,16.1449,19.966,27.5057,45.7747
13200,21.4981,23.9346,49.2354,101.369,87.7193,182.158,267.94,355.467,482.012,608.799,1161.73,1373.11,17.59,27.2376,71.4896,78.0288,114.5,154.007,165.028,322.528,367.297,528.055,1041.3,1421.21,10.8015,25.3616,57.6631,85.4154,99.8095,143.777,254.923,230.092,529.599,681.837,744.102,1032.41,11.43,28.6359,57.2375,101.546,103.434,153.486,198.073,282.412,422.417,578.262,832.042,1038.56,13.2412,26.6814,49.6913,78.7762,102.398,129.237,281.734,382.76,398.851,580.379,863.68,1378.91,14.9579,18.538,66.5865,56.9996,87.0684,156.917,182.109,323.303,403.255,742.448,808.723,1383.09,16.2916,19.2305,43.5752,69.3195,100.371,133.599,165.564,274.092,413.129,521.029,897.151,1008.9,11.5288,18.4244,43.1676,57.1858,80.363,128.674,146.16,331.878,337.541,581.566,621.176,1213.37,13.7364,16.635,32.6343,43.3445,69.4007,130.918,183.063,172.204,327.65,655.248,628.111,884.49,12.8868,17.0037,26.12,52.7949,72.2173,94.2428,138.357,200.729,227.662,382.06,634.914,765.186,7.27463,12.9862,32.1745,38.9865,65.8432,153.915,94.1004,131.182,278.711,414.91,631.851,766.619,11.6454,13.1015,25.6087,41.1644,45.6335,123.081,121.54,142.717,258.541,309.919,385.325,832.474,5.99019,11.002,12.8286,25.7681,46.9495,86.724,98.3431,128.216,167.786,302.287,455.935,825.508,9.1328,10.6166,13.7183,24.2473,39.6616,50.5321,66.9804,125.748,144.758,333.848,340.548,603.228,4.04577,6.69069,16.5344,23.4381,20.7059,91.2075,78.9546,97.0286,263.747,345.044,452.953,582.145,2.9812,4.43383,8.53819,23.1102,17.6783,39.4253,68.6616,62.468,193.544,215.38,278.466,744.778,2.96741,3.91941,10.8482,19.4917,23.048,16.8406,35.7214,100.309,58.907,155.241,135.031,496.264,2.81353,3.81127,11.2955,7.02775,16.8149,22.0853,26.0472,58.535,64.3422,125.123,112.759,260.431,3.31582,2.77056,4.75019,7.73731,9.85775,19.78,40.9096,46.2168,60.6044,99.7723,214.278,390.98,2.66429,4.20753,5.06365,6.83044,8.12199,11.2271,20.9097,56.7929,30.279,112.979,137.21,237.624,2.45522,3.88852,4.65181,4.94124,6.62586,10.9865,11.8426,21.8757,21.705,56.3604,58.9085,235.239,2.28645,3.22619,4.21802,5.03762,8.79618,8.04605,15.504,19.7785,16.2653,25.0049,54.8274,83.4668,1.98069,2.42067,3.79294,5.26883,7.48225,10.4523,11.3444,14.5771,15.2155,32.3187,36.3035,49.4076,1.72395,2.34969,3.4876,4.11498,7.18326,9.10332,10.0604,13.3275,17.7355,17.0655,21.4222,50.1985,1.75197,2.06705,3.26613,3.92365,5.66133,6.90713,8.9204,13.2323,15.4073,19.6033,27.4456,44.9624
13300,20.4714,23.6,50.1722,113.314,89.7045,182.158,267.62,355.467,461.433,608.799,1161.73,1530.67,18.5044,27.2376,71.4896,71.3069,121.047,154.007,158.947,322.528,441.021,539.787,1041.3,1421.21,9.05021,27.1236,63.5798,85.4154,104.931,175.216,254.923,228.279,529.599,681.837,812.667,1032.41,11.43,27.2414,56.7542,99.7306,103.434,153.486,198.073,282.412,452.234,578.262,755.284,1038.56,13.2412,26.6814,49.6913,78.7762,102.398,127.879,188.312,393.197,398.851,649.791,882.072,1378.91,14.9579,23.3477,66.6019,56.9996,88.9693,147.008,182.109,327.437,391.014,773.857,808.723,1383.09,16.0535,19.5073,43.5752,70.1058,100.371,133.599,165.564,305.97,362.471,521.029,897.151,1008.9,11.6742,18.3312,43.152,58.7064,80.8743,134.656,144.391,331.895,326.819,596.713,621.176,1105.07,13.6886,15.6966,26.8096,44.1773,68.4914,121.048,161.58,205.997,337.118,655.79,628.104,908.579,12.5283,17.6041,26.3589,52.3271,72.0565,96.025,138.394,198.152,212.548,382.137,634.986,765.221,6.97833,13.28,32.0327,36.6681,67.3526,150.827,114.795,145.684,234.561,383.234,631.99,766.757,11.8867,13.2649,31.1523,36.6915,42.1352,123.087,130.869,148.115,249.484,311.863,440.139,825.207,5.38346,12.7763,12.5659,24.1156,52.539,69.3198,97.9629,127.478,162.768,305.747,450.888,825.374,9.4903,10.9508,13.6652,23.5932,38.9619,49.2342,87.8004,137.479,144.921,332.01,339.805,564.3,3.93258,9.62026,15.5362,26.7454,20.4663,94.4449,78.665,94.8693,255.064,334.099,453.976,573.453,2.95989,4.38302,11.1931,23.8027,17.91,38.8781,101.413,65.4031,186.579,217.831,278.289,702.531,2.9825,3.97627,12.2371,18.2668,22.2108,25.7111,34.5546,97.321,58.8662,156.328,147.932,592.366,2.74884,3.83196,11.6045,6.92184,16.6218,22.6863,26.1583,63.1472,62.9115,125.693,120.941,307.707,3.27135,2.66555,4.80516,7.81838,9.60067,17.498,45.5548,41.8858,74.1661,100.34,208.265,386.962,2.87863,3.83284,5.04938,6.54642,7.91941,11.4627,20.5455,58.0041,31.7476,113.428,139.038,227.414,2.49981,3.69275,4.43601,4.88591,7.84482,10.0542,12.1819,21.6111,22.092,49.3487,59.066,224.618,2.15797,2.98934,4.10082,4.92083,8.70567,7.85446,14.959,19.8255,15.8754,26.2201,54.9181,71.3534,1.98856,2.36524,3.68565,5.12721,6.89683,9.97789,11.8098,14.1143,14.4851,31.4488,35.4395,50.2226,1.96785,2.30716,3.65077,4.12704,6.70802,8.73907,9.88233,12.7096,16.6676,16.7068,22,48.2199,1.81748,2.04652,3.21162,3.95356,5.3496,6.94461,8.63375,13.0535,15.5288,19.4016,27.6721,44.7112
13400,21.4981,23.1839,50.9785,116.75,87.7193,182.158,267.62,355.467,482.012,608.799,1161.73,1511.78,18.5044,27.2376,69.2954,78.0288,121.047,148.807,165.028,322.528,347.922,552.209,1041.3,1421.21,10.8015,24.0136,58.802,82.8561,106.093,143.777,254.923,217.839,529.599,656.099,782.378,1019.97,11.43,27.8247,57.2375,101.546,103.434,137.75,198.073,282.412,422.417,560.096,832.042,1052.53,13.2412,26.6814,49.6913,75.6402,100.435,127.879,256.806,379.924,398.851,740.096,882.072,1340.72,14.9579,24.0997,66.6019,55.5665,84.7867,146.956,182.109,327.437,373.489,732.226,808.723,1383.09,15.9947,19.5073,43.5752,66.9324,100.371,133.599,165.564,305.97,413.129,521.022,859.069,1008.9,11.7468,18.7125,42.5698,56.8143,80.426,134.669,151.943,331.911,327.571,596.713,523.874,1239.44,13.9091,15.9766,29.8383,45.3316,69.9242,125.255,183.1,201.983,337.261,655.811,628.119,884.49,12.8104,16.7641,25.988,49.9493,74.4643,93.1723,141.477,199.68,228.586,363.318,481.735,765.239,7.78804,13.2671,30.5598,40.8295,67.1423,140.966,114.458,144.867,270.191,413.848,632.288,759.021,11.8589,14.2165,29.6097,39.9094,45.9314,117.282,143.396,146.194,247.878,316.876,380.632,764.391,4.9046,11.5126,12.85,26.2059,53.3902,88.0225,97.5878,131.577,166.632,320.824,452.997,786.251,9.05426,11.1655,13.8072,23.0021,39.5179,49.0743,70.1732,133.693,146.825,328.2,394.609,680.864,3.795,9.82327,15.4447,27.5136,20.3815,74.985,81.1443,95.0448,252.502,342.351,455.439,587.093,2.83618,4.19908,10.9183,24.3524,17.6885,38.1291,103.286,66.4679,173.396,222.013,279.598,749.981,2.83935,3.93498,11.3673,15.6138,20.3379,20.2876,37.4254,65.5534,58.1853,159.207,148.62,568.854,2.88071,3.85647,8.7621,6.82862,15.9341,22.3127,25.4203,61.5035,62.8604,123.917,120.934,295.539,3.01141,2.58403,4.73356,7.56903,9.79046,17.3768,35.7092,40.8571,67.8033,98.9079,202.339,395.026,2.94851,3.67184,5.02792,6.70939,7.70475,11.7815,19.086,54.0871,31.6403,111.208,139.31,249.08,2.43606,3.60192,5.23108,4.79184,7.56496,10.241,11.0596,21.9698,21.3616,49.748,57.9298,110.431,2.22605,2.88114,5.15782,4.80901,8.33684,8.00221,14.8014,19.5633,16.0789,25.9611,49.9817,86.9588,1.89921,2.34575,3.58912,4.97283,7.37723,9.25424,12.8,13.9653,14.4323,31.514,34.7784,54.343,2.07398,2.16527,4.09608,4.01404,6.89686,8.50822,9.75282,13.4117,16.1436,16.9833,22.5333,47.689,1.87074,1.99579,3.03317,4.107,5.48247,6.95069,8.55703,13.0996,15.4146,20.978,26.2484,44.4674
13500,18.9019,25.4355,47.1592,114.006,87.7193,179.644,267.62,355.467,482.012,608.799,1161.73,1530.67,18.5044,28.8173,71.4896,78.0288,121.047,147.442,156.606,319.675,441.021,539.787,917.01,1408.29,10.8015,27.1236,55.402,75.0147,92.2022,143.777,254.339,227.935,521.266,681.837,719.808,1032.41,11.43,27.8834,57.2375,101.546,103.434,153.486,197.326,251.852,395.723,553.387,832.042,1026.61,13.2412,26.6814,49.6913,74.5762,104.331,127.879,281.734,407.62,398.851,760.581,882.072,1378.91,14.9579,24.0997,66.6019,56.9996,87.0684,146.956,179.01,327.437,403.255,773.857,808.723,1373.11,16.1722,19.5073,43.5752,61.8603,99.2731,129.844,165.564,287.637,413.129,484.29,897.151,1008.9,11.6715,18.039,40.4809,56.8688,80.4442,127.368,152.68,289.663,363.102,576.725,621.176,1239.44,14.0759,15.6133,29.5332,46.1594,69.9521,131.065,183.107,201.917,337.261,655.832,628.119,884.49,13.0564,17.1131,26.6431,51.434,74.7062,96.5049,143.495,197.821,228.556,382.452,644.688,765.165,7.64801,11.3045,30.6778,39.79,69.3247,145.006,117.268,144.164,272.407,413.78,632.297,759.092,11.4293,12.7053,28.8167,39.2998,44.7125,128.054,138.761,141.528,237.384,317.049,386.997,818.339,5.7342,11.5138,12.7461,28.0667,51.5204,64.2376,103.048,128.856,168.744,310.112,446.277,819.733,8.98932,10.8074,13.5761,23.8686,42.7886,49.1483,73.8189,135.345,133.967,325.786,380.13,590.895,4.06769,9.90598,15.9594,28.0625,19.8703,98.675,79.9926,91.3908,248.629,341.352,456.05,582.449,2.84187,4.16752,10.4887,23.4333,15.5412,22.8225,112.294,65.3461,180.284,205.054,363.795,722.797,2.84809,4.00722,11.4855,18.336,20.0981,21.6886,35.2894,77.2387,57.0503,161.174,182.991,597.992,2.7456,3.86876,9.65316,6.77721,19.9268,22.2753,25.4479,55.2051,66.3665,123.801,114.357,239.603,2.85793,2.55423,4.89612,7.49643,9.63886,18.2969,43.4918,39.2372,54.0046,98.4759,182.667,388.018,2.99278,3.63996,4.94817,6.59552,7.76176,12.1264,19.1894,54.1998,31.736,108.571,112.391,243.372,2.30612,3.87069,5.13615,4.63051,7.4448,10.1128,10.7662,24.3062,21.2292,57.5293,58.7557,236.236,2.09496,2.90531,5.04985,4.91828,7.79467,7.54601,14.4194,19.4636,16.3434,25.2329,52.7661,82.0532,1.95494,2.30438,3.55019,4.82032,8.35423,9.07523,12.3307,13.576,14.7042,31.3392,35.8958,53.552,1.95451,2.32698,4.30694,4.10907,6.3508,8.35352,9.33042,12.3513,15.6621,16.8333,22.5111,49.052,1.76412,2.0882,3.16513,4.05168,5.42736,6.72157,8.54255,12.9496,16.2742,20.0869,27.8519,46.4535
13600,21.4981,24.2358,51.515,110.655,87.7193,182.158,267.62,355.616,482.012,590.747,1097.4,1530.67,18.5044,27.2376,71.4896,74.3019,106.354,154.007,165.028,282.823,331.937,518.54,1041.3,1354.19,10.8015,24.8933,57.6631,85.4154,104.931,138.834,219.101,230.092,541.899,681.837,722.259,1032.41,10.5303,28.6359,57.2375,101.546,103.434,150.675,198.073,282.412,422.417,578.262,832.042,1038.56,12.6851,24.8304,49.6913,76.9606,102.398,127.879,281.931,436.616,398.851,740.096,801.312,1358.52,14.9579,24.0997,66.6019,48.7142,69.6196,137.363,182.109,323.667,403.255,773.857,781.878,1353.52,16.1722,19.5073,41.3023,70.1175,100.371,133.599,144.068,305.97,352.698,521.006,897.151,1008.9,11.649,18.2834,42.6826,54.2822,80.4129,121.448,154.427,331.913,374.969,596.72,693.07,1239.44,13.2871,15.8845,28.8716,46.4333,69.9385,131.058,183.116,204.501,321.693,655.832,628.119,884.475,13.869,17.2692,26.9252,48.6891,73.6215,96.7226,143.682,198.292,222.237,369.951,609.239,765.199,6.84272,12.7591,30.3845,34.7293,68.1216,154.862,114.19,145.006,273.435,413.826,632.446,743.717,11.7429,12.4112,29.2145,38.3896,44.8766,128.61,127.698,141.6,246.262,317.219,382.397,818.649,5.49826,11.933,12.7499,25.5945,50.1856,64.7214,98.7305,130.477,169.881,292.99,429.382,819.823,8.09645,9.79557,13.3334,25.0644,41.898,47.2851,72.2154,132.152,141.925,276.795,375.695,681.654,4.15888,9.72076,15.5575,27.0871,20.5298,98.1379,80.6004,97.6749,251.31,345.626,449.99,579.111,2.79974,4.07277,8.97096,25.2531,18.2797,43.5133,105.571,69.7296,172.073,225.886,283.934,627.171,2.80208,4.06619,11.1173,17.5392,21.5402,21.7329,37.6829,76.5988,57.1145,157.268,162.197,663.314,2.63398,3.5622,8.50932,6.6153,14.8904,20.9894,24.8051,58.3013,62.9113,121.701,111.101,254.387,2.71511,2.61632,4.84115,7.40381,9.28732,18.1064,42.8735,42.9283,67.7418,109.537,209.482,401.218,2.8075,3.60128,4.92027,6.47508,7.71494,11.9979,19.0816,47.2741,42.1238,121.229,127.913,244.608,2.4926,3.4433,5.0001,4.72305,7.01373,9.63132,10.6303,25.0371,21.1848,57.0878,62.3426,228.805,2.05042,3.08066,4.82314,4.76512,7.41486,7.77231,14.1214,18.0042,16.1939,24.6838,54.5154,85.5627,1.98128,2.21596,3.46153,4.84101,9.06002,8.91852,12.0701,13.5718,14.613,30.1179,36.7806,53.4325,1.94529,2.81043,3.95453,4.29081,6.33154,8.05129,9.29984,12.2572,15.8213,16.5333,23,49.705,1.83982,2.22115,3.31116,3.85472,5.37563,6.74815,8.53698,13.1012,16.8264,19.4913,25.8013,45.1136
13700,21.4981,25.3338,50.9785,116.75,87.7193,182.158,267.62,355.467,482.012,608.799,1161.73,1530.67,18.5044,24.439,69.9735,74.6442,126.302,154.007,165.028,322.313,441.021,539.787,903.072,1421.21,10.8015,26.9167,57.6631,94.6242,104.931,143.777,254.923,230.092,529.599,664.665,722.259,1032.41,11.43,28.6359,58.3952,101.546,103.434,153.486,198.073,282.412,392.322,578.262,832.042,1217.87,13.2223,24.7364,49.6913,66.5093,102.398,127.879,281.734,383.498,398.851,591.295,882.072,1378.91,14.9579,23.9954,58.471,56.9996,85.7013,140.386,181.246,329.758,363.516,769.377,782.189,1383.09,16.1722,19.6629,41.8204,68.3882,100.371,133.588,182.919,305.97,413.122,501.822,897.151,1008.9,11.9469,17.6594,42.6923,56.9292,77.5717,134.657,147.986,330.275,374.982,596.72,621.176,1223.71,13.5631,15.6116,29.4415,43.3191,71.1381,131.215,183.116,200.501,337.198,655.853,628.119,786.386,13.973,16.3363,29.1711,51.5201,75.0006,97.8314,143.954,195.797,231.239,382.479,569.284,762.37,7.36192,13.3008,29.6813,36.8939,65.0667,150.72,112.452,141.819,270.994,414.952,632.496,729.776,11.8981,13.6939,28.1135,41.7821,44.96,129.798,124.883,143.055,240.497,320.271,382.381,818.884,5.41651,12.4269,12.8803,26.5767,49.1726,64.1126,82.494,131.895,178.911,305.475,450.942,819.935,9.54525,9.71756,12.6111,25.2288,40.8127,52.9541,73.3578,133.796,145.981,340.443,375.915,632.456,4.15931,7.43383,14.2421,27.3682,20.2301,100.593,70.9029,96.2595,248.63,351.197,426.036,575.227,2.87756,3.99405,9.86631,25.0611,17.7732,38.826,106.623,66.598,172.905,196.249,329.425,737.682,2.74688,4.05534,11.4735,17.877,20.8475,20.6243,36.3401,75.1398,55.5614,156.158,165.003,551.073,2.5388,3.50191,8.93784,6.84114,14.0286,21.8337,25.9024,55.286,77.2423,117.132,111.127,241.777,2.60037,2.54788,4.8377,7.71912,9.51511,17.8832,42.9023,44.052,66.9646,95.7563,214.295,346.916,2.85038,3.53432,5.41757,6.42865,8.09198,12.6531,18.4468,56.8665,43.4256,133.288,120.144,214.289,2.50251,3.34373,4.9847,4.31333,6.84716,9.54388,10.515,24.6387,20.7464,53.3224,54.9839,223.834,2.01568,3.10831,4.72556,5.35155,7.17729,8.33022,13.8309,18.2821,15.8343,23.3663,54.9293,79.4761,2.07453,2.23123,3.44195,4.81013,8.8638,9.51787,11.6163,13.3967,14.0514,32.2678,35.7187,55.5146,1.91109,2.57062,3.72954,3.92993,7.06922,8.42427,9.40586,13.1965,14.7667,16.9186,22.1667,48.4751,1.94213,2.14474,3.25455,4.02267,5.29474,6.60975,8.60004,13.2051,16.561,20.2499,26.7947,45.6578
13800,19.9358,25.4355,50.9785,116.75,83.1493,182.158,267.62,329.966,482.012,608.799,1202.28,1530.67,18.5044,22.3909,71.4896,78.0288,95.6559,154.007,162.875,322.528,338.291,476.53,1041.3,1369.2,10.8015,27.1236,57.6631,76.4103,104.931,143.777,239.926,230.092,529.599,681.837,722.259,1032.41,11.6816,28.6359,54.6522,101.546,103.434,153.486,198.073,282.412,422.417,578.262,832.042,1038.56,13.2412,25.5687,49.6913,80.1587,97.2535,127.879,281.734,407.62,398.851,740.096,882.072,1378.91,14.9579,23.9954,69.9894,52.2572,87.0684,146.956,178.345,327.437,385.189,773.857,808.723,1293.67,15.7343,18.2109,43.5752,70.1175,100.371,127.45,178.899,305.97,413.122,521.006,897.151,1008.9,12.1199,17.9038,42.8869,58.4406,80.8915,134.673,151.677,326.539,374.982,596.72,621.176,1239.44,14.0397,15.6141,30.0352,46.3041,71.1655,125.443,183.13,200.571,337.389,655.853,628.119,884.567,13.8748,14.5988,26.8289,50.5214,73.1896,98.1053,139.463,196.121,240.709,382.662,639.438,749.164,7.63266,11.85,30.8146,40.3295,66.6463,151.567,116.058,144.219,271.144,416.132,632.618,729.958,12.6981,13.1802,29.1121,41.6127,43.3718,112.003,121.992,135.877,248.9,315.699,464.09,819.004,5.12072,12.1393,12.7573,27.0579,49.5903,63.6907,92.658,129.622,169.729,310.307,462.43,750.759,9.20207,9.3574,13.5227,25.5885,40.7184,52.9905,106.325,136.275,145.372,331.054,380.29,664.01,3.76346,8.29881,15.7534,26.3661,20.1753,91.5416,81.0434,85.2424,233.202,321.383,454.87,579.829,2.9062,4.10153,9.57873,24.3062,17.0992,43.9882,79.7456,67.3299,170.912,218.679,285.734,758.256,2.78372,4.02261,11.5193,15.8909,20.5683,20.2214,42.1172,73.1058,55.8302,156.932,170.244,620.135,2.55674,3.34373,9.58045,6.88103,16.3709,21.6645,26.1808,53.2164,70.2902,115.168,108.225,268.004,2.5986,2.58265,4.8153,6.99074,9.03356,17.7016,40.5988,40.1388,66.7294,98.0334,219.195,322.543,2.90679,3.4279,5.10639,6.3282,8.37038,12.4529,17.7172,54.9496,33.1981,129.329,119.44,196.097,2.42788,4.00865,5.29935,6.82292,6.60194,9.14814,10.3863,25.5064,20.3621,54.9879,57.9526,152.169,1.94374,2.86802,5.81237,5.42701,6.98646,8.37279,13.4528,18.5855,16.9576,23.2994,55.2406,88.3271,2.41091,2.12766,3.43082,4.65801,8.87757,9.94671,11.5198,13.1639,14.2211,30.9243,35.9776,52.0385,1.96265,2.32802,3.64823,4.39319,7.47098,8.01847,9.69276,13.5254,15.0271,15.9222,21.9167,49.0243,1.92605,2.05565,3.27629,3.87713,5.16095,6.82497,8.47891,13.4093,16.3023,19.825,27.0064,45.1475
13900,21.4981,25.4355,50.9785,116.75,82.5208,182.158,267.62,355.198,497.395,593.849,1161.73,1530.67,18.5044,27.6205,69.3281,78.0288,123.483,154.007,165.028,322.528,355.924,526.757,1041.3,1421.21,11.3682,27.1236,57.6631,84.5424,109.355,144.102,254.923,254.194,529.599,681.837,722.259,1032.41,10.7997,28.6359,57.2375,101.546,103.434,153.486,217.338,282.412,422.417,578.262,794.457,1038.56,13.2412,26.6814,49.6913,79.7019,99.6602,119.792,281.734,407.62,398.851,740.096,882.072,1378.91,14.9579,24.0843,66.6019,56.9996,87.0684,146.956,178.96,327.437,403.255,773.857,808.723,1383.09,16.3099,19.6629,43.5752,70.1175,100.371,133.606,165.564,305.97,413.122,499.045,897.151,1008.9,12.2011,18.7161,42.4288,56.9416,80.4284,110.379,142.891,331.967,374.982,596.728,590.865,1201.71,14.3279,15.614,32.0088,55.8299,71.1604,130.2,183.14,200.486,337.341,655.853,628.119,884.567,12.7604,16.7901,28.664,52.0453,66.6145,95.7472,139.132,193.411,214.816,382.663,639.548,762.416,7.1432,12.3707,26.5107,40.5147,67.2492,141.4,114.579,135.195,272.353,415.031,632.684,730.161,12.6377,12.0819,28.4752,40.3795,49.954,124.825,131.775,144.962,247.631,322.783,382.238,794.051,5.36548,12.6582,12.5799,25.327,54.254,64.9049,97.3865,125.406,167.48,307.419,459.399,726.44,9.19226,9.12219,12.6415,23.1292,36.208,52.891,77.5195,139.718,139.96,331.058,370.987,633.959,3.67412,9.98091,13.7184,27.6036,20.0957,98.3588,78.0958,98.119,182.056,343.715,396.822,571.883,3.1237,4.03246,8.98702,24.6313,17.4878,45.0052,105.42,58.0219,173.002,211.844,266.398,647.295,2.74707,4.13061,11.3965,17.9945,20.616,19.6126,39.2569,80.761,54.9766,156.129,184.769,553.377,2.56469,3.44972,10.3259,6.78982,19.5773,19.6938,24.1039,56.3873,61.2876,105.96,111.825,233.974,2.52755,2.77329,4.78803,13.2797,9.11831,16.7303,37.443,43.1928,68.1106,101.186,213.036,370.028,2.83447,3.30547,4.85492,6.64735,9.55027,13.137,18.5572,52.0498,32.0086,125.253,106.716,224.609,2.32911,3.70582,5.03578,5.64784,6.49645,9.05266,11.4431,23.0988,19.8318,48.7348,63.9525,134.567,2.12434,2.80025,5.67712,5.25214,6.85675,8.26654,13.4425,18.1149,16.7831,22.5594,65.8621,86.7895,2.29619,2.40867,3.35756,4.78471,8.89464,9.82082,10.389,14.1834,14.2254,30.9903,33.9242,53.9111,1.93267,2.33554,3.48671,4.24042,7.08147,7.78973,10.0318,13.4073,14.2326,17.1936,21.6667,47.7141,1.94186,2.12741,3.35329,3.7481,5.11356,7.21843,8.50216,13.1539,16.3409,19.4079,27.2075,45.0287
14000,18.3266,25.4355,50.9785,112.033,87.7193,182.158,267.62,355.467,482.012,608.799,1111.21,1530.67,18.5497,27.2376,71.4896,78.0288,121.067,154.007,153.902,322.632,441.021,539.787,1041.3,1375.18,10.8015,27.1236,57.6631,82.7859,100.482,143.777,254.923,235.716,505.188,634.543,722.259,1032.41,11.43,28.7782,57.2375,95.4561,103.434,143.166,184.656,282.412,422.417,546.647,832.042,1071.94,13.3545,26.6814,48.2983,78.7762,84.9361,118.08,277.063,401.423,398.851,740.096,854.342,1378.91,14.9761,24.092,66.6019,56.9996,87.0684,146.956,182.109,331.465,363.971,773.857,796.362,1383.09,16.3099,19.6629,43.5832,69.388,100.371,117.611,152.573,297.162,413.122,520.975,897.151,1008.9,11.8552,17.8655,42.6397,56.8899,80.3988,119.201,136.499,300.806,313.883,596.736,610.265,1132.21,14.2927,15.1973,29.9338,46.4824,70.7128,123.152,183.14,204.639,337.19,655.873,625.073,856.037,14.4645,16.8294,29.4852,51.8841,72.6568,96.245,140.216,199.186,200.814,355.218,535.302,712.956,7.25316,12.8079,29.8124,39.6566,67.2371,153.694,116.52,148.293,272.288,394.011,632.701,695.715,12.3068,12.8803,28.4583,41.3177,44.1675,123.326,138.848,145.112,255.442,317.94,386.667,819.479,4.96277,13.037,12.7036,26.1712,53.1944,66.0914,97.0241,129.294,175.624,307.675,421.846,821.601,9.20965,8.32042,13.1458,20.833,41.3566,51.17,75.2332,122.736,146.578,332.063,413.084,697.718,3.5234,8.72928,16.0315,22.8096,19.8405,98.2193,77.7484,95.6088,258.148,323.974,450.924,584.306,3.34576,3.91663,8.74645,23.3192,16.8894,45.523,104.117,70.139,178.471,212.718,265.806,754.365,2.60061,4.19846,11.4113,17.5174,20.3796,19.4618,22.9141,66.3643,55.2706,158.202,188.598,539.426,2.48981,3.29314,10.363,7.06866,19.1485,20.9447,24.1002,54.0248,61.4647,109.24,111.403,232.628,2.54617,2.78727,4.73314,12.4762,8.92461,16.4375,40.0493,49.1323,53.9641,100.97,217.043,373.494,2.8061,3.22623,5.02701,7.04507,9.30884,12.9709,18.3948,39.4529,39.5686,120.832,106.149,233.935,2.47522,3.41209,4.49371,5.83401,6.4101,8.8227,11.4532,23.5247,19.2154,48.3882,64.7293,108.999,2.25454,2.79479,5.40898,5.45788,6.68555,8.81521,13.6225,18.1674,16.1484,23.2044,64.6381,83.1259,2.52341,2.34451,3.36825,4.93952,8.73876,9.29164,11.061,14.158,15.1912,30.0742,33.5255,50.3379,2.23301,2.29672,3.41878,3.92732,6.65068,8.73849,10.5202,12.7796,14.6784,16.1593,22.4444,47.4073,1.87098,2.09581,3.37579,3.62907,5.11939,7.04083,8.47275,13.2325,15.6087,20.6271,26.5673,44.4625
14100,21.4981,23.9346,49.2354,101.369,87.7193,182.158,267.94,355.467,482.012,608.799,1161.73,1373.11,17.615,27.2376,71.4896,78.0288,114.52,154.007,165.028,322.528,367.297,528.055,1041.3,1421.21,10.8015,25.3616,57.6631,85.4154,99.8095,143.777,254.923,230.092,529.599,681.837,744.102,1032.41,11.43,28.6359,57.2375,101.546,103.434,153.486,198.073,282.412,422.417,578.262,832.042,1038.56,13.2412,26.6814,49.6913,78.7762,102.398,129.237,281.734,382.76,398.851,580.379,863.68,1378.91,14.9761,18.4727,66.6019,56.9996,87.0684,156.917,182.109,323.303,403.255,742.448,808.723,1383.09,16.1682,18.9216,43.5832,69.388,100.371,133.613,165.564,274.092,413.122,520.968,897.151,1008.9,11.8709,17.6366,42.0081,56.8954,79.9178,128.755,142.545,331.984,337.575,596.736,621.176,1213.33,14.5111,15.9369,32.8353,44.4839,69.5798,130.125,183.14,170.872,327.462,655.096,628.134,884.567,14.786,17.5088,32.0221,53.4654,71.7546,96.0253,139.633,196.199,229.854,381.902,625.337,759.703,7.17532,12.0176,30.0593,39.7263,66.9179,151.713,95.1663,131.537,251.299,413.908,639.097,730.106,11.7974,14.9754,25.9849,40.3648,44.3952,125.726,121.917,143.029,257.025,313.46,377.756,819.5,5.40879,11.7455,13.3093,23.9402,48.2654,65.9656,98.5115,129.42,174.723,306.036,457.134,815.506,8.60226,9.5255,12.6728,25.0633,39.004,51.9252,74.633,141.084,145.482,334.47,388.278,624.141,3.51594,6.68385,15.1646,33.4694,19.7611,98.582,78.8466,95.4744,267.234,346.975,454.063,567.791,3.93153,4.00849,8.06578,24.8207,20.2129,45.3061,105.794,61.1064,177.101,200.73,276.124,751.145,2.56207,4.36241,11.6444,17.4923,18.243,18.7863,37.756,66.9972,55.6426,159.907,187.31,465.592,2.36797,3.36842,10.9942,7.00509,18.2365,21.7228,23.8674,52.033,62.0033,110.132,108.303,245.147,2.50613,3.12443,4.69388,11.2339,8.97591,15.9938,35.2935,51.4771,74.4446,100.661,216.489,374.628,2.935,3.18991,4.81599,7.1415,8.95236,12.9432,19.226,40.9967,42.2218,150.673,110.36,284.587,2.49191,3.14397,6.25825,5.64495,6.2424,8.96884,11.5251,25.5651,19.8283,50.6824,66.0241,214.143,2.32451,2.72609,5.21047,5.33822,6.61073,8.26162,13.0775,17.9357,16.7207,23.3239,62.5511,77.4419,2.4504,2.41503,3.44723,5.2352,8.13899,9.24348,11.2443,17.2944,14.3549,29.1763,35.3817,52.5971,2.06442,2.28716,3.36988,3.96632,6.48762,8.25506,10.1461,12.6484,14.6225,17.3313,24.2222,48.3561,1.94564,2.0031,3.28896,3.51159,4.88759,6.82247,8.34736,13.1086,15.3589,19.4225,27.0441,44.2853
14200,20.4714,23.6,50.1722,113.314,89.7045,182.158,267.62,355.467,461.433,608.799,1161.73,1530.67,18.5294,27.2376,71.4896,71.3069,121.067,154.007,158.947,322.528,441.021,539.787,1041.3,1421.21,9.05021,27.1236,63.5798,85.4154,104.931,175.216,254.923,228.279,529.599,681.837,812.667,1032.41,11.44,27.2414,56.7542,99.7306,103.434,153.486,198.073,282.412,452.234,578.262,755.284,1038.56,13.2412,26.6814,49.6913,78.7762,102.398,127.879,188.312,393.197,398.851,649.791,882.072,1378.91,14.9761,23.34,66.6019,56.9996,88.9793,147.008,182.118,327.437,391.014,773.857,808.723,1383.09,16.1682,19.4456,43.2795,69.3975,100.371,133.613,165.564,305.97,362.463,520.968,897.151,1008.9,11.9251,17.7706,42.1016,56.8856,80.5956,134.69,143.405,332.017,326.876,596.736,621.176,1105.08,14.0558,16.0331,28.2462,47.0586,68.1629,120.108,161.682,200.564,337.333,655.894,628.128,908.642,14.7102,16.9436,28.2482,52.8469,74.7318,97.1192,133.346,195.336,230.894,381.965,620.594,759.691,7.20294,12.6762,30.6154,40.3206,68.5402,147.337,117.556,146.191,272.28,383.646,639.195,730.309,15.2743,13.7953,28.5643,40.8125,43.9999,124.765,124.079,147.537,256.076,314.639,439.757,819.798,5.04348,13.1868,12.8354,24.8566,49.3928,64.0044,99.4376,128.701,166.186,304.501,456.324,801.682,9.61903,9.23018,12.746,24.4075,38.6003,53.2953,75.2129,141.836,140.663,335.464,339.611,596.452,3.51418,8.48766,14.3464,28.8607,19.733,100.435,75.4511,90.855,258.442,335.916,454.689,570.193,3.79316,3.88717,8.36129,24.2609,20.7888,38.2099,102.318,72.3398,174.37,199.41,275.345,709.541,2.51443,4.48595,12.8723,16.169,20.8927,19.1008,36.3184,76.0217,55.5073,161.851,187.03,544.395,2.55769,3.24221,10.5383,6.79928,19.8126,20.8809,24.4396,49.8602,61.2599,113.673,125.355,233.481,2.42742,3.09805,4.73981,10.9283,9.04573,14.9307,35.204,47.5844,76.0769,106.625,216.438,371.64,3.0416,3.15489,4.89501,6.42237,8.48762,12.6695,19.4593,40.2026,39.5705,148.319,122.396,258.078,2.3891,3.03282,5.64071,5.44423,6.03493,8.77334,12.6746,25.584,19.529,51.8439,50.386,218.994,2.32776,2.57667,5.01023,5.13386,6.51589,8.13717,12.7503,17.8343,16.0459,25.0058,61.7708,71.9714,2.21614,2.39261,3.59647,4.99681,8.29129,8.7174,13.6399,16.3528,14.9219,29.2452,36.5677,50.7657,2.08653,2.34421,3.1839,4.04415,6.13735,8.74055,9.75913,12.7598,14.7494,16.3937,20.9722,46.9421,1.89764,2.07294,3.204,3.44702,4.95109,6.83854,8.34483,12.8925,15.6746,20.5677,27.8067,44.6983
14300,21.4981,23.1839,50.9785,116.75,87.7193,182.158,267.62,355.467,482.012,608.799,1161.73,1511.78,18.5294,27.2376,69.2954,78.0288,121.067,148.807,165.028,322.528,347.922,552.209,1041.3,1421.21,10.8015,24.0136,58.802,82.8561,106.093,143.777,254.923,217.839,529.599,656.099,782.378,1019.97,11.44,27.8247,57.2375,101.546,103.434,137.75,198.073,282.412,422.417,560.096,832.042,1052.53,13.2412,26.6814,49.6913,75.6402,100.435,127.879,256.806,379.924,398.851,740.096,882.072,1340.72,14.9761,24.092,66.6019,55.5665,84.7867,146.956,182.118,327.437,373.489,732.239,808.723,1383.09,16.1682,19.4456,43.2795,66.5447,100.371,133.613,165.564,305.97,413.122,520.96,859.092,1008.9,12.1798,17.1369,41.8118,58.4561,80.1708,134.69,150.962,332.017,327.647,596.736,523.874,1239.45,13.4309,14.9075,30.461,47.0661,70.7702,124.78,183.167,200.682,337.318,655.915,628.128,884.588,14.3415,16.9958,29.5052,49.9491,72.353,92.107,148.852,192.222,215.357,361.198,476.421,759.783,7.39696,12.7485,29.179,40.8654,66.7587,146.469,116.759,147.497,268.235,413.863,632.851,730.287,14.2327,14.0907,28.1311,41.8448,46.0267,113.844,137.073,158.516,257.977,314.729,381.904,765.641,4.72059,13.0185,19.6994,25.97,52.5702,62.8344,81.4802,121.994,170.572,319.105,456.288,798.269,10.5392,8.89944,12.8187,23.2462,40.6189,51.0014,73.6733,139.359,141.574,326.017,346.042,702.68,3.45038,8.09188,15.01,21.0278,19.3906,80.1766,74.7372,92.3852,254.18,352.111,453.96,566.584,3.50641,3.80342,7.94312,22.159,20.4425,25.4507,94.8675,70.4566,170.708,207.061,275.619,746.189,2.51374,4.58882,12.0069,15.1303,19.736,19.3511,37.9096,68.109,54.6271,163.209,189.445,453.065,2.73438,3.24241,10.0066,6.57222,18.9032,21.0526,23.8916,48.0746,55.5751,106.325,118.797,278.857,3.03134,3.0215,4.72842,16.4181,8.74478,14.8592,31.4983,54.1261,71.6923,101.315,233.16,385.331,2.92016,3.04776,5.41595,6.16662,8.34704,13.1298,19.4874,41.306,39.4559,126.066,103.453,289.945,2.37328,2.97973,4.29844,5.328,6.06687,8.52349,12.9421,23.5538,19.3544,48.0524,51.7335,127.143,2.16862,2.63226,4.84006,4.98923,6.38218,8.37547,12.7174,17.0854,15.9263,22.9327,60.3516,78.0358,2.17819,2.36264,3.90059,4.931,10.7399,8.49452,13.4478,15.8566,14.2986,28.8874,34.9138,48.9124,2.19937,2.18828,3.38096,4.03716,6.22593,9.2274,9.29666,12.4085,15.4197,17.1444,20.8333,48.1989,1.80805,2.12259,3.0893,3.35647,4.8487,7.28778,8.25802,12.9015,15.3059,19.6936,26.0045,44.653
14400,18.9019,25.4355,47.1592,114.006,87.7193,179.644,267.62,355.467,482.012,608.799,1161.73,1530.67,18.5294,28.8173,71.4896,78.0288,121.067,147.442,156.606,319.675,441.021,539.787,917.01,1408.29,10.8015,27.1236,55.402,75.0147,92.2022,143.777,254.339,227.935,521.266,681.837,719.808,1032.41,11.44,27.8834,57.2375,101.546,103.434,153.486,197.326,251.852,395.723,553.387,832.042,1026.61,13.2412,26.6814,49.6913,74.5762,104.331,127.879,281.734,407.62,398.851,760.581,882.072,1378.91,14.9761,24.092,66.6019,56.9996,87.0684,146.956,179.01,327.437,403.255,773.857,808.723,1373.11,16.1765,19.4456,43.2795,61.1403,99.2731,129.853,165.564,287.637,413.122,484.295,897.151,1008.9,11.9504,17.8753,41.0827,56.5476,81.1408,127.378,151.706,288.002,363.159,576.749,621.176,1239.45,13.436,15.5243,29.5051,47.4073,70.742,131.423,181.374,200.638,337.175,655.915,628.143,884.588,14.1439,16.8002,29.242,51.2032,75.803,96.5745,142.908,192.034,212.833,382.383,622.051,759.87,7.31143,12.0626,29.5822,40.4217,67.6083,142.221,117.959,145.265,272.329,413.801,632.955,730.155,12.4723,13.6614,26.947,40.1834,45.7332,128.411,133.372,147.484,245.726,321.06,377.476,819.92,4.93255,14.0607,12.7836,28.6333,49.4926,63.0662,89.2725,127.882,173.856,301.537,456.15,811.653,10.3416,8.72601,10.9906,26.5341,41.1219,51.5642,77.4365,144.45,133.413,329.717,340.087,706.722,3.69292,8.12399,15.2539,29.2979,18.9656,98.2331,73.7035,89.9155,251.849,350.305,452.235,569.391,3.42931,3.83456,7.5709,27.5059,16.3454,27.0237,100.358,70.0375,174.905,200.215,355.263,765.974,2.46791,4.41346,12.2532,16.5761,21.1017,20.2481,33.8819,76.352,54.0491,161.466,222.089,369.535,2.67809,3.24213,10.6547,13.6384,21.4855,21.6384,23.399,48.1403,68.6476,107.72,111.237,224.865,2.87792,3.22917,4.65473,14.1616,8.78156,14.959,33.1114,47.7931,71.3654,110.082,191.517,377.008,2.77877,3.05468,5.84338,6.34157,7.89331,12.6246,18.82,42.4506,38.9871,140.858,105.947,247.902,2.34083,2.96623,4.87134,5.18584,5.79544,8.82711,15.5304,24.2246,19.4389,50.8749,44.1447,242.639,2.04339,3.0262,4.66338,4.9229,6.22767,7.99285,12.1646,17.2221,15.8609,23.4406,59.5157,75.2347,1.98844,2.28561,3.94183,4.63233,9.48823,8.55428,12.4129,14.9831,14.3024,28.4553,34.2439,53.7225,1.98473,2.32401,3.33651,3.99823,6.8172,9.11924,9.07363,11.8206,15.9706,17.0079,21.9444,49.6118,1.65743,2.08938,3.11362,3.38671,4.74673,7.37899,8.19778,13.004,15.3878,20.6711,26.8086,45.9507
14500,21.4981,24.2358,51.515,110.655,87.7193,182.158,267.62,355.616,482.012,590.747,1097.4,1530.67,18.5294,27.2376,71.4896,74.3019,106.354,154.007,165.028,282.823,331.937,518.54,1041.3,1354.19,10.8015,24.8933,57.6631,85.4154,104.931,138.834,219.101,230.092,541.899,681.837,722.259,1032.41,10.5403,28.6359,57.2375,101.546,103.434,150.675,198.073,282.412,422.417,578.262,832.042,1038.56,12.6851,24.8304,49.6913,76.9606,102.398,127.879,281.931,436.616,398.851,740.096,801.312,1358.52,14.9761,24.1963,66.6019,48.7142,69.6196,137.363,182.118,323.667,403.255,773.857,781.878,1353.52,14.989,19.6629,40.8138,69.3975,100.371,133.613,144.068,305.97,352.69,520.96,897.151,1008.9,12.0616,17.6363,41.8118,54.1669,81.1273,121.486,153.432,332.049,375.015,596.741,693.08,1239.45,14.3262,15.8258,29.2245,47.9729,69.8833,131.388,181.374,204.685,251.222,655.915,628.158,884.602,14.5157,16.9112,29.1739,49.407,72.3707,96.2932,142.862,193.037,224.44,370.536,612.276,759.814,7.08595,11.5775,28.9935,38.0404,66.4604,149.587,116.83,166.02,273.473,413.807,633.08,730.336,12.9285,13.8238,27.7306,41.0242,45.1614,123.934,131.847,146.622,258.24,321.232,385.594,820.379,5.48894,13.1637,12.7467,25.6636,50.2697,63.8486,87.7453,130.409,176.319,291.35,431.957,811.803,9.71125,8.63138,11.9626,29.2855,35.1707,50.6282,76.1194,140.807,144.057,281.563,347.253,707.191,3.53127,7.79135,15.3623,29.0069,19.9079,92.1152,80.1524,91.4129,255.17,350.558,450.231,561.418,3.3841,3.68635,7.76122,25.8489,20.4264,43.8053,105.412,71.5467,171.686,221.562,268.056,641.875,2.53507,4.31784,12.2297,16.8586,21.9516,19.1641,37.5517,75.8864,53.7984,156.831,181.242,677.387,2.58234,3.51841,9.75882,12.3261,18.051,21.4803,22.9485,51.5865,69.7254,104.599,119.118,230.663,2.661,3.85855,4.52257,11.3408,8.8732,14.4687,32.7576,59.3996,73.8157,115.758,250.953,381.402,2.73436,3.03373,5.6973,6.22294,8.20665,12.3197,19.7317,42.0977,37.9974,145.491,105.408,294.783,2.23842,2.86846,4.7102,5.09971,5.77173,9.30174,14.8801,24.3887,19.7623,55.0299,44.1536,229.127,2.2157,3.21067,4.4736,4.78804,6.09731,7.95262,11.967,16.7805,15.6899,26.6371,57.1573,75.0168,1.96839,2.26665,3.97528,4.55112,10.072,8.97927,13.9219,14.1984,14.0605,28.2576,36.8807,53.7501,2.00926,2.3323,3.35288,3.97126,7.65196,8.7559,9.2012,11.8012,19.9675,17.3232,22.1667,48.2992,1.80432,2.19567,3.13131,3.39972,4.79071,7.46405,8.27108,13.0356,15.159,19.6709,27.7472,44.7225
14600,21.4981,25.3338,50.9785,116.75,87.7193,182.158,267.62,355.467,482.012,608.799,1161.73,1530.67,18.5294,24.439,69.9735,74.6442,126.322,154.007,165.028,322.313,441.021,539.787,903.072,1421.21,10.8015,26.9167,57.6631,94.6242,104.931,143.777,254.923,230.092,529.599,664.665,722.259,1032.41,11.44,28.6359,58.3952,101.546,103.434,153.486,198.073,282.412,392.322,578.262,832.042,1217.87,13.231,24.8541,49.6913,66.5093,102.398,127.879,281.734,383.498,398.851,591.295,882.072,1378.91,14.9761,24.1963,58.471,56.9996,85.7013,140.386,181.255,329.758,363.516,769.377,782.189,1383.09,15.2237,19.5849,41.5147,67.6682,100.371,133.613,182.919,305.97,413.122,501.787,897.151,1008.9,12.0622,16.9775,41.2638,54.1072,78.9451,134.696,147.045,330.316,375.015,596.741,621.176,1223.71,14.3465,16.588,29.7087,44.1597,70.8569,130.448,181.374,200.741,337.199,655.915,628.158,786.449,14.0028,16.3202,31.2437,53.6116,77.8287,92.935,142.649,197.138,229.907,382.595,560.651,759.914,6.8744,12.0619,26.2443,39.8494,65.4515,153.86,115,165.107,272.358,416.087,633.098,730.437,13.3039,15.9279,26.3458,39.6785,45.2416,127.282,124.458,148.096,246.75,321.351,383.637,804.101,5.18144,12.306,12.7836,23.1455,48.2583,62.304,88.8948,130.558,186.754,307.195,448.271,811.797,9.76562,8.35231,11.9782,31.3573,40.9514,50.7108,86.2492,142.94,149.259,340.543,350.117,644.852,3.68514,5.93831,14.0964,29.5853,19.7571,94.4816,73.8633,95.5726,268.368,351.022,420.679,563.126,3.0095,3.65732,7.82096,27.1821,19.8277,45.4197,98.5248,72.3554,173.935,180.262,267.247,746.641,2.58186,4.69313,12.5207,16.1895,21.4882,24.917,38.6936,62.528,52.7968,224.337,179.879,557.055,2.4732,3.87133,12.2565,10.8028,18.0145,22.1224,25.2647,59.572,70.1755,105.259,120.095,234.303,2.60537,3.71003,4.59065,14.4995,9.02056,13.9838,30.9992,58.6693,75.4546,122.039,261.975,355.101,2.61562,3.03165,5.75119,5.85422,8.89908,12.5027,20.2258,42.5442,37.2943,157.445,105.169,257.947,2.1543,2.78437,5.06435,5.0487,5.71374,9.96808,14.0181,22.724,19.054,53.7246,43.1474,220.268,2.34465,3.22071,4.59421,5.06964,6.05604,7.95427,12.0245,16.6896,16.0677,24.238,56.7286,75.0766,1.89745,2.26978,4.47352,4.50419,9.04049,10.9873,13.6707,16.8838,14.1117,28.4562,36.0818,51.3819,1.93505,2.46515,4.20784,4.08041,8.18369,8.53615,9.05453,11.7634,19.2975,17.0476,22.8333,48.9123,1.86376,2.13749,3.18194,3.3819,4.77254,7.52288,8.2985,12.979,14.9081,19.2181,26.5888,44.6817
14700,19.9358,25.4355,50.9785,116.75,83.1493,182.158,267.62,329.966,482.012,608.799,1202.28,1530.67,18.5294,22.3909,71.4896,78.0288,95.6559,154.007,162.875,322.528,338.291,476.53,1041.3,1369.2,10.8015,27.1236,57.6631,76.4103,104.931,143.777,239.926,230.092,529.599,681.837,722.259,1032.41,11.6816,28.6359,54.6522,101.546,103.434,153.486,198.073,282.412,422.417,578.262,832.042,1038.56,13.2412,25.6379,49.6913,80.1587,97.2535,127.879,281.734,407.62,398.851,740.096,882.072,1378.91,14.9761,24.1963,69.9894,52.2658,87.0684,146.956,178.355,327.437,385.189,773.857,808.723,1293.67,14.7944,17.9375,43.2695,69.3975,100.371,127.465,178.899,305.97,413.122,520.96,897.151,1008.9,12.1678,17.8003,41.2774,55.2605,80.1171,134.696,151.711,326.655,375.015,596.748,621.176,1239.45,15.1835,16.2625,30.4046,48.8001,70.2604,124.612,179.103,200.782,337.39,655.936,628.173,884.602,14.6346,17.2595,30.1141,52.7898,76.7246,95.4042,138.123,195.55,243.724,382.689,622.281,749.793,7.09044,11.4359,30.1046,40.0977,65.7631,152.272,116.109,165.312,273.71,414.944,639.427,730.257,12.6125,15.3112,28.0475,42.3774,45.3746,115.859,124.865,135.114,255.714,318.296,459.732,804.013,5.34581,12.7502,13.3478,26.2776,50.8645,63.7325,82.1069,129.753,179.305,312.13,448.2,759.362,9.98851,8.06715,12.2744,29.957,39.9481,52.0853,108.682,142.917,144.979,330.418,355.481,668.924,3.44389,8.523,15.152,29.5589,19.0995,99.2526,80.9331,86.242,264.982,328.28,456.25,557.104,3.03263,3.57427,7.52166,27.3729,19.0858,44.2802,77.12,74.555,174.585,261.512,268.785,747.799,2.50782,4.3262,12.4626,15.9911,20.204,26.1968,38.6333,72.2668,52.9977,162.012,183.907,620.557,2.53332,3.65809,10.4822,8.44217,20.177,22.4237,23.9287,73.2386,68.8088,104.746,123.427,230.187,2.66509,3.64916,4.54939,13.3595,9.28798,13.6036,32.1152,65.257,76.5459,118.275,258.322,318.954,2.52985,3.08224,5.36164,6.0257,9.12395,12.1821,21.5781,43.7131,37.0089,131.938,135.979,238.012,2.24156,2.74827,5.03489,4.96562,5.67017,9.9271,13.3204,23.6234,21.7007,56.6108,45.6324,136.392,2.49891,3.42709,4.59153,5.62619,6.00724,7.77787,11.7955,17.092,16.3913,25.334,57.9435,73.0945,2.41297,2.15928,4.54797,4.37423,8.73953,10.5158,13.1362,16.987,13.7421,28.7354,34.447,53.447,1.84187,2.43393,3.94037,4.10383,8.14255,8.37645,10.4843,11.8202,18.2,17.35,21.6111,48.7098,1.82729,2.24104,3.55277,3.25425,4.71038,7.19037,8.21485,13.3755,15.1471,19.9916,27.6065,45.1835
14800,21.4981,25.4355,50.9785,116.75,82.5208,182.158,267.62,355.198,497.395,593.849,1161.73,1530.67,18.5294,27.6205,69.3281,78.0288,123.483,154.007,165.028,322.528,355.924,526.757,1041.3,1421.21,11.3682,27.1236,57.6631,84.5424,109.355,144.102,254.923,254.194,529.599,681.837,722.259,1032.41,10.8097,28.6359,57.2375,101.546,103.434,153.486,217.338,282.412,422.417,578.262,794.457,1038.56,13.2412,26.9197,49.6913,79.7019,99.6602,119.792,281.734,407.62,398.851,740.096,882.072,1378.91,14.9761,24.1963,66.6019,56.9996,87.0684,146.956,178.97,327.437,403.255,773.857,808.723,1383.09,15.0678,19.1686,43.2695,69.3975,100.371,133.622,165.564,305.97,413.122,499.014,897.151,1008.9,11.9311,19.008,40.7841,56.6198,80.0973,110.42,142.559,332.109,375.015,596.748,590.865,1201.75,15.1516,15.9637,32.0883,58.2403,71.4054,130.469,179.116,200.867,337.199,655.936,628.173,884.588,14.118,17.303,32.9027,51.5426,67.1921,96.4035,134.428,194.67,229.885,382.829,622.318,760.019,7.50117,12.4136,26.4945,40.096,66.8704,152.235,115.888,157.615,273.733,414.968,639.437,730.633,12.451,14.8028,26.9745,41.6979,42.0918,126.849,134.329,144.391,243.975,317.458,379.177,772.079,5.34346,12.3497,13.0021,28.0682,54.3257,58.6488,82.4809,123.75,169.939,305.827,451.387,725.593,10.8357,8.70132,12.1748,29.1681,39.9192,50.5526,71.89,139.885,127.541,330.859,358.247,635.138,3.52964,10.1985,12.91,26.4491,19.163,98.821,78.2769,96.8776,188.344,352.683,401.029,548.077,3.02429,3.54097,7.35287,30.0592,19.1202,46.3366,97.0446,71.608,170.534,217.107,326.079,590.001,2.45359,4.66333,12.4643,16.5667,19.3502,27.0836,38.5313,77.5051,52.2993,166.094,169.587,548.65,2.55024,3.45056,9.91982,8.95155,15.8321,20.5866,23.9314,66.713,70.9563,99.9602,115.58,232.863,2.53117,3.42843,4.47344,13.2516,9.18256,13.2341,31.2909,62.7496,82.8046,120.402,265.225,367.85,2.47192,3.50396,5.19208,6.20432,9.10769,11.6115,21.5732,40.314,36.3712,157.157,131.4,261.026,2.19439,2.73719,5.54217,4.97074,6.17495,10.3698,13.097,22.9228,25.1569,56.65,50.0509,135.574,2.58913,3.40628,4.48556,6.06215,5.98325,7.77899,11.3734,16.122,15.8266,24.5654,55.1781,76.6987,2.37778,2.62385,4.37663,4.41364,9.94816,9.96062,13.0106,15.9111,14.0919,27.6902,33.9844,52.4776,1.9966,2.43463,4.04347,4.22426,7.91715,7.9382,10.6339,11.5418,17.3787,16.6611,23.6667,47.1929,1.83399,2.2873,3.84346,3.24963,5.18553,7.45126,8.16993,13.1857,15.0905,20.842,27.3927,45.2169
14900,18.3266,25.4355,50.9785,112.033,87.7193,182.158,267.62,355.467,482.012,608.799,1111.21,1530.67,18.5747,27.2376,71.4896,78.0288,121.067,154.007,153.902,322.632,441.021,539.787,1041.3,1375.18,10.8015,27.1236,57.6631,82.7859,100.482,143.777,254.923,235.716,505.188,634.543,722.259,1032.41,11.44,28.7851,57.2375,95.4561,103.434,143.166,184.656,282.412,422.417,546.647,832.042,1071.94,13.3545,26.9197,48.2983,78.7762,84.9361,118.08,277.063,401.423,398.851,740.096,854.342,1378.91,14.9761,24.1963,66.6019,56.9996,87.0684,146.956,182.118,331.465,363.971,773.857,796.362,1383.09,15.2945,19.3406,43.2695,69.3975,100.371,117.611,152.573,297.162,413.122,520.96,897.151,1008.9,12.2364,18.1338,41.2646,55.2919,80.1119,134.696,136.498,301.369,315.233,596.748,610.265,1132.22,14.6638,15.4037,29.1273,49.9658,70.9289,123.403,179.116,200.827,337.175,655.957,625.106,856.077,15.6377,16.9635,30.6682,54.0429,73.4817,97.2347,138.903,199.899,187.468,355.215,525.691,708.319,7.39087,12.1186,29.9752,42.3927,65.3654,154.221,118.182,149.339,274.902,395.074,639.521,696.453,12.908,14.5805,28.1916,41.2343,45.2902,122.449,136.607,144.466,253.188,317.558,379.109,804.214,5.59756,11.628,12.6041,22.9238,53.6789,58.0501,90.6834,129.55,178.218,306.316,414.982,818.169,10.5139,8.15855,12.5952,26.5416,37.9354,51.8323,77.1653,121.212,136.697,327.74,408.307,702.354,3.56945,8.53264,13.4196,22.2465,18.1669,101.796,79.2972,94.2774,264.038,324.924,462.819,553.55,2.80348,3.46534,7.40325,28.9853,15.7564,44.8576,100.497,72.4022,174.317,248.248,274.325,709.275,2.50448,4.48778,14.4408,16.4785,18.6755,21.7213,38.2926,72.9353,51.1598,225.229,176.137,534.46,2.54901,3.55741,10.004,12.2392,20.6232,22.7635,24.1998,61.6245,70.6455,105.468,122.524,221.535,2.40216,3.42655,5.58157,12.0145,9.03086,13.1024,31.1954,54.3832,61.6754,123.053,244.958,390.872,2.59295,3.34364,5.03639,6.3368,8.90127,11.6231,22.4978,39.0596,37.2268,121.287,126.985,225.975,2.22623,2.84198,5.87768,4.92196,8.74141,9.30246,12.7504,22.1984,22.7041,52.6791,50.3641,248.005,2.63669,3.39022,4.84291,6.65897,6.11995,7.6688,11.3123,16.9348,15.6751,23.5339,53.6383,73.7841,2.22833,2.77481,4.17868,4.47431,9.21187,10.3102,12.809,15.276,13.756,28.1381,33.5367,51.4784,1.79793,2.46202,3.75653,4.06271,7.33624,7.95286,10.1061,12.1617,16.6424,16.5333,21.6944,48.1203,1.97808,2.3146,3.90241,3.23389,5.23889,7.65059,8.20894,13.2623,15.0067,19.2549,27.6957,44.6354
15000,21.4981,23.9346,49.2354,101.369,87.7193,182.158,267.94,355.467,482.012,608.799,1161.73,1373.11,17.615,27.2376,71.4896,78.0288,114.52,154.007,165.028,322.528,367.297,528.055,1041.3,1421.21,10.8015,25.4593,57.6631,85.4154,99.8095,143.777,254.923,230.092,529.599,681.837,744.102,1032.41,11.44,28.7588,57.2375,101.546,103.434,153.486,198.073,282.412,422.417,578.262,832.042,1038.56,13.2412,26.9197,49.6913,78.7762,102.398,128.257,281.734,382.76,398.851,580.379,863.68,1378.91,14.9761,18.577,66.6019,56.5679,87.0684,156.917,182.118,323.303,403.255,742.448,808.723,1383.09,14.9724,18.4773,43.2695,69.3975,100.371,133.622,165.564,274.082,413.122,520.96,897.151,1008.9,11.8875,17.277,41.5409,55.0808,79.766,129.205,142.543,332.181,337.608,596.756,621.176,1213.27,15.0528,15.2931,29.5157,46.3817,70.9404,128.231,179.116,169.613,327.78,655.104,628.188,884.602,14.9702,17.5116,30.3108,53.7775,75.9084,92.1464,138.972,191.558,225.612,381.61,622.353,760.05,6.62216,11.9461,29.5004,41.919,65.0936,150.418,96.4128,152.278,252.278,416.183,639.594,730.907,12.1796,15.6926,28.2488,41.4584,46.5833,125.491,121.371,140.222,259.698,318.877,380.997,804.433,5.61062,12.6918,12.4842,23.7071,52.0963,60.5773,88.215,128.898,178.662,308.349,462.477,818.096,10.4233,8.29217,12.8818,29.5599,38.2954,52.6001,79.0668,139.025,147.602,333.614,354.648,623.066,3.47573,7.81299,12.9823,28.3345,18.7259,98.0938,78.7556,94.2797,274.241,349.191,467.405,553.806,2.86,3.45542,7.09923,26.6363,17.9676,44.7582,91.9629,58.8998,173.926,263.443,268.852,710.794,2.53499,4.58785,13.4349,16.5743,16.9187,25.7765,38.1805,69.7314,51.3022,228.557,171.627,396.854,2.85515,3.31329,9.84667,11.9942,20.2198,24.6437,23.8459,56.1269,72.3116,104.72,120.925,211.009,2.73615,3.23853,5.77335,12.3337,8.63377,12.8156,30.9387,53.5932,88.9028,126.586,227.324,380.164,2.64134,3.27193,5.05546,6.06199,8.88771,11.5468,22.8547,39.532,36.2711,170.195,114.711,238.116,2.16418,2.72706,5.69255,4.81749,9.43101,9.38488,12.5373,25.208,24.1868,47.9678,50.3179,238.038,2.34363,3.2212,4.70715,6.03667,6.07508,8.25827,11.7605,16.8295,16.5286,23.1545,52.668,77.2902,2.15144,2.86442,3.96537,4.82946,8.8207,9.85804,12.3744,15.0819,13.6491,26.8326,36.3833,51.4835,1.82192,2.48645,3.60203,3.91237,6.9969,7.72326,9.82788,11.6488,16.1727,17.763,21.6111,47.8164,1.93169,2.34616,3.68535,3.81299,5.49722,7.44713,8.16618,13.1528,14.9055,19.8025,28.0811,44.9701
15100,20.4714,23.6,50.1722,113.314,89.7045,182.158,267.62,355.467,461.433,608.799,1161.73,1530.67,18.5294,27.2376,71.4896,71.3069,121.067,154.007,158.947,322.528,441.021,539.787,1041.3,1421.21,9.05021,27.1236,63.5798,85.4154,104.931,175.216,254.923,228.279,529.599,681.837,812.685,1032.41,11.44,27.3644,56.7542,99.7306,103.434,153.486,198.073,282.412,452.234,578.262,755.284,1038.56,13.2412,26.9197,49.6913,78.7762,102.398,127.879,188.312,393.197,398.851,649.791,882.072,1378.91,14.9761,23.4443,66.6019,56.5679,88.9793,147.008,182.118,327.437,391.014,773.857,808.723,1383.09,15.2386,19.4304,43.2695,69.3975,98.4173,133.61,165.564,305.97,362.463,520.96,897.151,1008.9,12.2623,18.0544,41.271,56.6472,80.5568,134.696,143.439,332.209,326.916,596.773,621.176,1105.08,15.1017,15.8033,28.1489,49.1681,67.1328,116.705,159.656,200.964,337.184,655.936,628.188,908.698,15.5024,17.7368,29.5876,52.8382,77.5412,96.139,132.906,192.144,208.109,383.156,597.095,760.066,6.75697,11.929,30.3099,40.3267,65.1518,149.925,113.78,166.088,230.927,393.044,639.689,730.863,12.1447,14.5931,28.6594,36.1559,43.4597,123.46,126.132,144.54,257.417,319.01,439.738,804.372,5.44735,12.8036,12.7254,28.1148,53.4173,61.3374,87.7094,131.615,174.501,308.578,457.05,818.054,11.3347,7.86659,12.4769,28.5562,39.9627,53.3792,77.138,138.411,148.251,320.49,352.208,595.89,3.4964,9.79508,12.5566,27.4553,18.267,97.8088,75.3898,91.5722,270.897,340.214,462.979,547.42,2.90931,3.58324,7.17791,26.2623,17.8654,49.4777,90.8651,70.5801,176.405,260.375,268.164,659.855,2.58484,4.51821,14.4617,14.1279,16.2172,25.3897,37.0862,71.6993,52.0804,159.985,181.143,536.03,2.73499,3.28631,9.46136,12.3005,19.5126,23.9096,23.8699,64.1292,71.9674,110.783,126.827,218.417,3.12352,3.18501,6.28262,11.7464,8.59161,12.7196,31.8669,59.5194,101.711,99.3807,252.566,376.809,2.5598,3.32524,4.74366,6.26385,8.72575,11.4335,21.0475,40.8633,36.1267,162.279,105.507,242.64,2.23624,2.70062,6.10954,4.71204,8.58612,9.3728,12.1484,25.1969,23.3423,52.8125,49.4328,240.812,2.36146,3.05013,5.69216,5.59735,7.0146,7.90977,12.8642,16.4785,15.7187,23.1299,55.1074,74.3149,2.0591,2.74446,3.90193,5.51692,8.36507,10.1075,11.7847,14.164,14.5076,26.1459,34.4585,51.0107,1.83947,2.41688,3.70096,4.55012,6.72874,7.86972,9.36146,11.3486,15.8268,17.4167,24,47.1804,1.77158,2.27538,3.54897,3.83003,5.23832,7.3317,8.11795,13.3151,14.9558,20.557,27.5557,45.1701
15200,21.4981,23.1839,50.9785,116.75,87.7193,182.158,267.62,355.467,482.012,608.799,1161.73,1511.78,18.5294,27.2376,69.2954,78.0288,121.067,148.807,165.028,322.528,347.922,552.209,1041.3,1421.21,10.8015,24.0136,58.802,82.8561,106.093,143.777,254.923,217.839,529.599,656.099,782.378,1019.97,11.44,27.8247,57.2375,101.546,103.434,137.75,198.073,282.412,422.417,560.096,832.042,1052.53,13.2412,26.9197,49.6913,75.6402,100.435,127.879,256.806,379.924,398.851,740.096,882.072,1340.72,14.9761,24.0843,66.6019,55.1348,84.7867,146.956,182.118,327.437,373.489,732.253,808.723,1383.09,15.2453,19.4304,43.2695,66.5378,100.371,133.622,165.564,305.97,413.122,520.96,859.103,1008.9,12.1667,17.8693,41.281,56.6428,80.1249,134.708,150.968,332.219,327.686,596.773,523.874,1239.45,14.9074,16.107,31.3983,48.8726,70.5254,121.175,179.092,197.237,337.223,655.936,628.203,884.623,14.6905,19.0873,30.1161,53.5006,75.3499,94.0542,133.774,190.933,225.339,360.982,479.229,760.068,6.78078,12.4558,31.2393,41.5711,66.8508,135.547,116.498,164.332,267.899,418.685,631.494,730.951,14.4461,15.2769,28.6653,41.4263,47.7874,117.365,124.537,156.377,219.735,319.257,381.408,750.334,4.84841,13.6277,20.5791,28.8278,53.3464,60.623,87.9522,123.517,179.963,317.839,453.868,816.149,10.4988,7.81537,12.7421,28.5047,40.7762,53.3983,74.7926,140.193,149.033,325.252,350.725,704.507,3.48081,10.0597,12.6339,21.2175,18.095,83.7713,75.3391,93.275,268.688,352.121,453.778,540.878,2.77763,3.46413,7.13173,26.6062,17.9356,20.0874,88.3087,65.8619,176.962,240.573,268.587,701.237,2.65896,4.45041,13.6636,14.5198,19.4208,22.5836,37.8607,65.1409,50.4874,160.323,165.674,450.732,2.52809,3.33999,9.31623,11.3953,18.4663,22.4016,23.8126,64.9523,70.7873,103.208,115.768,229.092,3.77194,3.2388,6.78128,11.5937,8.74866,12.3771,30.0314,64.7755,92.8827,103.982,245.122,398.388,2.65626,3.82407,4.61475,6.31829,8.34106,11.4862,21.3194,40.7601,36.109,159.234,120.767,245.761,2.13964,2.69128,6.67968,4.68017,8.05298,9.56571,11.6529,23.1032,23.2679,50.489,51.0734,118.014,2.27032,2.94291,5.10231,5.33746,6.92449,8.22975,14.2633,15.9914,15.9798,23.2751,51.6697,73.4193,2.21884,2.55799,3.82638,5.10742,8.09257,9.48189,11.3283,13.707,15.1292,25.8078,36.1125,49.2321,2.12712,2.42993,4.17351,4.03632,6.48076,7.44681,9.37342,11.5029,15.9002,16.8667,25.1111,47.3091,1.70017,2.12093,3.4228,3.72143,5.12606,7.17729,8.13233,13.2717,15.0229,19.6761,26.7834,45.7554
15300,18.9019,25.4355,47.1592,114.006,87.7193,179.644,267.62,355.467,482.012,608.799,1161.73,1530.67,18.5294,28.8173,71.4896,78.0288,121.067,147.442,156.606,319.675,441.021,539.787,917.01,1408.29,10.8015,27.1236,55.402,75.0147,92.2022,143.777,254.339,227.935,521.266,681.837,719.808,1032.41,11.44,28.0063,57.2375,101.546,103.434,153.486,197.326,251.852,395.723,553.387,832.042,1026.61,13.2412,26.9308,49.6913,74.5762,104.331,127.879,281.734,407.62,398.851,760.581,882.072,1378.91,14.7818,24.1043,66.6019,56.5679,86.467,146.956,179.01,327.437,403.255,773.857,808.723,1373.11,15.3899,19.2033,43.0123,61.1403,99.2849,129.862,165.564,287.637,413.122,484.295,897.151,1008.9,12.1618,18.1243,40.1701,56.6582,80.1151,127.387,151.725,289.863,363.228,576.791,621.176,1239.45,14.983,16.046,31.3872,50.0455,72.8273,126.705,179.102,197.34,337.208,655.936,628.203,884.644,15.1437,17.9526,30.414,51.5255,78.0902,97.8129,145.419,193.279,211.02,382.189,622.57,760.141,6.59664,11.9085,30.619,42.1555,65.6609,147.462,119.323,163.59,273.863,417.433,631.623,723.708,12.1907,14.4733,28.4328,42.1357,44.4075,130.455,125.037,142.592,208.704,318.356,383.226,804.861,5.27541,13.9137,12.898,28.6258,52.5048,58.1259,91.7987,127,176.233,305.431,456.173,821.851,13.3425,11.6846,13.0106,22.1466,36.6948,53.2725,77.963,144.186,136.212,335.862,352.892,614.152,3.26564,9.00341,12.2533,28.9848,16.8604,100.027,70.7215,92.1669,262.911,352.243,454.808,546.302,2.8583,3.39515,7.05561,28.866,15.5983,33.9842,109.423,66.9851,181.094,259.143,352.301,695.653,3.11845,4.17132,13.1717,14.4252,19.7415,23.379,34.1185,69.6881,51.0688,160.346,224.121,549.258,2.52242,3.36261,10.2963,11.6983,16.8747,20.3041,23.9874,60.1154,78.1956,102.542,119.195,205.717,3.49119,3.21602,6.5274,10.5611,8.99346,12.1974,30.7557,76.5544,95.37,154.422,197.608,403.973,2.81806,4.21224,4.40494,6.30079,9.27095,10.7102,20.6829,39.1488,35.616,142.655,120.442,209.982,2.29865,2.82372,6.40119,4.54656,7.91093,9.6506,11.6414,22.2072,23.3193,46.1492,49.935,264.477,2.47105,2.80524,5.49453,5.23285,9.43192,8.59685,14.382,15.4665,15.7792,25.1468,53.8793,72.749,2.22164,2.41246,5.12768,5.13282,7.78422,9.30135,11.0754,13.936,14.0964,25.0692,35.0087,50.8515,2.33745,2.36245,3.76892,4.03027,7.54449,8.15627,10.0354,11.6156,15.0095,16.5492,22.1111,46.9539,1.79634,2.18343,3.27818,3.56133,5.1648,7.2276,8.04094,12.8831,14.6083,19.3325,27.6103,45.0481
15400,21.4981,24.2358,51.515,110.655,87.7193,182.158,267.62,355.616,482.012,590.747,1097.4,1530.67,18.5294,27.2376,71.4896,74.3019,106.354,154.007,165.028,282.823,331.937,518.54,1041.3,1354.19,10.8015,24.8933,57.6631,85.4154,104.931,138.834,219.101,230.092,541.899,681.837,722.259,1032.41,10.5403,28.7588,57.2375,101.546,103.434,150.675,198.073,282.412,422.417,578.262,832.042,1038.56,12.6851,25.0799,49.6913,76.9606,102.398,127.879,281.931,436.616,398.851,740.096,801.312,1358.52,14.7818,24.2083,66.6019,48.5321,69.0182,137.363,182.118,323.667,403.255,773.857,781.878,1353.52,15.3722,19.4304,40.9538,68.7414,100.371,133.622,144.068,305.97,352.69,520.952,897.151,1008.9,12.0697,16.1356,41.0592,53.8919,80.1151,121.537,153.466,332.235,375.099,596.778,693.07,1239.45,15.0238,17.4052,31.3989,50.0506,73.9698,126.877,179.119,195.78,252.841,655.936,628.203,884.644,14.7633,17.5313,29.5573,49.9567,76.2337,90.0338,145.738,193.209,203.342,369.192,608.486,760.153,7.02935,12.1668,31.5748,36.8035,65.0128,150.14,117.1,166.572,268.706,417.454,631.843,731.094,12.1047,14.1598,28.2542,40.9877,47.7689,131.604,123.919,144.786,258.26,322.316,387.153,805.052,5.20129,13.0118,15.2777,25.5388,55.4168,63.8389,89.5631,131.143,177.402,285.652,439.735,828.438,12.6014,8.02354,12.3941,29.3118,39.5152,54.3767,78.7362,143.327,147.475,329.493,336.015,705.781,3.52335,9.72996,12.9723,25.6203,17.7105,103.977,76.4465,91.4196,265.845,348.912,455.367,548.817,2.82694,3.7964,6.81304,24.9508,17.3733,29.8961,107.802,70.6187,185.446,264.36,270.336,602.571,2.88458,4.15335,12.8497,15.4996,20.6119,22.8976,37.2418,70.3235,50.73,186.17,177.782,681.842,2.80397,3.65829,9.00763,12.7062,18.3556,19.1062,23.4427,62.5543,74.1799,104.292,118.536,217.682,3.34048,3.06502,6.26282,10.4398,9.32313,12.0931,29.6828,76.0056,84.8466,156.922,229.197,391.227,2.87824,3.88825,4.41936,6.34557,8.92649,12.9132,20.9711,37.588,36.5959,151.538,122.559,271.313,2.15777,2.98708,6.11779,4.83763,7.57297,9.56297,11.6704,23.8473,22.315,51.8948,49.3219,251.384,2.43407,2.80065,5.30367,5.01353,9.40147,8.81954,14.2945,14.7992,15.9185,23.5424,53.2468,70.8384,2.14332,2.37607,4.95423,4.94708,7.50696,9.04443,11.1187,13.7975,14.1894,23.8397,34.3331,54.0774,2.252,2.2454,3.85884,4.01288,7.42714,8.64686,9.91029,11.3776,15.0833,16.3643,23.3333,47.7524,1.823,2.08403,3.58305,3.65042,4.97307,7.30531,7.96012,12.9515,14.982,20.0448,27.0564,45.3995
15500,21.4981,25.3338,50.9785,116.75,87.7193,182.158,267.62,355.467,482.012,608.799,1161.73,1530.67,18.5294,24.439,69.9735,74.6442,126.322,154.007,165.028,322.313,441.021,539.787,903.072,1421.21,10.8015,26.9167,57.6631,94.6242,104.931,143.777,254.923,230.092,529.599,664.665,722.259,1032.41,11.44,28.7588,58.3952,101.546,103.434,153.486,198.073,282.412,392.322,578.262,832.042,1217.87,13.2397,24.9824,49.6913,66.5093,102.398,127.879,281.734,383.498,398.851,591.295,882.072,1378.91,14.9761,24.2003,58.471,56.5679,85.0998,140.386,181.255,329.758,363.516,769.377,782.189,1383.09,15.3722,19.5996,41.2639,67.6682,100.371,133.622,182.939,305.97,413.122,501.781,897.151,1008.9,11.7582,18.1899,40.9085,53.65,77.2386,134.748,148.084,330.39,375.099,596.778,621.176,1223.71,15.7921,15.2694,31.1961,45.57,74.6389,126.849,179.109,195.893,337.437,655.936,628.203,790.716,15.2096,16.6168,32.0618,53.6709,76.4034,95.5811,142.033,194.531,229.142,380.632,559.779,760.2,6.30685,12.8164,25.3848,40.2597,66.12,151.616,114.954,167.304,267.811,417.481,631.97,731.094,13.7136,15.9857,29.2394,40.5007,46.6439,129.736,128.505,140.633,215.638,321.444,387.137,805.426,5.16476,14.8671,12.4782,29.3244,48.6657,62.0448,83.5753,129.827,191.069,311.626,468.293,821.962,12.9388,11.0836,15.0754,29.6576,40.0389,52.7342,95.3649,143.05,153.13,355.604,350.995,640.828,3.40238,8.41663,11.4382,28.2191,17.518,99.8672,69.6418,93.0304,264.104,359.072,421.314,548.729,3.47371,3.83747,6.80078,26.2778,17.3639,28.1411,96.1011,64.1905,180.053,220.993,266.892,700.877,3.25439,3.92958,13.1833,14.6041,19.3763,22.3211,39.8273,64.4617,52.077,226.245,174.854,536.657,2.78959,3.62303,15.6497,12.7796,14.113,19.063,25.0037,64.9146,79.747,95.8384,120.088,211.564,3.46701,2.93666,5.90748,10.2483,9.53901,11.7551,31.2547,68.9314,93.2351,147.741,176.028,356.983,3.06923,3.74317,4.23423,6.39315,8.8938,13.0545,20.1873,37.4375,36.5801,162.93,121.272,241.268,2.16529,2.98011,6.48215,5.26455,7.30674,9.80896,11.676,22.4081,23.5704,48.8659,48.7257,244.857,2.29121,2.77099,5.08612,4.98351,8.66253,8.9526,14.5888,14.6121,15.1035,23.7203,52.7863,68.4772,2.01123,2.39458,4.76055,4.92257,8.02431,8.77931,11.2756,13.5201,14.3206,23.9359,34.1919,52.286,2.20809,2.2127,3.729,3.75699,8.28076,9.34108,10.1911,11.1801,14.9008,16.4944,21.3333,50.7122,1.90704,2.01481,4.07527,4.1382,4.98612,7.15755,8.08693,12.9752,15.1094,20.8147,27.292,44.6857
15600,19.9358,25.4355,50.9785,116.75,83.1493,182.158,267.62,329.966,482.012,608.799,1202.28,1530.67,18.5294,22.3909,71.4896,78.0288,95.6559,154.007,162.875,322.528,338.291,476.53,1041.3,1369.2,10.8015,27.1236,57.6631,76.4103,104.931,143.777,239.926,230.092,529.599,681.837,722.259,1032.41,11.6816,28.7588,54.6522,101.546,103.434,153.486,198.073,282.412,422.417,578.262,832.042,1038.56,13.2412,25.6555,49.6913,80.1587,97.2535,127.879,281.734,407.62,398.851,740.096,882.072,1378.91,14.8956,24.2003,69.9894,52.1693,86.467,145.403,178.359,327.437,385.189,773.857,808.723,1293.67,14.8008,17.9822,43.0123,69.3975,100.371,127.481,178.919,305.97,413.122,520.952,897.151,1008.9,11.7939,17.5797,41.083,56.6917,80.1592,134.76,152.723,326.891,375.099,596.783,621.176,1239.45,15.4303,15.8674,32.856,48.861,72.7431,119.952,179.105,195.993,337.437,655.915,628.218,884.644,14.7958,16.7374,29.1208,54.0738,76.132,95.0637,139.696,194.792,242.328,377.618,621.394,750.026,6.97141,12.2366,28.3377,42.4535,66.8719,153.431,117.987,163.001,273.838,417.489,632.097,731.371,14.3272,13.9246,29.5653,40.8623,46.2608,119.392,125.197,132.423,225.61,321.628,468.097,805.556,4.95028,13.3774,12.9358,33.5259,51.7649,63.5568,84.7471,132.479,189.638,318.221,465.023,781.079,12.7912,10.385,15.6594,29.5485,39.9897,54.5472,115.522,142.405,150.474,335.254,354.682,684.186,3.33273,9.43153,11.2691,28.2473,16.8921,98.4497,74.8309,82.9617,261.762,350.313,455.882,546.672,3.31501,3.71782,6.7379,24.4166,17.0717,27.5473,88.0055,62.6625,174.889,255.761,269.181,697.446,2.61055,3.88888,14.0489,13.0677,19.8649,21.5163,37.3346,65.8245,52.546,217.526,174.711,605.392,2.76853,4.50285,8.95748,10.5933,16.5829,18.4333,25.8513,85.942,72.4737,105.41,120.341,213.202,3.36584,2.94001,5.8825,10.1347,9.51656,11.6674,30.5328,71.8697,91.0562,164.884,218.554,380.551,2.91447,3.50428,4.18851,6.09364,9.22929,13.081,20.0462,39.0645,36.0535,159.224,121.739,240.748,2.07597,3.04612,6.46142,5.524,7.12659,9.95801,12.3169,24.1827,23.4698,46.7921,48.3548,128.173,2.27025,2.6831,4.85184,5.06971,8.25033,9.2622,13.3322,15.1938,15.5969,25.5141,50.6107,65.2615,1.95825,2.45204,4.54281,5.5994,8.39567,8.72271,11.2129,13.3666,14.4576,24.3155,35.6013,50.7605,2.08892,2.25648,3.58343,4.014,7.77925,10.4854,10.9076,11.2073,14.7911,15.8333,24.3333,48.943,1.8898,1.99547,3.99015,4.06811,4.86406,7.09003,8.19471,13.1095,14.9067,19.9294,27.2153,44.9716
15700,21.4981,25.4355,50.9785,116.75,82.5208,182.158,267.62,355.198,497.395,593.849,1161.73,1530.67,19.0116,27.6205,69.3281,78.0288,123.483,154.007,165.028,322.528,355.924,526.757,1041.3,1421.21,11.3682,27.1236,57.6631,84.5424,109.355,144.102,254.923,254.194,529.599,681.837,722.259,1032.41,10.8097,28.7588,57.2375,101.546,103.434,153.486,217.338,282.412,422.417,578.262,794.457,1038.56,13.2412,26.9308,49.6759,79.7019,99.6602,119.792,281.734,407.634,398.851,740.096,882.072,1378.91,14.8956,24.2003,66.6019,56.5679,86.467,145.403,178.97,327.437,403.255,773.857,808.723,1383.09,15.4774,19.3822,43.02,69.3975,100.371,133.629,165.584,305.97,413.122,499.007,897.151,1008.9,12.1696,19.6517,40.4428,56.7153,80.542,110.906,143.25,332.323,375.124,596.783,590.876,1201.78,15.8272,16.3968,31.3325,57.3036,71.8594,126.943,179.124,199.611,337.509,655.936,628.218,884.666,13.9437,17.4609,33.178,53.0407,69.1666,95.7275,135.97,196.961,224.272,377.705,621.433,760.255,7.64383,13.1447,25.2011,40.7341,65.604,139.542,112.689,156.265,274.199,420.091,632.369,731.237,12.0052,13.1215,29.7826,43.4999,45.5988,129.319,126.393,144.721,250.755,312.553,382.702,774.041,5.21509,13.4144,12.8484,27.8144,54.6962,59.5641,90.3298,131.314,179.788,310.414,465.041,731.83,11.6755,11.6412,14.7628,29.0409,40.6187,52.1013,72.7063,139.969,144.441,348.584,353.526,656.794,3.20852,8.47617,9.87661,25.4093,17.0494,107.212,74.1071,93.8722,263.815,352.003,391.732,557.099,3.13333,3.79997,6.57246,26.9747,17.0266,27.0697,104.362,60.7412,170.997,209.105,266.713,546.415,2.91461,3.811,13.7187,13.944,18.852,19.4404,40.3082,71.4296,49.8463,219.578,177.983,536.142,2.84045,4.3347,16.2225,13.1257,15.7477,18.262,23.9715,71.4139,77.1942,94.4752,153.59,214.673,3.2206,2.89044,5.58919,9.8512,9.04054,11.2969,29.2889,68.9822,90.8085,163.399,210.878,388.84,2.92462,3.48827,4.20879,6.13658,8.99543,12.5715,20.6509,36.1475,36.5467,159.988,119.548,227.153,2.6044,2.97954,6.06909,5.90362,6.99587,10.5047,12.7734,22.6706,23.0552,50.0002,47.9099,143.205,2.13819,3.06537,4.83473,5.30661,7.84269,9.20779,12.8016,14.434,15.4606,25.2177,48.8489,68.4668,2.0812,2.39439,4.18608,5.09451,7.91834,8.78744,10.88,14.5027,13.5915,25.1259,33.6954,51.5079,2.05993,2.34569,3.45778,3.89317,8.20981,9.79167,10.3912,11.4018,14.7872,16.6889,21.4444,48.7108,1.87105,2.23471,3.70518,3.87042,4.79643,7.11551,8.35114,13.0366,14.6918,18.8437,26.9923,45.0386
15800,18.3266,25.4355,50.9785,112.033,87.7193,182.158,267.62,355.467,482.012,608.799,1111.21,1530.67,19.0569,27.2376,71.4896,78.0288,121.067,154.007,153.902,322.632,441.021,539.787,1041.3,1375.18,10.8015,27.1236,57.6631,82.7859,100.482,143.777,254.923,235.716,505.188,634.543,722.259,1032.41,11.44,28.8755,57.2375,95.4561,103.434,143.166,184.656,282.412,422.417,546.647,832.042,1071.94,13.3645,26.9308,48.2983,78.7762,84.9361,118.08,277.063,401.437,398.851,740.096,854.342,1378.91,14.8956,24.2003,66.6019,56.5679,86.467,145.403,182.118,331.465,363.971,773.857,796.362,1383.09,15.622,19.3822,43.0367,69.3975,100.371,117.624,152.583,297.162,413.122,520.945,897.151,1008.9,11.9069,17.5517,40.9149,56.7017,79.7213,134.264,137.381,301.125,318.198,596.783,610.265,1132.22,14.926,17.7372,30.4383,46.1979,74.0448,119.764,179.138,199.737,337.509,655.936,625.186,856.151,14.0344,17.4656,29.5372,56.3415,72.6929,96.5594,135.602,203.237,198.618,353.352,526.092,708.347,7.30715,12.5682,30.9138,40.9709,68.2267,153.539,116.541,151.26,275.232,395.389,625.136,697.158,13.6998,13.6502,30.9127,40.2917,44.6626,133.318,126.789,143.355,227.219,312.543,385.098,813.146,5.29791,14.1402,13.0267,34.1687,54.8651,61.0506,92.4182,134.501,179.471,312.015,426.777,825.922,12.0655,10.971,15.0931,25.729,40.4203,53.4685,80.8705,123.177,147.102,341.925,417.542,719.827,4.02059,8.70997,10.5766,23.7035,16.3147,101.49,74.3099,101.236,254.131,323.917,465.272,556.212,2.97014,4.37207,6.4318,23.1852,15.6469,26.6893,99.8069,59.2707,168.394,250.927,274.692,690.282,3.3339,3.65508,13.8457,13.8986,19.3372,20.0612,35.684,71.7187,49.3326,225.695,236.672,526.19,2.91044,4.44297,14.9156,16.3823,16.0009,16.6048,23.6956,72.6801,80.3463,101.004,119.785,212.221,3.21059,2.84727,5.48157,9.54984,12.2616,11.2936,30.9566,59.9893,70.0969,165.512,215.418,387.233,2.97515,3.28438,4.16978,5.67313,9.10201,12.8629,20.3406,36.8976,37.8457,111.566,106.123,214.761,2.71644,3.02111,5.86414,6.43392,6.63772,10.3815,15.982,22.2679,22.6085,49.4657,46.8877,196.205,2.25483,2.8854,5.71173,5.11697,7.63497,9.41459,12.3457,15.732,16.5028,23.4535,49.7336,68.3684,2.01714,2.98305,4.16278,5.27744,7.75059,9.11831,10.4179,16.3642,13.9051,23.6819,36.7792,50.8717,2.05708,2.32016,3.35364,5.22448,7.93166,9.36135,9.97459,11.0481,15.5188,16.6667,23.2778,49.3652,1.9738,2.41639,3.53147,3.84763,5.20329,7.17777,8.07728,12.9314,14.6116,19.3907,26.1126,43.9756
15900,21.4981,23.9346,49.2354,101.369,87.7193,182.158,267.94,355.467,482.012,608.799,1161.73,1373.11,18.0972,27.2376,71.4896,78.0288,114.52,154.007,165.028,322.528,367.297,528.055,1041.3,1421.21,10.8015,25.4593,57.6631,85.4154,99.8095,143.777,254.923,230.092,529.599,681.837,744.102,1032.41,11.44,28.7588,57.2375,101.546,103.434,153.486,198.073,282.412,422.417,578.262,832.042,1038.56,13.2412,26.9308,49.6913,78.7762,102.398,129.237,281.734,382.774,398.851,580.373,863.68,1378.91,14.8956,18.2702,66.6019,56.5679,86.467,155.364,182.118,323.303,403.255,742.448,808.723,1383.09,15.4426,18.7522,43.0367,69.3975,100.371,133.629,165.584,274.082,413.122,520.945,897.151,1008.9,11.8253,17.3315,41.0958,55.4509,79.6442,129.283,143.382,332.316,337.678,596.783,621.176,1213.23,15.8476,18.1133,29.4661,44.5724,74.0563,126.819,181.419,168.426,327.66,655.125,628.234,884.672,15.4777,18.0221,30.0843,55.5886,71.1792,93.9186,138.109,201.487,221.785,377.871,621.503,760.297,7.21174,12.2688,30.717,43.1859,65.6032,152.715,94.5327,152.99,254.227,413.943,618.769,731.354,12.1697,14.1295,30.9434,41.878,45.1151,130.878,123.201,142.111,266.017,314.863,386.982,806.286,5.81585,13.9047,12.6109,33.6404,51.992,59.0955,91.2741,135.84,180.765,310.594,461.967,826.045,12.2252,12.7499,14.9179,29.4461,40.2142,54.1029,80.0456,128.441,148.612,341.763,365.965,631.685,3.6516,9.19153,12.6638,28.3536,16.6905,96.169,78.968,99.2549,260.66,348.857,458.205,553.441,3.0416,5.67531,6.24379,25.5491,17.5741,26.8639,111.311,57.3026,171.639,253.445,271.499,668.857,3.21736,3.56018,11.9886,15.3727,17.847,20.0833,40.6206,71.5151,49.7427,213.62,170.58,389.704,3.05647,4.1094,14.0823,15.9364,17.837,19.5314,23.2106,87.3765,75.5399,103.779,118.808,204.397,3.03195,2.87993,5.43496,9.10642,12.2475,11.2005,30.0841,68.4325,85.7364,168.222,172.137,377.961,2.99345,3.23085,4.74866,5.67762,8.59734,12.4449,19.8805,36.4139,38.0037,177.612,102.495,223.976,2.51384,2.965,5.75324,6.11138,6.54125,9.93662,17.7964,21.5545,21.9539,49.532,46.4064,239.496,2.24046,2.78879,5.41149,5.81253,7.36585,8.72422,12.1243,15.8012,15.8382,24.4912,49.0784,71.959,1.8817,3.19888,4.10089,5.43713,7.5207,9.34931,10.0113,16.0059,14.4228,24.4903,35.8037,53.2947,2.33672,2.4158,3.22429,5.09436,7.72649,8.89682,9.46553,11.3265,15.7226,16.8889,24.6667,47.3031,2.06954,2.4886,3.44778,3.80233,5.41047,7.12144,8.10442,13.2543,14.1813,20.159,26.3115,45.4236
16000,20.4714,23.6,50.1722,113.314,89.7045,182.158,267.62,355.467,461.433,608.799,1161.73,1530.67,19.0116,27.2376,71.4896,71.3069,121.067,154.007,158.947,322.528,441.021,539.787,1041.3,1421.21,9.05021,27.1236,63.5798,85.4154,104.931,175.216,254.923,228.279,529.599,681.837,812.685,1032.41,11.44,27.3644,56.7542,99.7306,103.434,153.486,198.073,282.412,452.234,578.262,755.284,1038.56,13.2412,26.9308,49.6913,78.7762,102.398,127.879,188.312,393.211,398.851,649.791,882.072,1378.91,14.6865,23.0481,66.6019,56.5679,88.3779,145.463,182.118,327.437,391.014,773.857,808.723,1383.09,15.5124,19.3735,42.6267,69.3975,100.371,133.629,165.584,305.97,362.463,520.937,897.151,1008.9,11.988,18.1349,40.8165,55.8169,78.7925,134.783,144.436,332.316,326.989,596.783,621.176,1105.09,15.6647,17.716,26.7863,47.0255,71.3292,117.018,162.013,200.107,337.366,655.978,628.234,908.711,15.677,17.1929,29.5077,56.5893,74.4203,94.6591,136.655,200.423,222.877,377.99,608.86,760.326,6.95641,11.6907,30.1559,41.0863,65.5572,154.534,117.557,165.337,238.176,386.789,613.495,731.275,12.8744,15.6131,31.4526,36.448,43.997,130.763,126.456,143.574,260.657,315.053,444.022,813.608,5.05373,15.0695,12.6602,30.0753,53.1738,61.5498,87.9646,143.471,170.287,304.892,461.907,826.051,13.3607,11.608,14.8727,29.4825,39.3277,55.5041,76.5395,142.502,149.904,344.247,353.618,609.223,3.36429,8.42931,12.0159,28.9626,16.0183,102.604,73.7366,100.163,261.232,340.071,460.632,552.342,2.98803,6.86701,6.18296,23.822,17.3005,26.1759,93.2402,57.7509,171.575,256.386,270.141,637.031,3.43581,3.55832,14.2828,12.827,18.4865,19.3753,38.9012,65.3819,49.9561,225.273,171.971,527.309,3.02606,3.94643,13.4856,10.7813,18.2872,18.0279,23.443,86.7593,67.4879,118.312,123.35,211.456,2.99589,2.8194,5.29849,8.79976,12.1877,11.0263,31.4205,59.2247,103.189,114.941,212.82,372.088,2.97983,3.24837,4.66473,5.39332,8.50231,12.2069,19.6211,34.7906,38.4278,163.793,107.697,220.978,2.39949,2.89521,5.43816,5.73604,6.50137,9.81979,18.0849,21.4465,20.4342,45.6229,45.3978,236.221,2.29499,2.67976,5.35843,5.90141,7.08648,8.4764,11.9225,18.3169,16.3702,23.4357,46.7717,70.9277,2.23345,3.19197,4.03735,5.46456,7.43874,12.003,9.81219,15.6282,14.2499,23.9307,35.3236,48.8928,2.33823,2.74009,3.39482,4.86552,7.22993,8.63319,9.56413,10.9325,17.6793,17.0111,22.8333,48.9813,1.8994,2.36532,3.47833,3.82048,5.20161,7.03316,8.18838,13.0947,14.2518,20.4664,26.0185,45.088
16100,21.4981,23.1839,50.9785,116.75,87.7193,182.158,267.62,355.467,482.012,608.799,1161.73,1511.78,19.0116,27.2376,69.2885,78.0288,121.067,148.807,165.028,322.528,347.922,552.209,1041.3,1421.21,10.8015,24.0136,58.802,82.8561,106.093,143.777,254.923,217.839,529.599,656.099,782.378,1019.97,11.5181,27.8305,57.2375,101.546,103.434,137.75,198.073,282.412,422.417,560.096,832.042,1052.53,13.2412,26.7772,49.6913,75.6402,100.435,127.879,256.806,379.938,398.851,740.096,882.072,1340.72,14.6865,24.0166,66.6019,55.1348,84.1852,145.403,182.118,327.437,373.489,732.253,808.723,1383.09,15.4926,19.3735,42.6267,66.5378,100.371,133.629,165.584,305.97,413.122,520.937,859.036,1008.9,12.1799,18.1467,41.0892,55.8609,78.3816,134.783,151.984,332.316,330.188,596.783,523.867,1239.46,15.6858,17.756,29.7882,48.0921,72.6029,123.405,181.459,200.192,337.437,655.978,628.264,884.672,15.1999,18.8718,29.7764,55.9157,75.07,90.8505,144.62,198.117,225.85,357.006,473.382,760.34,7.32926,12.1029,29.8879,40.8922,65.4673,136.466,117.377,165.475,268.347,413.849,614.089,731.433,12.2442,14.4422,32.0029,40.9359,45.1453,124.375,125.272,159.33,260.789,316.311,386.854,754.683,5.0446,15.1638,25.154,34.4821,55.0002,63.5319,88.2545,133.048,183.122,328.408,465.065,808.526,12.1927,12.8691,14.6036,29.4407,42.106,53.0152,77.4856,142.76,150.754,342.091,352.568,717.313,3.29123,8.89312,12.7884,22.5716,16.1955,82.0919,72.9575,99.4448,256.993,348.778,460.184,554.508,2.96058,6.45399,6.27264,24.4785,16.6868,24.034,106.168,54.298,168.595,247.817,271.692,681.805,3.5818,3.45891,12.8009,13.6133,20.3975,19.3666,36.851,61.6241,49.4142,223.613,156.533,433.993,2.72418,3.76713,12.2336,10.2945,18.4721,18.348,23.4207,83.0561,76.933,106.956,119.034,216.719,3.15963,2.97342,5.88396,8.22578,9.83353,10.9682,27.9603,42.1417,92.4663,190.235,210.707,382.146,2.9594,3.11928,5.51556,5.30657,8.18346,12.4985,19.2496,35.7096,38.4147,170.093,105.112,220.134,2.30447,3.43217,5.06337,5.64575,10.0052,10.5008,17.0981,20.6875,21.3943,55.3015,44.7796,145.242,2.22975,2.60128,5.12358,5.79109,7.01931,8.16459,11.5932,19.5561,16.7569,22.9728,50.4546,64.0791,2.16793,3.32964,4.02847,5.2492,7.08057,11.9146,9.56189,14.5117,14.4846,23.4157,33.2989,49.3041,2.22996,2.5843,3.3168,4.54494,7.06611,8.62356,9.29428,10.7776,17.6763,16.8889,21,46.9232,1.89761,2.32741,3.56521,3.64323,5.1125,6.827,8.13292,12.9693,13.9315,19.7692,26.5235,43.9535
16200,18.9019,25.4355,47.1592,114.006,87.7193,179.644,267.62,355.467,482.012,608.799,1161.73,1530.67,19.0116,28.8173,71.4896,78.0288,121.067,147.442,156.606,319.675,441.021,539.787,917.01,1408.29,10.8015,27.1236,55.402,75.0147,92.2022,143.777,254.339,227.935,521.266,681.837,719.808,1032.41,11.5181,28.0063,57.2375,101.546,103.434,153.486,197.326,251.861,395.723,553.387,832.042,1026.61,13.2412,26.7772,49.6913,74.5762,104.331,127.879,281.734,407.634,398.851,760.581,882.072,1378.91,14.6865,22.7264,66.6019,56.5679,86.467,145.403,179.01,327.437,403.255,773.857,808.723,1373.11,15.7473,19.1872,42.6267,61.1403,99.2849,129.854,165.584,287.637,413.122,484.295,897.151,1008.9,12.5338,18.3433,40.0915,56.1472,78.3984,127.437,152.731,289.908,363.299,576.796,621.176,1239.46,14.8738,16.5908,30.1767,47.3348,72.5918,126.753,181.459,202.019,337.452,655.998,628.264,884.672,16.596,17.1021,30.012,57.0308,75.5332,94.7234,142.459,198.008,225.863,378.103,621.601,760.469,7.57383,12.6041,29.9462,41.2691,64.874,150.313,116.81,158.058,271.98,413.968,607.948,731.312,14.499,14.0183,33.1048,43.691,45.7359,136.261,125.313,143.7,247.014,315.269,384.526,806.478,6.67665,13.1586,12.402,30.5602,52.5571,61.1045,90.043,138.626,183.338,308.531,462.64,830.048,12.0877,12.9833,14.9382,25.4217,41.438,55.5048,79.2828,142.503,137.853,341.971,357.883,628.417,3.5391,9.00603,12.7915,25.7078,16.3567,99.2687,68.643,99.5763,259.624,346.925,455.861,557.219,2.91771,6.93368,5.9182,25.8975,14.7656,29.653,108.263,55.2884,170.074,249.95,353.753,671.653,3.50329,3.40002,13.7774,14.812,20.2695,18.919,37.3761,79.8611,48.9649,226.214,170.707,542.696,2.93301,3.60432,12.5417,10.1109,16.0142,18.6458,23.2924,82.9531,86.2654,120.628,114.535,207.406,3.0952,3.05251,6.24336,7.81055,12.2329,10.6176,28.0538,66.1749,89.325,195.424,195.424,393.24,2.93268,3.22092,5.49172,5.22684,7.72269,12.6474,18.1023,35.9449,38.5158,139.353,102.838,193.085,2.28255,3.30274,5.15643,5.59727,10.2545,9.94162,14.6308,21.289,20.7862,51.8446,44.1654,270.156,2.32427,2.59987,4.94726,5.53968,6.81893,8.14308,11.2546,17.6741,16.0246,23.2774,49.3414,70.6379,2.1144,3.1322,4.02858,5.31125,6.97236,11.7126,9.3243,13.715,14.1093,22.9453,35.5121,51.9409,2.43601,2.55045,3.29507,4.62171,6.79921,8.51847,9.50145,10.5938,17.1252,17.4167,21.5,46.899,1.98524,2.31037,3.48266,3.45693,5.02281,6.66349,8.19249,13.0369,14.1596,19.4707,27.1872,44.9325
16300,21.4981,24.2358,51.515,110.655,87.7193,182.158,267.62,355.616,482.012,590.747,1097.4,1530.67,19.0116,27.2376,71.4896,74.3019,106.354,154.007,165.028,282.823,331.937,518.54,1041.3,1354.19,10.8015,24.8933,57.6631,85.4154,104.931,138.834,219.101,230.092,541.899,681.837,722.259,1032.41,10.4929,28.7588,57.2375,101.546,103.434,150.675,198.073,282.422,422.417,578.262,832.042,1038.56,12.6851,24.9263,49.6913,76.9606,102.398,127.879,281.931,436.631,398.851,740.096,801.312,1358.52,14.9261,24.0166,66.6019,48.5321,69.0182,135.818,182.118,323.667,403.255,773.857,781.878,1353.52,15.6987,19.3735,40.7855,69.3975,100.38,133.617,143.049,305.97,352.69,520.929,897.151,1008.9,12.356,16.6519,41.266,54.9562,78.7695,121.572,154.481,332.332,375.15,596.79,693.08,1239.46,15.8571,17.3926,29.468,47.6262,72.6474,129.098,179.187,202.019,254.524,655.978,628.264,884.672,15.4344,17.9575,29.3874,53.7081,71.9864,95.1267,145.64,197.62,218.408,369.218,593.364,760.516,7.06295,12.6657,31.2389,37.1242,65.8852,153.509,117.105,164.226,273.998,413.973,581.423,731.672,14.9546,13.2885,32.346,42.9267,43.8761,132.56,123.394,142.91,258.536,316.519,382.442,806.56,6.14481,13.6043,12.1673,33.6993,53.986,65.9777,87.7756,138.012,178.591,290.098,445.262,829.878,12.0608,12.371,14.17,28.2871,39.6072,52.9841,79.1381,142.624,149.343,350.522,354.714,719.594,4.07557,8.92664,11.8338,26.7262,16.9267,98.6779,61.2823,101.076,262.866,351.704,452.685,569.103,3.05489,6.72874,5.96853,24.2434,16.6096,24.9318,114.521,73.1404,176.386,259.873,269.416,468.206,3.41218,3.33138,13.2337,14.3031,20.2165,18.8405,39.2433,78.7832,48.3551,202.287,164.6,675.968,2.99268,3.6085,9.34402,9.65781,15.9761,17.6401,22.9518,80.3478,78.7213,119.8,113.816,204.432,3.23596,3.10164,6.40115,7.66947,11.6032,11.2424,25.6058,65.043,89.2008,192.12,208.847,381.747,2.90742,3.1946,5.52924,5.39528,8.71828,13.4572,19.1021,32.8541,39.2593,156.313,106.045,244.18,2.21784,3.54181,4.83036,5.3754,9.42512,9.73302,15.5404,22.0438,18.841,50.542,43.3597,248.469,2.10615,2.57867,4.73487,5.34552,6.97909,7.62758,10.8413,17.1501,15.4746,23.5412,46.0886,70.0149,2.02351,2.86404,4.01149,5.12937,6.85082,11.235,9.1692,13.2871,14.2556,23.1582,32.3728,49.6211,2.11977,2.31391,3.4114,4.63757,6.59937,8.74319,11.3745,10.4196,15.7583,16.2413,23.7778,47.4042,1.95004,2.263,3.65882,3.44394,4.8824,6.66733,8.1733,12.8335,14.3093,20.2264,27.4833,45.7821
16400,21.4981,25.3338,50.9785,116.75,87.7193,182.158,267.62,355.467,482.012,608.799,1161.73,1530.67,19.0116,24.439,69.9735,74.6442,126.322,154.007,165.028,322.313,441.021,539.787,903.072,1421.21,10.8015,26.9167,57.6631,94.6242,104.931,143.777,254.923,230.092,529.599,664.665,722.259,1032.41,11.3926,28.7588,58.3952,101.546,103.434,153.486,198.073,282.422,392.322,578.262,832.042,1217.87,13.2397,24.8288,49.6913,66.5093,102.398,127.879,281.734,383.512,398.851,591.295,882.072,1378.91,15.1352,24.0166,58.471,56.5679,85.0998,138.842,181.255,329.758,363.516,769.377,782.189,1383.09,15.7856,19.1194,40.8783,67.6682,100.38,133.617,182.939,305.97,413.122,501.764,897.151,1008.9,12.5807,18.758,41.5436,55.2461,76.5943,134.783,149.171,330.41,375.162,596.798,621.176,1223.71,16.1942,18.2375,30.65,44.3543,71.8244,129.086,179.144,201.719,337.286,656.003,628.264,790.841,13.869,17.297,29.2406,54.1426,73.7735,95.1363,141.387,196.574,226.065,380.099,597.703,760.495,6.9608,12.7543,25.8812,41.9235,66.8101,151.829,114.17,163.249,272.123,416.683,603.117,731.557,15.8667,14.1616,30.7154,40.77,46.8992,128.876,132.097,145.64,252.842,315.532,382.569,699.089,6.66584,14.3152,12.6736,34.3316,50.3143,63.6817,89.4317,140.612,186.597,307.322,465.215,830.446,12.3906,11.4088,12.8691,29.6656,39.3541,52.8659,90.7659,140.857,151.668,358.858,354.842,652.426,4.06959,8.4866,12.4206,31.3312,17.35,101.927,72.3562,100.869,261.423,349.837,426.066,570.383,2.93754,6.97587,6.0845,25.1518,16.5015,24.815,107.989,53.5541,171.899,203.531,275.659,673.367,3.25419,3.29582,11.861,14.6434,21.3131,18.782,39.8244,73.5339,51.9917,215.295,162.608,544.045,3.04958,3.74465,11.6726,9.4766,17.3679,17.6189,24.6361,80.1,70.2621,93.083,119.323,206.168,3.00645,3.0649,6.25737,8.13814,11.2469,10.6047,26.1742,57.0657,82.9256,168.113,157.603,373.691,2.88587,3.92363,5.32106,5.60139,8.18271,12.9812,19.5428,39.147,36.5285,173.123,108.352,214.551,2.58913,4.27649,5.66071,5.54326,9.06019,9.53143,15.4902,22.3045,19.474,54.7326,42.8976,250.347,2.04659,2.84565,4.70491,5.03383,9.35036,7.70546,10.5491,16.6988,15.1903,22.9544,46.84,69.3892,2.21611,2.86233,3.62987,5.32622,6.76518,10.5632,9.24373,13.2618,13.6907,24.2644,33.6232,52.0778,1.98664,2.34468,3.31176,4.45238,6.3604,9.6293,10.6999,10.4364,15.6563,17.5,21.6667,46.7828,1.97871,2.21779,3.42156,3.42485,5.34376,6.55101,8.07509,12.7025,13.7697,20.1638,27.6208,45.3646
16500,19.9358,25.4355,50.9785,116.75,83.1493,182.158,267.62,329.966,482.012,608.799,1202.28,1530.67,19.0116,22.3909,71.4896,78.0288,95.6559,154.007,162.875,322.528,338.291,476.53,1041.3,1369.2,10.8015,27.1236,57.6631,76.4103,104.931,143.777,239.926,230.092,529.599,681.837,722.259,1032.41,11.6342,28.7588,54.6522,101.546,103.434,153.486,198.073,282.422,422.417,578.262,832.042,1038.56,13.2412,25.5019,49.6913,80.1587,97.2535,127.879,281.734,407.634,398.851,740.096,882.072,1378.91,14.9261,24.0166,69.9894,52.1693,86.467,145.412,178.369,327.437,385.189,773.857,808.723,1293.67,15.2022,17.3929,42.6267,69.3975,100.38,127.473,177.567,305.97,413.122,520.929,897.151,1008.9,12.2313,18.8907,40.6805,56.181,78.3731,134.783,153.811,326.916,375.162,596.798,621.176,1239.46,15.5242,19.2283,31.8723,47.1824,72.6696,122.056,179.161,202.204,337.333,656.003,628.264,884.708,15.5834,17.7622,29.3916,55.225,73.1642,94.4646,140.602,198.372,238.514,380.213,602.847,752.641,6.99632,12.0882,30.9598,41.1203,67.5319,151.983,114.627,160.401,273.003,417.972,603.652,731.575,15.938,13.0098,31.035,39.03,45.5917,118.805,123.481,135.351,260.783,316.842,476.57,807.093,6.18806,18.0317,12.8599,35.0403,54.2851,65.0622,82.8048,135.011,177.775,315.203,462.018,766.092,11.5062,12.5504,13.8958,28.4879,40.7831,55.6177,116.414,140.489,145.868,344.935,350.324,682.638,4.01418,8.40475,12.7265,28.2326,17.2355,96.8996,73.9352,90.4767,246.557,352.032,468.84,557.541,2.83436,6.87695,5.83921,24.0857,16.6928,26.8847,89.8631,53.1185,174.368,248.484,278.165,674.231,3.19981,3.24107,15.3193,12.9392,21.2919,17.7976,40.2813,74.535,50.9641,211.137,161.772,603.714,3.04088,3.69108,10.7748,10.1533,16.3214,19.7007,26.087,66.0309,81.8915,100.15,119.441,205.293,3.12771,3.27748,6.00763,8.34764,11.1027,10.4559,26.2809,49.4248,89.3467,185.482,212.78,405.681,2.83353,3.68116,5.07765,5.82427,8.61693,12.1238,19.5241,37.5208,38.1641,163.367,106.278,218.041,2.32294,3.83185,5.2484,5.40797,9.35344,9.16918,16.8903,20.9794,19.6967,52.9849,41.9155,243.362,1.95982,3.13241,4.70699,4.98989,9.59083,7.74093,10.2813,15.8611,15.109,24.3182,48.8268,65.988,2.42375,2.77593,3.58441,5.22548,6.61446,10.2579,9.23593,12.7515,14.3996,22.8456,35.4072,53.7621,1.97026,2.25176,3.1622,4.24525,6.32533,10.0555,10.7502,10.1833,15.8006,16.1389,22.1667,47.1202,1.95454,2.16127,3.431,3.41716,5.80996,6.75115,8.20587,12.6605,13.7414,19.3133,26.7196,44.0989
16600,21.4981,25.4355,50.9785,116.75,82.5208,182.158,267.62,355.198,497.395,593.849,1161.73,1530.67,19.0116,27.6205,69.3281,78.0288,123.483,154.007,165.028,322.528,355.924,526.757,1041.3,1421.21,11.3682,27.1236,57.6631,84.5424,109.355,144.102,254.923,254.194,529.599,681.837,722.259,1032.41,10.8316,28.7588,57.2375,101.546,103.434,153.486,217.338,282.422,422.417,578.262,794.457,1038.56,13.2412,26.7772,49.6913,79.7019,99.6602,119.792,281.734,407.634,398.851,740.096,882.072,1378.91,14.9261,24.0166,66.6019,56.5679,86.467,145.412,178.97,327.437,403.255,773.857,808.723,1383.09,15.9993,18.9533,42.6267,69.3975,100.38,133.594,165.584,305.97,413.122,498.968,897.151,1008.9,12.0757,19.4918,40.2773,57.7222,78.7711,110.948,143.661,332.36,375.162,596.798,590.876,1201.83,15.5223,17.8865,32.5206,57.0747,72.6982,129.047,179.17,202.337,337.143,655.982,628.264,884.729,16.2584,18.5678,31.6924,55.2647,67.1271,93.2035,138.133,199.43,208.745,380.258,623.144,760.516,8.29307,12.7721,26.2387,41.1328,69.7811,140.68,116.603,152.771,273.266,417.938,599.519,731.786,15.1687,14.4481,29.4461,42.1647,47.0172,135.023,136.835,147.472,253.593,314.926,388.792,782.664,6.15035,15.5534,13.5591,35.1941,53.7372,76.6688,88.0536,133.607,149.725,311.304,469.05,738.643,10.7002,13.5119,14.487,28.9327,39.9342,55.004,72.7583,139.536,145.278,336.085,350.682,659.893,3.93256,8.23443,11.4978,27.1383,17.066,105.455,73.4757,101.946,257.334,352.05,402.783,569.364,2.93561,6.42566,5.7437,27.5124,16.0202,25.8127,108.39,52.4597,171.671,210.139,276.367,529.068,3.10968,3.20265,13.2618,14.5374,22.5669,18.1289,41.6636,79.3388,52.953,217.216,177.697,535.566,3.03655,3.59328,9.87357,9.93707,15.7322,20.0904,23.3038,64.3148,81.5356,95.0004,153.07,176.198,3.0517,3.25047,5.91317,8.37337,10.9419,10.84,24.3244,54.6185,90.5582,181.436,214.501,405.157,2.80427,3.58182,5.06649,5.71184,8.61698,12.1919,19.2995,43.397,37.1879,158.225,102.787,211.038,2.30998,3.6155,5.06477,5.21965,8.94792,9.31673,15.7406,20.6956,20.5463,46.0142,41.69,153.533,2.04204,3.45762,4.39571,4.91376,8.9654,7.81854,10.4035,15.6764,14.3983,22.4735,47.1244,66.2307,2.6392,2.74694,4.08818,4.97183,6.4842,10.1332,9.86163,12.4728,14.0971,23.0327,34.4703,50.2447,1.97022,2.20534,3.12305,4.53122,6.04902,9.53766,10.1921,9.82464,15.2859,16.9556,22.5,48.6806,1.87161,2.0587,3.28987,3.48892,5.8969,6.88904,8.08683,12.6167,13.6202,19.1624,27.4496,43.8954
16700,18.3266,25.4355,50.9785,112.033,87.7193,182.158,267.62,355.467,482.012,608.799,1111.21,1530.67,19.0569,27.2376,71.4896,78.0288,121.067,154.007,153.902,322.632,441.021,539.787,1041.3,1375.18,10.8015,27.1236,57.6631,82.7859,100.482,143.777,254.923,235.716,505.188,634.543,722.259,1032.41,11.3926,28.8755,57.2375,95.4561,103.434,143.166,184.656,282.422,422.417,546.647,832.042,1071.94,13.3645,26.7772,48.2983,78.7762,84.9361,118.08,277.063,401.437,398.851,740.096,854.342,1378.91,15.1505,24.0166,66.6019,56.5679,86.467,145.412,182.118,331.457,363.971,773.857,796.362,1383.09,15.8219,18.9533,42.6267,69.4042,100.38,117.61,152.583,297.162,413.122,520.914,897.151,1008.9,11.868,18.0635,42.2002,57.7309,78.4075,134.789,137.412,301.576,318.242,596.815,610.265,1132.23,16.2985,18.558,29.9225,48.2837,72.7316,123.847,179.154,202.708,337.491,656.003,625.229,856.245,16.4573,17.6549,35.9071,55.9415,71.3323,93.9036,140.863,203.611,186.214,354.255,519.639,708.415,6.90249,12.8369,30.5466,40.4704,68.1092,153.958,114.612,147.526,268.436,399.46,602.247,697.605,15.1268,15.167,31.1722,41.1166,40.1103,135.999,139.625,145.109,258.65,315.101,386.546,821.719,6.61323,15.5198,14.152,35.995,55.5552,75.639,92.8939,140.966,180.678,311.391,418.175,818.579,13.1952,11.3809,14.6546,26.8345,39.1762,54.4621,80.144,139.728,136.544,346.457,408.043,716.113,3.70765,7.99879,13.0037,27.2898,17.28,101.919,72.9547,103.446,254.663,330.008,470.238,569.929,3.02238,6.23899,5.66145,24.616,15.1076,26.038,102.894,51.5605,170.479,252.24,280.129,661.091,3.61099,3.16846,13.4093,15.9135,19.6516,17.9807,37.3967,79.7238,49.0918,214.68,228.817,578.515,2.84999,3.45756,9.73386,9.20733,14.9312,21.1317,23.5204,61.569,82.9005,81.7669,119.068,183.78,3.24394,3.12018,6.18551,8.05565,10.5971,10.8683,26.2876,54.3481,82.6366,174.532,210.555,399.689,2.71299,3.46707,4.6744,5.66534,9.07066,11.403,17.6845,39.2695,37.4598,117.188,102.806,178.805,2.41535,3.38455,5.26562,5.33431,8.65844,8.97325,16.1553,22.0105,20.7883,48.7606,41.3451,272.001,1.96898,3.1309,6.05961,4.92516,8.54581,7.88945,10.9044,15.2051,15.1089,23.3198,46.6347,68.9494,2.2866,2.78139,4.28442,5.33623,6.97314,9.86946,9.63036,12.2243,14.9757,24.2978,33.3872,52.7516,1.92778,2.16182,3.14816,4.9388,7.26694,9.49913,10.5667,10.3243,14.5352,18.0556,22.1667,46.7572,1.90359,2.07105,3.26923,3.64287,5.80521,7.43252,8.10481,12.6238,13.8997,20.1611,26.4818,44.3179
16800,21.4981,23.9346,49.2354,101.369,87.7193,182.158,267.94,355.467,482.012,608.799,1161.73,1373.11,18.0972,27.2376,71.4896,78.0288,114.52,154.007,165.028,322.528,367.297,528.055,1041.3,1421.21,10.8015,25.4593,57.6631,85.4154,99.8095,143.777,254.923,230.092,529.599,681.837,744.102,1032.41,11.3926,28.7588,57.2375,101.546,103.434,153.486,198.073,282.422,422.417,578.262,832.042,1038.56,13.2412,26.7772,49.6913,78.7762,102.398,129.237,281.734,382.774,398.851,580.373,863.68,1378.91,14.9415,18.3825,66.6019,56.5679,86.467,155.373,182.118,323.303,403.255,742.46,808.723,1383.09,15.9725,18.2176,42.6333,69.4042,100.38,133.606,165.584,274.082,413.122,520.906,897.151,1008.9,12.1944,18.1276,41.9176,56.4047,78.5703,128.897,143.407,332.376,342.335,596.822,621.176,1213.17,15.0077,18.0562,31.9845,46.3541,72.7427,131.197,179.154,170.852,327.686,655.036,628.264,884.751,16.0114,19.1104,39.6185,55.3027,71.7636,90.7785,134.261,196.581,220.663,380.312,604.889,760.68,6.45737,12.6861,32.5272,40.7892,67.0695,153.451,96.5034,153.589,254.859,418.005,597.818,753.701,14.8285,15.1043,29.6704,41.789,44.3607,134.775,126.12,145.293,264.435,315.412,386.527,807.135,6.78446,15.413,14.1155,37.159,52.687,75.8877,91.381,146.514,184.03,306.158,468.358,812.107,12.259,11.1174,14.9973,29.4198,38.2419,54.4121,82.0353,139.198,139.52,344.153,362.316,647.99,3.7337,8.41771,12.7581,30.2979,16.4376,96.3215,74.4979,95.6127,262.354,349.923,465.924,565.08,3.14213,6.90437,5.81239,25.6036,16.4603,25.1042,109.372,50.6581,170.074,256.263,274.48,650.967,3.57148,3.11701,15.8904,16.9505,18.8586,17.3143,39.9224,66.5928,49.7722,209.565,250.954,389.681,2.87303,3.38323,9.25791,9.03366,14.7897,28.8891,22.7409,60.4983,82.9409,131.341,119.416,198.111,3.37454,2.91787,6.51872,7.85516,10.412,11.2304,27.2458,49.2204,82.9146,196.094,184.509,400.347,2.73844,3.3057,4.88642,5.53445,11.049,11.1394,16.8616,51.0113,35.6736,162.105,99.0321,205.911,2.25977,3.19757,4.84061,5.09554,8.49881,9.03424,15.9459,22.3697,20.7134,46.2033,40.8206,252.411,2.01854,2.98327,5.98449,4.69196,8.38223,8.34089,13.6291,14.6873,15.8761,24.517,46.2355,67.4468,2.20092,2.81153,4.94035,5.90645,7.36523,9.64967,9.37815,11.7298,14.5004,22.734,34.3278,51.5704,1.90547,2.13154,3.21042,5.32822,8.39247,9.40433,10.1813,9.96211,14.5598,15.6444,22.2778,47.2471,1.82596,2.111,3.7049,3.87401,5.53925,7.50918,8.05099,12.8972,13.8121,20.02,27.2702,44.4811
16900,20.4714,23.6,50.1722,113.314,89.7045,182.158,267.62,355.467,461.433,608.799,1161.73,1530.67,19.0116,27.2376,71.4896,71.3069,121.067,154.007,158.947,322.528,441.021,539.787,1041.3,1421.21,9.05021,27.1236,63.5798,85.4154,104.931,175.216,254.923,228.279,529.599,681.837,812.685,1032.41,11.3926,27.3644,56.7542,99.7306,103.434,153.486,198.073,282.422,452.234,578.262,755.284,1038.56,13.2412,26.7772,49.6913,78.7762,102.398,127.879,188.312,393.211,398.851,649.791,882.072,1378.91,14.9415,23.1604,66.6019,56.5679,88.3779,145.472,182.118,327.437,391.014,773.857,808.723,1383.09,15.9843,19.1325,42.6238,69.4042,100.38,133.629,165.584,305.97,362.463,520.906,897.151,1008.9,11.931,18.2604,41.9118,56.743,78.4003,134.789,146.406,332.376,331.679,596.822,621.176,1105.09,15.9805,17.9603,26.4156,48.7409,71.4959,119.346,158.67,193.649,337.467,656.05,628.264,908.795,16.2371,18.5395,40.3474,55.339,74.8936,92.244,128.735,195.056,242.091,380.365,598.607,752.23,6.58665,12.0237,31.4481,40.851,67.8275,156.158,118.155,149.657,239.745,417.968,597.909,739.617,15.5129,14.1494,30.3808,40.3395,43.276,133.656,145.609,148.707,260.419,317.668,444.137,817.969,6.51916,16.4165,14.2542,32.8947,55.1381,76.6227,89.862,148.546,172.42,311.629,462.967,829.958,12.853,12.1115,15.3446,28.1874,38.9041,54.041,81.8175,136.575,146.45,349.522,353.504,611.314,3.38189,7.41262,11.5299,29.689,19.36,102.449,70.4883,96.6829,262.999,334.363,467.397,569.111,3.40375,6.3412,5.86608,24.1671,16.0287,24.7579,117.333,52.0372,174.122,259.489,274.603,623.347,3.5677,3.08307,15.3156,14.6622,21.9313,18.14,40.39,84.7979,52.8112,229.927,262.499,560.086,2.7835,3.23547,11.1499,8.73261,15.827,27.174,22.4778,69.7358,64.8155,136.73,123.057,196.947,3.1465,2.99265,6.23239,7.06585,10.0864,11.5769,28.5305,49.209,101.321,149.349,217.498,388.73,2.66114,3.517,5.14512,5.95424,10.3854,10.7807,17.6115,50.7262,35.9913,158.458,101.701,203.256,2.52666,3.02079,5.33211,4.93446,9.11568,8.56651,15.3533,22.2994,20.1459,43.4705,40.1575,246.918,2.16251,2.98267,5.56048,5.91322,8.60073,8.16794,12.8781,15.4095,16.4447,23.7529,46.4043,66.7104,2.1691,2.73226,4.77221,5.97616,8.04642,9.19476,10.8669,11.8946,14.1769,23.3302,33.191,50.4776,1.85646,2.20546,3.31103,4.85937,8.77343,9.89586,9.94509,10.3069,14.1452,16,23.8333,48.2828,1.78996,2.01271,3.71604,3.97281,5.39789,7.41402,8.13156,12.9548,13.8339,19.321,27.3185,44.621
17000,21.4981,23.1839,50.9785,116.75,87.7193,182.158,267.62,355.467,482.012,608.799,1161.73,1511.78,19.0116,27.2376,69.4622,78.0288,121.067,148.807,165.028,322.528,347.922,552.209,1041.3,1421.21,10.8015,24.0136,58.802,82.8561,106.093,143.777,254.923,217.839,529.599,656.099,782.378,1019.97,11.3926,27.8364,57.2375,101.546,103.434,137.75,198.073,282.422,422.417,560.096,832.042,1052.53,13.0984,26.7772,49.6913,75.6402,100.435,127.879,256.806,379.938,398.851,740.096,882.072,1340.72,14.9548,24.0166,66.5819,55.1348,84.1852,145.412,182.118,327.437,373.489,732.279,808.723,1383.09,15.9725,19.4701,42.6238,66.5444,100.38,133.629,165.584,305.97,413.122,520.898,859.081,1008.9,12.4058,18.5571,41.7534,56.7573,78.4377,134.789,153.073,332.408,332.426,596.839,523.867,1239.46,14.9835,18.6537,30.0788,49.0493,72.305,124.438,179.154,195.396,337.443,656.05,628.264,884.736,16.2922,19.4474,38.6954,55.6136,72.5721,89.7924,150.478,201.122,226.619,357.736,473.482,765.9,6.38807,11.7697,32.0954,41.5189,70.6028,158.107,116.646,154.497,264.578,417.982,589.873,739.599,14.736,16.2624,30.1528,43.388,45.1141,131.289,129.265,162.206,258.757,317.812,382.292,758.943,6.11634,14.1794,21.6084,36.623,55.2101,77.1188,90.4079,151.04,184.118,331.061,465.89,815.799,13.0633,13.139,14.6927,29.8871,40.4844,55.3272,79.3049,135.893,146.771,347.991,351.887,716.026,3.73306,8.59309,12.5519,23.953,16.932,80.5889,70.4394,95.7162,259.608,355.442,460.678,561.823,3.38392,6.2771,5.82383,25.5917,16.2933,24.6252,108.266,50.0141,172.441,259.582,273.478,665.641,3.48962,3.1546,15.2196,15.8929,18.0697,18.835,40.8844,84.896,63.1446,237.369,252.393,445.351,2.84627,3.25292,10.6647,8.90876,14.3041,28.6607,22.4704,67.502,85.9955,129.596,116.65,203.231,3.27839,3.08351,6.34074,7.35434,9.24089,11.817,25.6202,50.1399,97.2727,187.684,190.846,373.255,2.70435,3.56114,5.64829,6.14106,11.068,10.3788,17.93,51.743,37.536,155.505,108.236,206.119,2.42133,3.38389,4.87355,5.15916,9.52209,8.35494,14.1614,22.4027,21.5226,45.9618,40.0661,185.897,2.02078,2.9096,5.47013,5.61368,9.36783,8.54156,11.9697,17.6293,15.3659,23.9944,44.5158,62.691,2.11093,3.3305,4.59456,7.16885,7.67568,9.19906,11.2975,11.2447,14.3248,22.5304,33.6813,50.4643,1.85373,2.64033,3.5954,4.62079,8.17622,9.40488,9.72667,10.496,13.7532,17.8333,23.5,47.3888,1.87594,1.94442,3.80244,4.46324,5.30001,7.37375,8.24367,12.6742,13.8167,20.1884,25.9193,44.2606
17100,18.9019,25.4355,47.1592,114.006,87.7193,179.644,267.62,355.467,482.012,608.799,1161.73,1530.67,19.0116,28.8173,71.4896,78.0288,121.067,147.442,156.606,319.675,441.021,539.787,917.01,1408.29,10.7192,27.1236,55.402,75.0147,92.2022,143.777,254.339,227.935,521.266,681.837,719.808,1032.41,11.3926,28.0063,57.2375,101.546,103.434,153.486,197.326,251.861,395.723,553.387,832.042,1026.61,13.2492,26.7772,49.6913,74.5762,104.331,127.879,281.734,407.634,398.851,760.581,882.072,1378.91,15.1639,22.8742,66.5819,56.5679,86.467,145.412,179.01,327.437,403.255,773.857,808.723,1373.11,16.1712,19.292,42.6238,61.1469,99.2932,129.866,165.584,287.637,413.122,484.295,897.151,1008.9,12.3796,18.2248,40.0857,56.4022,78.4464,127.415,152.753,288.219,367.968,576.876,621.176,1239.46,14.2663,17.6682,29.7683,47.9806,72.838,131.225,179.18,195.46,337.476,656.029,628.279,884.759,16.827,18.2979,38.9942,55.725,74.1316,95.3272,138.06,193.801,226.314,377.802,600.073,765.924,7.06339,12.3106,31.3748,41.0611,71.4908,149.693,118.427,153.54,268.186,417.929,589.879,739.75,16.2266,15.7496,31.1944,38.6192,44.7741,131.534,140.83,149.603,241.974,322.582,382.209,818.47,6.26068,16.3282,16.529,33.2144,57.1227,77.0708,92.4083,143.014,188.458,308.135,465.991,830.157,13.3303,12.3388,14.3256,23.5979,39.2041,55.4237,81.6944,139.525,134.495,341.089,348.801,633.328,3.67965,8.63981,11.9023,28.0497,19.4635,97.2583,58.6662,97.7407,259.686,352.809,461.256,577.419,3.19352,6.36161,5.63686,25.0399,14.0847,26.7042,93.4615,50.728,174.089,249.428,370.292,657.177,3.53827,3.10645,15.0912,16.752,18.2837,19.8861,43.479,85.0109,62.163,234.101,161.669,582.498,2.96146,3.26144,10.1989,8.96207,13.8266,28.9489,22.643,63.8438,89.4826,135.242,117.114,196.417,3.20139,3.12529,7.30495,6.76879,9.84985,12.5555,27.8468,49.4871,97.7142,193.072,184.481,358.587,2.73073,3.58237,5.67236,5.74187,11.9278,10.3069,17.7406,47.7545,41.0482,140.714,118.349,203.168,2.54615,2.9428,4.95275,5.31022,11.824,8.5687,13.9841,20.8897,21.9151,45.5862,38.9384,183.751,1.92426,2.7397,5.19161,5.38642,9.11765,8.16151,11.5266,17.6479,16.5919,23.2443,44.2485,71.6966,1.94012,3.08016,4.50214,6.65844,7.21796,9.29054,10.5748,11.1863,13.9479,22.516,32.5725,48.2172,1.9721,2.62943,3.91971,4.49588,7.7315,9.15753,9.89322,9.74421,13.6412,16.4444,23,47.3727,1.92108,2.01836,3.66345,4.16737,5.33107,7.12469,8.01712,12.6197,13.6936,19.7512,26.823,44.8997
17200,21.4981,24.2358,51.515,110.655,87.7193,182.158,267.62,355.616,482.012,590.747,1097.4,1530.67,19.0116,27.2376,71.4896,74.3019,106.354,154.007,165.028,282.823,331.937,518.54,1041.3,1354.19,10.8133,24.8933,57.6631,85.4154,104.931,138.834,219.101,230.092,541.899,681.837,722.259,1032.41,10.4929,28.7588,57.2375,101.546,103.434,150.675,198.073,282.422,422.417,578.262,832.042,1038.56,12.6931,24.9263,49.6913,76.9606,102.398,127.879,281.931,436.631,398.851,740.096,801.312,1358.52,15.1187,24.0166,66.5819,48.5321,69.0182,135.818,182.118,323.667,403.255,773.857,781.878,1353.52,16.0007,19.4778,40.6105,69.4042,100.38,133.629,143.049,305.97,352.69,520.883,897.151,1008.9,12.1148,15.9879,41.1474,54.8961,78.4535,121.592,154.485,332.441,379.818,596.88,693.08,1239.46,15.3286,18.0507,29.6156,49.1288,72.0104,131.275,179.19,194.82,254.711,656.029,628.279,884.779,16.8529,18.135,35.6922,55.1698,70.9765,93.5165,139.609,193.836,233.87,366.685,577.686,765.946,7.13271,12.4831,33.3665,41.3744,69.8677,154.74,116.677,152.829,268.49,417.975,593.761,754.076,16.6405,14.7393,30.8275,40.6996,45.5656,135.167,138.694,150.898,257.206,322.725,384.337,818.42,6.28027,16.7251,12.4738,35.5583,54.6548,68.0417,90.678,156.558,187.679,309.423,451.287,830.251,13.9522,11.3554,14.2446,26.7941,39.2947,57.4396,84.516,140.495,145.259,344.119,348.962,729.066,3.83441,8.37938,11.9614,29.5007,22.0692,101.428,72.5777,94.7212,261.384,357.784,469.073,575.39,3.19064,6.31521,5.88455,28.1093,15.4943,31.599,86.0069,74.3639,172.933,263.372,277.752,580.527,3.62523,3.1199,14.7303,18.9654,18.2993,21.8822,43.8595,85.128,56.6068,192.681,257.238,679.652,2.92291,3.12711,9.63111,8.9245,13.4912,29.5733,22.5025,63.1166,82.2023,132.717,112.075,196.708,2.96068,3.04719,7.62131,6.97939,9.59642,13.1373,24.7361,53.1637,98.3893,172.906,207.355,365.519,2.75839,3.44322,5.23893,5.29556,11.14,10.5366,17.6873,44.566,41.1212,155.218,118.147,187.44,2.36095,2.82296,4.99523,5.60464,14.0459,8.49134,13.9993,20.5818,21.905,42.972,38.7647,249.542,1.97308,2.70334,5.05335,5.10615,8.8351,8.04337,11.2867,18.8981,15.6546,23.0646,44.6973,69.0319,1.87863,2.75938,4.37175,6.55923,6.8517,8.87939,10.2186,11.0586,14.1266,22.9534,33.6143,51.7398,2.09439,2.38242,3.68337,4.42809,7.36884,8.86943,12.4436,9.77035,14.0127,16.25,22.8333,46.8723,1.97426,2.00404,3.61484,4.03972,5.47855,7.05536,8.00259,12.4931,13.6012,20.1457,27.1439,45.0812
17300,21.4981,25.3338,50.9785,116.75,87.7193,182.158,267.62,355.467,482.012,608.799,1161.73,1530.67,19.0116,24.439,69.9735,74.6442,126.322,154.007,165.028,322.313,441.021,539.787,903.072,1421.21,10.8133,26.9167,57.6631,94.6242,104.931,143.777,254.923,230.092,529.599,664.665,722.259,1032.41,11.3926,28.7588,58.3952,101.546,103.434,153.486,198.073,282.422,392.322,578.262,832.042,1217.87,13.2477,24.8288,49.6913,66.5093,102.398,127.879,281.734,383.512,398.851,591.295,882.072,1378.91,14.9081,24.0166,58.471,56.5679,85.0998,138.85,181.255,329.748,363.516,769.377,782.189,1383.09,15.983,19.4874,40.8754,69.4042,100.38,133.617,182.939,305.97,413.122,501.728,897.151,1008.9,12.4277,17.7792,41.1505,54.0609,76.4546,134.789,148.139,330.478,379.829,596.88,621.176,1223.71,16.0047,16.8334,31.1466,44.6191,72.1753,129.114,179.19,190.873,337.372,656.029,628.279,790.98,16.0572,17.7116,40.4375,56.0136,74.1923,92.2508,140.573,192.881,220.329,345.116,600.182,766.009,6.65919,11.9013,29.8645,39.2662,70.5521,157.568,117.442,154.139,268.271,420.869,593.74,754.26,16.1769,17.1459,29.9121,42.4818,43.8386,131.566,139.119,149.597,244.929,323.042,384.247,701.49,6.38013,18.2437,14.1695,35.166,48.1845,78.1047,90.8685,155.922,195.716,327.511,469.215,830.084,13.3595,11.0952,14.5359,26.9633,38.181,56.3986,93.1951,136.377,151.784,353.357,345.944,647.773,3.61373,8.48545,12.0661,30.8368,27.9311,98.5137,69.7759,94.4437,258.449,368.594,433.208,574.415,2.92525,6.49511,5.07648,31.0183,15.3509,32.6841,101.486,75.155,170.401,220.226,276.481,663.334,3.47087,3.06903,13.6618,20.9316,14.9529,24.8005,45.7691,86.0287,55.5278,222.129,256.096,577.18,2.83465,3.049,8.73674,9.04813,13.245,29.1479,30.7885,64.7479,71.4659,129.57,119.932,197.393,3.37609,3.01863,7.61445,6.83705,9.24992,12.1349,27.3096,51.1574,99.297,156.342,211.445,366.785,2.81572,3.337,5.22888,5.06875,9.42202,10.1748,17.3441,42.1828,39.7748,164.063,119.746,197.147,2.26207,3.4958,5.47197,5.73429,13.6141,8.32723,14.2026,22.5378,21.3332,45.8469,38.5283,239.252,1.90566,2.64449,4.83606,5.00437,8.49287,10.1324,11.2575,18.6604,16.2637,22.0541,46.8306,72.4119,1.92816,2.78408,4.43564,6.30438,6.63124,12.1607,10.263,12.4372,13.6154,22.0749,32.6057,49.2148,2.13213,2.53868,4.05399,4.45419,7.07295,8.59013,11.9194,10.3938,13.4474,15.4444,22.8333,46.6267,1.93452,2.00126,3.48387,4.057,5.35056,6.84483,8.05044,13.7396,13.4397,19.3644,25.9358,44.1278
17400,19.9358,25.4355,50.9785,116.75,83.1493,182.158,267.62,329.966,482.012,608.799,1202.28,1530.67,19.0116,22.3909,71.4896,78.0288,95.6559,154.007,162.875,322.528,338.291,476.53,1041.3,1369.2,10.8133,27.1236,57.6631,76.4103,104.931,143.777,239.926,230.092,529.599,681.837,722.259,1032.41,11.6342,28.7588,54.6522,101.546,103.434,153.486,198.073,282.422,422.417,578.262,832.042,1038.56,13.2492,25.5019,49.6913,80.1587,97.2535,127.879,281.734,407.634,398.851,740.096,882.072,1378.91,14.9248,23.843,69.9694,56.5679,86.467,145.412,178.369,327.437,385.189,773.857,808.723,1293.67,15.3499,18.1293,42.6238,69.4042,100.38,127.473,177.567,305.97,413.122,520.875,897.151,1008.9,12.0631,18.8672,40.4663,56.1483,78.5117,134.789,152.775,327.003,379.829,596.897,621.176,1239.46,15.5944,18.1771,32.8907,48.6129,72.209,124.278,179.19,185.677,337.267,656.029,628.287,884.779,15.6378,18.7104,40.9238,56.7471,70.8868,95.9248,141.207,195.198,234.829,372.315,600.209,753.343,7.07805,12.5894,32.8425,41.3989,70.0197,155.968,116.953,152.534,273.372,420.902,593.702,746.51,14.6236,15.523,32.5131,43.5527,45.2026,124.314,143.501,137.143,255.257,322.009,474.64,818.635,6.92419,17.721,14.0895,35.0016,53.835,67.5617,82.6825,155.049,184.719,318.977,469.173,780.136,14.9414,10.6127,14.5316,27.1191,37.0517,52.9561,121.133,139.513,148.258,342.671,348.001,690.596,3.70218,8.59407,11.9317,29.7488,26.9649,97.1895,76.2637,88.0758,263.323,361.065,459.19,572.438,2.90707,5.94107,5.01485,30.3064,15.3594,32.2188,115.339,74.6526,168.861,259.781,277.47,654.217,3.38397,3.13022,14.1792,20.2788,19.2385,24.1727,45.8682,65.8959,60.1963,235.383,253.141,615.346,2.82448,3.06393,9.58778,9.35241,13.0155,29.7982,25.1572,59.2344,83.7374,97.4288,123.134,194.521,3.64244,3.03866,7.19741,6.84869,9.03949,12.4037,26.9527,49.8294,100.296,151.573,209.322,366.399,2.65199,3.27458,5.04191,5.74519,11.4948,10.1828,17.6842,40.2012,38.8371,153.839,117.993,198.148,2.21425,3.14262,5.27907,5.85846,12.7361,8.27349,14.6845,21.0673,21.1453,47.2407,38.2883,159.673,2.39148,2.66288,4.71133,4.81816,8.20248,9.76434,11.265,17.4833,15.2905,22.3718,44.1857,72.8675,1.815,2.76453,4.24517,6.1489,6.48501,10.3622,11.6947,17.4275,13.7117,23.0575,32.7959,49.3786,1.97351,2.50227,4.40414,4.18541,6.75424,8.31034,13.6691,10.0461,13.3374,16.6667,25.6667,47.9404,1.9989,2.17892,3.42221,4.00861,5.17822,6.98769,8.01782,13.6825,13.8143,19.9251,26.9523,46.2793
17500,21.4981,25.4355,50.9785,116.75,82.5208,182.158,267.62,355.198,497.395,593.849,1161.73,1530.67,19.0116,27.6205,69.3281,78.0288,123.483,154.007,165.028,322.528,355.924,526.757,1041.3,1421.21,11.3799,27.1236,57.6631,84.5424,109.355,144.102,254.923,254.194,529.599,681.837,722.259,1032.41,10.8316,28.7588,57.2375,101.546,103.434,153.486,217.338,282.422,422.417,578.262,794.457,1038.56,13.2492,26.7772,49.6913,79.7019,99.6602,119.792,281.734,407.634,398.851,740.096,882.072,1378.91,14.9248,24.0166,66.5819,56.5679,86.467,145.412,178.97,327.437,403.255,773.857,808.723,1383.09,15.9147,19.4874,42.6238,69.4042,100.38,133.617,165.584,305.97,413.122,498.914,897.151,1008.9,12.2539,19.4747,39.5874,56.376,78.5546,110.976,143.304,332.458,379.829,596.897,590.876,1201.85,15.5948,17.841,31.3205,55.1409,72.2034,131.476,179.183,187.055,337.458,656.05,628.287,884.802,15.3269,18.9711,38.6723,54.1468,67.4475,95.3629,137.691,195.254,239.07,375.108,611.604,766.172,9.03442,12.8902,31.6944,40.3941,72.0127,156.817,117.109,154.039,274.532,420.926,589.746,746.425,15.2672,16.6658,31.7275,43.0415,47.7299,134.266,142.144,157.28,247.624,319.259,386.36,785.942,6.17076,19.4336,15.1542,34.22,55.7573,73.9517,87.158,157.431,153.236,321.546,472.343,720.356,12.6877,12.7183,14.2692,25.9173,37.7857,53.6181,86.4442,139.273,145.849,347.152,345.468,661.783,4.35468,7.35409,10.8409,26.7476,26.1084,102.085,72.0942,95.4597,254.194,353.979,401.743,682.156,3.10119,5.1506,5.24964,28.4905,15.1033,31.5745,135.195,73.4279,167.331,262.809,274.991,529.638,3.37008,3.03395,10.246,19.3547,19.8634,27.515,49.0099,87.107,59.918,217.217,226.916,587.196,2.80767,2.99401,8.92347,9.33034,11.2382,26.8881,25.4024,62.8778,63.8413,95.6432,164.316,166.456,3.79068,2.93339,7.04213,6.9286,8.8723,12.5423,24.2622,52.6598,97.7747,245.393,205.727,349.713,2.59202,3.2543,4.89104,5.6276,10.8674,10.1559,16.8814,38.2822,39.2186,152.168,115.906,197.526,2.30671,3.32679,4.6097,5.76196,12.0895,8.17591,14.8775,21.9674,19.3289,46.9656,37.7166,179.688,2.18796,2.49461,4.65601,4.57146,7.96538,9.05493,11.367,17.129,14.9195,22.8288,44.2486,61.7627,2.00941,2.80439,4.16325,5.78757,6.23555,11.1825,11.516,16.661,14.2898,22.901,32.4221,52.9747,1.80555,2.39587,4.03917,4.07489,7.0373,8.18032,14.1757,9.49777,13.6182,16.4444,23.4444,48.7191,1.79923,2.43869,3.50137,3.9619,5.12089,7.07995,8.08463,13.0173,13.9744,20.0681,27.162,45.4593
17600,18.3266,25.4355,50.9785,112.033,87.7193,182.158,267.62,355.467,482.012,608.799,1111.21,1530.67,19.0569,27.2376,71.4896,78.0288,121.067,154.007,153.902,322.632,441.021,539.787,1041.3,1375.18,10.8133,27.1236,57.6631,82.7859,100.482,143.777,254.923,235.716,505.188,634.543,722.259,1032.41,11.3926,28.8755,57.2375,95.4561,103.434,143.166,184.656,282.422,422.417,546.647,832.042,1071.94,13.3725,26.7772,48.2983,78.7762,84.9361,118.08,277.063,401.437,398.851,740.096,854.342,1378.91,14.9248,24.2004,66.5819,56.5679,86.467,145.412,182.118,331.465,363.971,773.857,796.362,1383.09,15.9776,19.4874,42.6315,69.4042,100.38,117.617,152.592,297.162,413.122,520.852,897.151,1008.9,12.1968,18.1651,41.9087,57.7144,78.6622,134.8,137.412,301.222,322.95,596.897,610.265,1132.2,14.779,18.216,31.0858,48.3634,72.2038,124.026,179.193,187.101,337.473,656.05,625.261,856.32,16.1315,18.8001,40.3624,55.2782,71.0891,95.5072,141.799,202.761,196.425,347.923,516.228,708.33,7.27396,12.5086,31.5726,41.9372,73.2962,159.782,118.174,152.115,274.656,398.887,589.719,712.361,14.0627,16.3633,32.6771,40.1622,42.7132,140.035,141.491,152.087,258.809,319.468,384.121,818.827,6.33402,16.8633,15.7223,34.4743,54.8126,71.983,87.97,157.655,179.872,326.549,427.558,814.96,12.9262,12.0052,14.2627,23.8155,37.9892,54.8183,83.9854,138.351,136.984,341.606,415.334,730.308,4.52995,7.49184,11.111,27.1945,23.6442,101.025,76.6765,95.1668,257.46,326.094,466.22,677.291,3.0732,5.28792,4.82936,31.1586,14.351,27.9076,79.7854,77.1218,162.379,258.709,283.59,660.354,3.28263,2.87907,15.3811,19.331,17.4083,28.2329,41.7047,86.7239,61.106,199.475,239.792,580.07,2.75379,3.04656,8.90034,9.24641,12.2263,29.2229,29.2763,61.3014,94.0671,119.968,168.367,194.027,3.94748,2.90057,7.03387,6.65594,8.21045,12.629,26.8252,51.8809,96.7885,246.016,207.141,355.791,2.69465,3.15802,4.94744,5.64659,10.627,9.59743,17.8795,36.2671,40.1912,115.867,113.393,188.078,2.32711,3.20296,4.66719,5.59352,11.3214,7.96437,14.5835,21.2233,21.5735,44.6148,37.6518,274.061,2.07936,2.48619,4.58363,4.44511,7.76136,9.09822,11.3026,16.3769,14.9589,23.8395,46.5435,73.7866,2.01122,2.89766,3.85721,6.05017,6.18646,10.73,12.6202,15.4813,13.8819,21.8951,32.3572,52.3397,1.8357,2.30612,3.77306,4.23548,6.69981,8.0026,16.2039,9.67079,13.8165,16.7778,22.6667,49.0186,1.81222,2.35097,3.517,3.93504,5.04775,6.85665,8.01719,13.073,13.8463,20.1055,27.4485,45.5282
17700,21.4981,23.9346,49.2354,101.369,87.7193,182.158,267.94,355.467,482.012,608.799,1161.73,1373.11,18.0972,27.2376,71.4896,78.0288,114.52,154.007,165.028,322.528,367.297,528.055,1041.3,1421.21,10.8133,25.4593,57.6631,85.4154,99.8095,143.777,254.923,230.092,529.599,681.837,744.102,1032.41,11.3926,28.7588,57.2375,101.546,103.434,153.486,198.073,282.422,422.417,578.262,832.042,1038.56,13.2492,26.7772,49.6913,78.7762,102.398,129.237,281.734,382.774,398.851,580.373,863.68,1378.91,14.9248,18.3825,66.5819,56.5679,86.467,155.387,182.118,323.303,403.255,742.46,808.723,1383.09,15.8591,18.8374,42.6433,69.4042,100.38,133.606,165.584,274.082,413.122,520.852,897.151,1008.9,12.4015,18.9641,41.0847,56.376,78.1263,129.3,143.397,332.458,342.3,596.897,621.176,1213.09,14.6624,17.6444,33.0412,47.3278,73.5021,133.61,179.236,176.557,327.951,655.086,628.295,884.824,16.2,18.658,40.1439,55.4188,72.73,96.3321,141.476,193.929,239.978,375.2,599.137,757.731,7.08645,12.7164,32.1858,41.4113,70.4964,158.26,95.9214,151.051,256.752,425.91,589.621,746.408,15.0857,16.6121,31.3783,43.1558,44.4736,137.627,124.366,145.744,263.065,321.616,384.094,819.139,6.68038,18.0533,15.3898,34.2544,52.698,74.8099,94.6255,160.891,164.852,328.825,472.407,814.985,12.9693,12.5791,14.6752,27.4342,37.379,54.3821,87.8429,141.272,139.598,347.828,361.37,661.756,4.28114,8.1965,12.1796,30.5199,27.4968,92.5723,74.3167,90.6346,254.077,362.614,468.461,662.098,3.15617,5.70135,6.33235,30.1802,14.8878,29.4897,115.297,76.3628,165.461,258.36,271.934,649.461,3.18892,4.67267,13.7678,15.7331,22.0917,27.0292,44.606,66.0581,61.8778,205.895,253.454,402.143,2.89739,3.1239,8.40077,8.85752,13.3221,31.8639,28.3591,60.4391,63.9335,124.378,126.024,218.713,3.76766,2.75774,7.63826,6.58323,8.71742,12.8579,28.9638,51.0535,90.4983,191.447,192.439,354.091,2.63019,3.21527,4.85482,5.57548,10.0596,9.32686,17.2613,38.5407,38.6941,159.641,105.401,193.299,2.26556,3.10262,4.59846,5.53306,10.5948,7.80239,14.3667,21.5115,21.4461,49.3263,37.2284,271.83,2.43305,2.31354,4.63503,4.40716,8.3374,8.97539,11.9087,15.3376,14.1339,22.8891,46.0449,68.847,2.03227,2.54813,4.53248,6.22396,6.42476,10.4814,11.9619,14.5041,13.479,22.4668,33.1211,49.9909,1.93265,2.25337,3.58804,4.04906,6.57165,7.99743,14.9503,9.59454,17.6347,17.0556,25,47.5891,1.88272,2.18202,3.4422,3.77618,5.07826,7.28841,8.08533,13.0117,13.5899,19.4958,26.9575,45.3977
17800,20.4714,23.6,50.1722,113.314,89.7045,182.158,267.62,355.467,461.433,608.799,1161.73,1530.67,19.0116,27.2376,71.4896,71.3069,121.067,154.007,158.947,322.528,441.021,539.787,1041.3,1421.21,9.06197,27.1236,63.5798,85.4154,104.931,175.216,254.923,228.279,529.599,681.837,812.685,1032.41,11.3926,27.3644,56.7542,99.7306,103.434,153.486,198.073,282.422,452.234,578.262,755.284,1038.56,13.2492,26.7772,49.6913,78.7762,102.398,127.879,188.312,393.211,398.851,649.791,882.072,1378.91,15.2002,23.2577,66.5819,56.5679,88.3779,145.472,182.118,327.437,391.014,773.857,808.723,1383.09,15.7237,19.2897,42.3548,69.4042,100.38,133.606,165.584,305.97,362.463,520.845,897.151,1008.9,12.2985,18.7509,41.0959,57.7298,76.5505,134.8,145.351,332.475,331.706,596.897,621.185,1105.08,14.9986,17.3907,27.1076,50.024,60.5713,122.396,156.624,187.071,337.481,656.071,628.295,908.816,16.4965,17.7367,40.186,54.7035,74.3012,94.5595,132.822,193.492,244.579,374.003,599.183,757.715,6.96716,12.1372,32.0711,41.3565,68.565,158.607,121.656,153.64,232.212,421.712,585.928,746.415,14.2127,15.9569,31.7501,45.2646,43.4522,136.178,129.943,148.509,258.582,320.781,448.397,818.901,6.78185,19.6152,15.3839,31.1518,58.9201,75.5504,92.0157,161.065,157.826,329.361,469.28,814.96,13.2033,12.353,14.7661,25.8078,37.4994,56.3845,87.0239,140.65,147.839,348.119,344.073,622.562,3.80222,7.5553,12.6535,30.5523,33.0864,102.679,75.6118,95.1805,255.421,349.467,478.468,664.29,3.70041,5.66116,6.48082,29.2087,14.9514,29.2073,121.817,54.9507,163.928,260.219,268.979,634.627,3.16265,4.4419,13.502,18.2349,22.4957,27.7813,43.496,91.0552,61.3967,211.784,246.461,566.651,2.94815,4.14467,8.32455,8.94725,15.2586,28.1493,28.5226,61.3999,72.6445,124.487,129.476,218.051,3.50792,2.85513,7.29769,6.46004,8.67733,12.9092,27.057,47.1049,98.9143,238.457,177.677,347.274,2.71548,3.2062,4.70489,5.586,10.2213,9.2214,17.606,38.4404,37.7352,129.856,109.986,190.637,2.40368,3.33351,4.77858,5.41054,10.4404,7.93426,13.3975,22.7332,17.4371,49.0426,37.1711,258.429,2.38511,2.83515,4.57068,4.88889,9.14882,8.76867,11.8657,15.0522,14.9999,24.4397,46.5731,69.3662,2.07898,3.00472,4.12962,7.26054,6.92382,11.6825,11.503,13.9633,14.0032,22.072,35.1018,48.463,2.0105,2.07799,3.5548,4.08509,6.49926,7.94418,14.218,9.86224,18.7336,17.4444,22,46.4951,1.84596,2.30041,3.39792,4.11988,5.61636,7.59805,7.95921,12.8013,13.7321,20.2105,26.3495,44.6018
17900,21.4981,23.1839,50.9785,116.75,87.7193,182.158,267.62,355.467,482.012,608.799,1161.73,1511.78,19.0116,27.2376,69.4622,78.0288,121.067,148.807,165.028,322.528,347.922,552.209,1041.3,1421.21,10.8133,24.0136,58.802,82.8561,106.093,143.777,254.923,217.839,529.599,656.099,782.378,1019.97,11.3926,27.8364,57.2375,101.546,103.434,137.75,198.073,282.422,422.417,560.096,832.042,1052.53,13.2492,26.7772,49.6913,75.6402,100.435,127.879,256.806,379.938,398.851,740.096,882.072,1340.72,15.2002,23.8683,66.5819,55.1348,84.1852,145.412,182.118,327.437,373.489,732.279,808.723,1383.09,15.7324,19.2802,42.3548,66.5444,100.38,133.606,165.584,305.97,413.122,520.829,859.036,1008.9,12.49,17.8897,40.9495,58.3701,76.7899,134.8,152.034,332.491,332.464,596.902,523.878,1239.45,15.1675,16.4504,29.6655,50.1081,73.5703,128.762,177.08,185.614,337.347,656.071,628.295,884.824,16.8936,20.219,39.6055,54.3438,72.9983,89.0583,142.414,195.467,243.516,354.217,472.481,766.297,7.1432,13.7395,31.5903,42.7792,70.0726,158.823,119.035,152.52,269.061,425.978,589.606,746.586,14.9418,16.2837,32.3841,45.9855,44.0295,126.844,140.879,165.367,261.098,319.79,392.836,759.783,6.91416,16.6624,27.1617,34.0161,58.3332,75.0236,95.9261,158.648,164.622,343.552,469.36,790.815,13.2671,12.7871,14.5595,25.9455,38.2256,54.6556,114.277,142.129,145.652,347.211,344.781,729.301,3.8191,7.80013,12.0414,23.848,28.9706,82.4021,70.9801,94.2521,260.736,357.118,479.295,611.015,3.60739,5.43301,5.44204,26.0945,14.906,29.3342,142.367,81.1153,157.665,265.213,274.943,664.64,3.08954,4.23504,14.0766,15.6974,21.8928,25.1477,50.0407,88.4858,64.806,216.037,233.216,446.995,3.18372,3.88014,7.70564,9.27974,12.2429,28.6195,28.1048,58.6634,107.057,113.131,128.765,197.858,3.50071,2.84594,7.1786,6.37596,7.88867,12.7745,27.3253,48.0533,103.432,231.153,199.352,340.942,2.65721,4.10192,4.69845,5.2055,9.79996,9.06058,18.4626,36.7189,36.9209,134.883,107.26,189.481,2.34193,3.10864,4.67417,5.39798,10.211,8.05064,13.2716,22.8813,17.3974,49.346,36.4527,181.678,2.23459,2.74032,4.51284,5.18062,9.46064,8.49816,11.9267,14.5304,16.0211,25.2056,44.4059,64.7182,1.99473,2.75809,4.41297,6.59426,6.77124,11.752,11.2668,13.5556,13.9714,21.654,33.6965,49.6747,1.99097,2.08863,3.46512,4.06314,7.67832,9.40325,13.0776,9.74374,17.3113,15.8889,22.1667,47.628,1.76763,2.32265,3.34007,4.28947,5.59283,7.25902,8.03416,12.8673,13.7072,19.5529,27.001,44.1884
18000,18.9019,25.4355,47.1592,114.006,87.7193,179.644,267.62,355.467,482.012,608.799,1161.73,1530.67,19.0116,28.8173,71.4896,78.0288,121.067,147.442,156.606,319.675,441.021,539.787,917.01,1408.29,10.8133,27.1236,55.402,75.0147,92.2022,143.777,254.339,227.935,521.266,681.837,719.808,1032.41,11.3926,28.0063,57.2375,101.546,103.434,153.486,197.326,251.861,395.723,553.387,832.042,1026.61,13.2492,26.7772,49.6913,74.5762,104.331,127.879,281.734,407.634,398.851,760.581,882.072,1378.91,14.9881,22.7259,66.5819,56.5679,86.467,145.412,179.01,327.437,403.255,773.857,808.723,1373.11,15.3413,19.2897,42.3548,61.3923,99.2932,129.859,165.584,287.637,413.122,484.295,897.151,1008.9,12.1567,18.2212,38.9362,57.0268,76.8094,127.408,152.777,290.065,368.017,576.915,621.185,1239.45,14.5598,17.8539,29.3491,50.0322,73.0269,133.676,177.077,187.159,337.395,656.071,628.295,884.824,16.3264,18.5567,39.9898,53.7197,74.8362,93.4893,139.964,195.261,242.751,374.202,599.273,757.953,7.7024,14.0309,33.2918,42.5757,69.7018,152.529,123.38,157.211,274.037,426.013,582.83,746.74,15.2726,15.4622,31.5156,41.1872,44.4777,136.626,145.663,147.165,243.427,319.438,388.209,819.415,7.03921,15.9122,14.328,33.2881,56.4677,75.4792,95.2311,160.902,187.88,330.194,469.358,805.473,13.463,12.6336,14.1681,22.3306,37.4806,55.329,122.749,142.331,134.209,348.217,337.039,640.432,3.98292,8.0886,12.4823,21.7378,33.6759,102.494,60.7385,97.0194,268.448,360.895,481.099,681.395,3.48693,5.23187,7.29389,28.0383,14.8155,24.0698,122.928,51.2183,156.435,261.019,368.216,657.234,2.9466,4.30641,13.5684,19.5141,21.152,34.4254,51.6938,89.3204,62.76,205.788,168.019,561.94,3.41083,3.72272,7.78136,9.16347,12.1134,28.8736,28.1811,61.0892,96.2851,121.679,126.792,225.164,3.38341,3.96854,6.91736,6.22877,8.19145,12.929,27.9471,50.107,104.367,224.65,162.421,338.044,2.57196,4.12372,4.75538,5.67312,8.96255,8.83433,18.4219,37.1309,36.2778,122.424,110.604,194.817,2.31147,3.00684,4.58548,5.32129,9.72541,9.4945,14.8432,23.0303,18.182,51.0979,36.7126,184.885,2.21511,2.66199,4.38042,6.43364,9.12458,8.52631,12.0392,14.7051,14.8832,23.06,41.9182,61.8633,2.32532,2.75721,4.66671,6.25076,6.68013,10.9914,10.9584,13.0731,13.3808,21.3099,34.4074,52.6103,2.07548,2.45598,3.44288,4.2268,7.84735,8.79346,12.1949,9.34328,16.1035,16,23,48.1942,1.85396,2.34618,3.24961,4.13927,5.53784,7.21598,8.07424,12.8003,13.4152,19.3072,27.8694,44.7752
18100,21.4981,24.2358,51.515,110.655,87.7193,182.158,267.62,355.616,482.012,590.747,1097.4,1530.67,19.0116,27.2376,71.4896,74.3019,106.354,154.007,165.028,282.823,331.937,518.54,1041.3,1354.19,10.8133,24.8933,57.6631,85.4154,104.931,138.834,219.101,230.092,541.899,681.837,722.259,1032.41,10.4929,28.7588,57.014,101.546,103.434,150.675,198.073,282.422,422.417,578.262,832.042,1038.56,12.6931,24.9263,49.6913,76.9606,102.398,127.879,281.931,436.631,398.851,740.096,801.312,1358.52,14.9881,23.6845,66.5819,54.3518,69.0182,135.818,182.118,323.667,403.255,773.857,781.878,1353.52,15.5919,19.2897,40.3472,69.4042,100.38,133.631,143.058,305.993,352.69,520.783,897.151,1008.9,12.3541,16.4238,40.4395,54.5863,75.9149,121.625,154.509,332.535,379.881,596.907,693.079,1239.45,15.3508,17.9477,30.0366,49.035,73.5993,133.72,177.077,187.128,270.047,656.071,628.295,884.809,16.4587,19.206,41.2651,55.4172,71.63,93.5766,142.917,197.748,238.778,365.083,588.177,766.372,7.12304,12.9056,34.1285,40.6563,69.6957,156.629,120.574,154.446,273.397,426.034,579.135,746.828,14.3985,15.0733,31.4666,44.4438,42.9586,128.91,139.287,143.915,258.667,324.005,388.15,819.272,6.92198,16.6137,15.627,33.444,55.3815,76.6965,92.9334,161.597,163.806,309.807,453.937,817.442,13.7076,13.8433,14.1059,23.9968,38.2254,53.1098,115.345,140.068,147.205,355.617,340.304,741.75,3.56391,7.79131,11.5096,22.2628,34.3035,105.124,75.0318,95.8225,270.104,361.705,476.891,682.238,3.27529,5.00257,8.33872,24.9583,14.9705,25.3233,109.026,73.893,171.445,267.32,269.102,568.521,2.93422,3.99876,14.4157,16.0551,20.9615,37.0351,51.2494,85.82,63.419,180.525,242.574,689.043,3.13662,3.55399,7.55512,9.14051,11.8215,30.4524,26.8288,59.8311,63.1955,118.077,129.634,194.843,3.49199,3.8825,7.3195,6.16211,8.72382,12.4786,26.0864,48.7685,99.8683,192.48,189.081,338.376,2.73094,3.86065,4.65867,6.43152,9.00037,8.76076,17.6006,38.3559,38.7789,122.324,98.5526,185.524,2.48612,3.05314,4.3585,5.22133,10.229,9.49887,16.51,23.0646,19.2158,50.7406,38.7572,271.014,2.24446,2.85807,4.30143,6.0975,8.80372,8.07003,12.0322,14.5638,15.1589,24.2083,44.4914,68.7516,2.29473,3.05138,4.72472,7.32562,6.75558,10.9106,10.7403,13.0787,13.7761,21.9931,33.0765,49.0303,1.93197,2.36742,3.37325,4.54978,8.24148,9.0444,11.6809,9.45146,16.008,16.8333,24.3333,47.1523,1.89317,2.34934,3.17815,4.11879,5.46616,7.3161,7.86141,12.68,13.4609,18.8267,26.5444,43.6036
18200,21.4981,25.3338,50.9785,116.75,87.7193,182.158,267.62,355.467,482.012,608.799,1161.73,1530.67,19.0116,24.439,69.9735,74.6442,126.322,154.007,165.028,322.313,441.021,539.787,903.072,1421.21,10.8133,26.9167,57.6631,94.6242,104.931,143.777,254.923,230.092,529.599,664.665,722.259,1032.41,11.3926,28.7588,58.1778,101.546,103.434,153.486,198.073,282.422,392.322,578.262,832.042,1217.87,13.2477,24.8288,49.6913,66.5093,102.405,127.879,281.734,383.512,398.851,591.295,882.072,1378.91,14.9881,23.6845,58.471,56.5679,85.0998,138.85,181.255,329.748,363.516,769.377,782.189,1383.09,15.6357,19.2897,40.6076,69.4042,100.38,133.631,182.953,305.993,413.122,501.628,897.151,1008.9,12.1714,18.0014,40.8956,55.738,75.1499,134.814,149.229,330.488,379.892,596.907,621.185,1223.69,15.339,18.023,30.4229,46.4448,72.0968,131.476,177.1,187.098,337.347,656.071,628.289,791.039,17.8818,18.4956,34.198,53.4258,74.2314,96.7998,138.691,197.844,225.013,341.427,597.959,766.364,7.16392,13.5188,28.8987,40.0119,69.9429,154.551,119.402,153.64,273.059,426.007,586.676,747.037,14.8996,16.1212,30.6724,45.2069,42.5815,133.073,141.987,142.789,250.979,323.113,388.452,704.364,7.61469,18.1628,15.8997,34.2365,64.9635,79.1992,90.1137,166.316,175.478,322.738,469.199,817.629,14.4999,14.3582,14.2938,25.74,37.586,60.3827,103.247,143.111,155.372,366.707,333.56,748.311,4.64018,7.97273,11.3418,26.0874,35.3428,109.561,71.4242,94.7674,264.593,369.894,438.051,683.375,3.26535,4.82279,8.3495,25.3398,14.7782,21.1416,124.235,79.5524,172.375,215.276,270.09,652.732,2.84981,4.02934,14.9016,19.307,20.0894,38.4321,54.5346,87.1578,57.7535,215.79,238.296,581.109,3.36376,6.31814,7.94935,8.79439,11.3873,36.9608,26.0785,53.5365,73.2427,116.562,207.995,225.121,3.55089,4.95447,7.23887,6.18951,7.76428,12.267,25.852,43.7529,107.296,131.15,188.151,331.408,2.81948,3.64065,4.45396,6.9822,9.22719,9.03971,17.9188,37.5323,35.0834,131.546,103.905,192.003,2.86149,3.03195,4.32242,5.08796,11.3632,8.61859,15.9516,24.2833,19.1477,49.8622,67.944,268.357,2.33068,3.09009,4.24313,5.5581,9.22062,7.84928,11.6852,15.3814,14.6508,22.9546,42.999,67.3188,2.33029,3.06453,4.6147,6.61198,6.99651,10.6521,10.5017,13.1721,14.0288,22.4796,33.698,51.3033,2.06671,2.2971,3.26341,4.16561,8.12178,8.51362,11.0261,10.1458,15.3289,16.6667,22.6667,48.0249,1.82989,2.24038,3.14416,4.00358,5.34728,7.12737,7.85006,12.7108,13.828,20.0905,26.7734,43.3291
18300,19.9358,25.4355,50.9785,116.75,83.1493,182.158,267.62,329.966,482.012,608.799,1202.28,1530.67,19.0116,22.3909,71.4896,78.0288,95.6559,154.007,162.875,322.528,338.291,476.53,1041.3,1369.2,10.8133,27.1236,57.6631,76.4103,104.931,143.777,239.926,230.092,529.599,681.837,722.259,1032.41,11.6342,28.7588,54.4348,101.546,103.434,153.486,198.073,282.422,422.417,578.262,832.042,1038.56,13.2492,25.5019,49.6913,80.1587,97.2607,127.879,281.734,407.634,398.851,740.096,882.072,1378.91,14.9881,23.6845,69.9694,56.5679,86.467,145.412,178.369,327.437,385.189,773.857,808.723,1293.67,15.0556,17.8656,42.3548,69.4042,100.38,127.487,177.567,305.993,413.122,520.698,897.151,1008.9,12.4102,18.6641,41.7779,58.4007,76.7954,134.814,153.826,327.099,379.892,596.907,621.185,1239.45,15.2879,16.9201,31.3993,48.5496,71.4119,126.545,177.1,188.587,337.395,656.071,628.282,884.824,16.8547,18.7582,39.3503,54.3418,74.2403,96.5386,142.468,199.374,221.081,374.493,610.783,743.072,9.03368,13.9929,32.1823,42.8241,70.8543,160.112,120.518,155.529,274.114,427.25,582.758,746.908,14.6761,17.6334,32.0509,44.1082,44.1262,126.401,143.702,140.221,258.982,323.413,485.597,819.346,7.10044,19.9926,14.6155,36.208,57.6816,70.9918,83.2537,167.314,173.647,320.915,468.964,777.023,12.8361,12.6874,13.9189,24.2414,36.3702,56.5475,118.136,142.787,150.81,347.531,329.873,694.307,4.7285,8.39947,11.0183,17.0386,32.1221,99.3083,72.476,89.3754,238.445,369.537,488.047,687.57,3.25409,4.61834,8.1479,25.67,14.7554,20.6162,126.716,78.9861,171.981,263.684,269.299,657.363,2.66064,3.53394,15.6971,18.9315,20.6592,34.7457,53.1781,85.2659,64.39,205.268,241.357,655.605,3.39355,6.11472,7.40917,8.6077,12.9604,37.1382,26.294,58.4596,130.697,93.5274,204.058,195.871,3.40538,4.80446,7.08748,6.17861,9.39738,12.0347,25.1913,45.0063,100.553,125.979,187.131,326.51,2.90516,3.59298,4.54909,6.6209,9.29219,9.10272,17.0452,36.4579,36.8777,112.409,102.684,194.923,3.10754,2.9642,4.41701,5.03456,12.0173,8.19895,15.1241,23.3866,19.4228,50.4479,60.7537,247.206,2.43736,3.18447,4.11817,5.22769,9.64469,7.67449,16.4385,15.2248,14.5136,22.4449,44.8492,68.6985,2.19346,2.84333,4.63383,6.17877,6.57853,10.2358,10.2818,12.6854,13.9774,21.616,33.6788,51.8472,2.00932,2.26594,3.54793,4.45632,7.92451,8.07803,11.3884,9.53963,15.3872,15.8333,23.5,47.9144,1.85359,2.13909,3.14002,3.95934,5.54057,6.90666,8.30809,12.7884,13.6052,19.9128,26.6276,43.6349
18400,21.4981,25.4355,50.9785,116.75,82.5208,182.158,267.62,355.198,497.395,593.849,1161.73,1530.67,19.0116,27.6205,69.3281,78.0288,123.483,154.007,165.028,322.528,355.924,526.757,1041.3,1421.21,11.3799,27.1236,57.6631,84.5424,109.355,144.102,254.923,254.194,529.599,681.837,722.259,1032.41,10.8316,28.7588,57.0201,101.546,103.434,153.486,217.338,282.422,422.417,578.262,794.457,1038.56,13.2492,26.7772,49.6913,79.7019,99.666,119.792,281.734,407.634,398.851,740.096,882.072,1378.91,14.9881,23.6845,66.5819,56.5679,86.467,145.412,178.97,327.437,403.255,773.857,808.723,1383.09,15.6357,19.1101,42.3548,69.4042,100.38,133.643,165.584,305.993,413.122,498.722,897.151,1008.9,12.9647,19.3961,40.1478,57.0838,76.8218,109.18,142.918,332.532,379.903,596.907,590.885,1201.89,15.7674,17.4927,32.8056,55.3346,72.3443,134,174.539,187.114,337.38,656.071,628.282,884.824,15.6154,18.4151,35.534,53.9764,67.8185,94.6846,142.274,198.717,246.669,375.705,598.09,758.096,9.1469,13.5531,31.9418,43.1249,69.8694,148.004,119.144,152.622,274.074,426.015,582.791,747.112,14.0123,16.6746,30.5894,42.7917,47.1713,140.66,147.905,158.094,245.715,323.565,397.619,786.898,7.16429,19.2339,15.4556,34.4608,69.1184,80.0855,92.6835,162.395,154.212,321.177,469.02,734.57,13.834,12.7044,10.2925,25.152,37.2854,58.7938,110.412,142.072,147.705,347.456,333.433,671.575,4.71395,7.80791,11.4412,21.8722,27.0361,101.439,77.4815,94.7682,182.867,371.066,411.76,678.604,3.38415,4.61403,7.79808,25.0085,16.6516,21.2598,122.876,79.6243,174.165,266.421,269.258,656.381,3.00195,3.76666,14.8921,15.5109,20.3531,37.4635,69.3808,80.5319,64.9356,218.785,225.208,578.575,3.23321,5.78261,7.35728,8.30254,10.5436,23.8593,27.0748,56.7702,131.302,94.0474,164.827,168.721,3.1641,5.02919,6.69696,6.17632,8.75149,11.4737,23.6037,43.0012,94.6346,210.736,179.942,329.785,2.9685,3.57512,4.99284,6.14155,9.31637,9.82055,16.5531,35.5838,36.4474,107.11,97.5843,198.927,2.88653,2.94791,4.47756,4.83792,11.6498,9.72511,14.3275,23.7972,18.9421,49.8981,79.4036,147.267,2.44286,3.09082,4.10506,4.98311,10.1769,7.42687,17.0984,15.3923,14.8863,22.5825,46.0754,63.7752,2.10278,2.55516,4.61284,5.77419,6.26026,9.96062,10.489,12.3966,13.5987,21.7858,32.7319,49.4093,1.89443,2.32828,3.57483,4.20477,7.81789,8.01699,12.7806,9.19444,15.261,17.2222,21.5,47.5379,1.90862,2.08924,3.23992,3.92389,5.77009,6.81089,7.8521,12.5194,13.6349,21.5204,26.1849,43.823
18500,18.3266,25.4355,50.9785,112.033,87.7193,182.158,267.62,355.467,482.012,608.799,1111.21,1530.67,19.0569,27.2376,71.4896,78.0288,121.067,154.007,153.902,322.632,441.021,539.787,1041.3,1375.18,10.8133,27.1236,57.6631,82.7859,100.482,143.777,254.923,235.716,505.188,634.543,722.259,1032.41,11.3926,28.8755,57.0201,95.4561,103.434,143.166,184.656,282.422,422.417,546.647,832.042,1071.94,13.3725,26.7772,48.3074,78.7762,84.9433,118.08,277.063,401.437,398.851,740.096,854.342,1378.91,14.9881,23.6845,66.5819,56.5679,86.467,145.412,182.118,331.465,363.971,773.857,796.362,1383.09,15.5131,18.946,42.3548,69.4042,100.38,117.638,152.592,297.179,413.122,520.637,897.151,1008.9,12.4809,17.617,40.1395,56.8269,76.4525,117.58,138.486,301.742,322.952,596.907,610.275,1132.2,15.8095,18.3034,30.772,48.9794,72.3891,123.279,174.539,188.576,337.3,656.096,625.264,856.372,16.3953,18.8399,38.7573,55.1861,70.6858,97.3528,144.805,206.692,196.011,348.764,516.559,708.494,10.2796,13.6765,33.2584,42.951,71.1169,164.523,118.346,154.228,270.143,401.212,582.766,713.206,12.6898,16.6121,31.2899,44.614,43.432,136.7,148.912,165.125,256.766,323.739,399.472,823.311,7.32453,15.9679,26.5786,36.7345,68.7495,81.0795,94.1388,166.101,164.973,320.326,422.862,829.334,13.5225,11.7845,13.2859,23.1553,38.0941,55.8725,118.537,145.768,138.395,346.059,410.202,749.748,4.82161,7.32132,10.3713,22.3222,23.8314,103.563,75.9504,91.9646,257.68,338.888,478.228,660.435,3.14757,4.93554,7.63368,24.0857,17.6005,19.9661,100.908,78.8176,160.223,265.186,279.793,646.693,2.65557,3.6707,12.3251,17.683,17.4407,36.6632,44.974,81.477,65.6627,208.902,234.127,559.809,3.0203,5.31478,6.71526,8.28547,10.8424,31.8299,26.9063,56.4965,123.445,110.859,212.01,213.185,3.30158,4.64389,6.94972,6.31381,7.50303,11.5942,24.9647,42.7497,92.1387,208.999,180.16,326.978,2.92326,3.83094,5.0687,6.32513,10.7014,9.64409,15.7236,36.3183,39.6108,106.363,93.6473,195.515,2.77123,2.86718,4.66189,4.75745,11.3948,10.2901,14.1875,23.5851,20.4383,51.036,77.019,273.35,2.53184,2.88109,4.15404,4.9026,9.96101,7.76723,17.6228,14.4692,15.2311,22.1524,66.0103,73.3719,1.95543,2.50103,4.37394,5.79521,6.99009,9.82239,9.87721,11.8575,13.8165,23.0633,34.422,50.6655,1.91077,2.22347,3.59971,4.14587,7.50138,7.96243,12.399,9.75904,15.8177,16.2778,23,47.8952,1.90492,2.13484,3.30548,4.24158,5.96168,6.87452,7.83082,12.4526,14.1975,19.0344,26.4193,44.0393
18600,21.4981,23.9346,49.2354,101.369,87.7193,182.158,267.94,355.467,482.012,608.799,1161.73,1373.11,18.0972,27.2376,71.4896,78.0288,114.52,154.007,165.028,322.528,367.297,528.055,1041.3,1421.21,10.8133,25.4593,57.6631,85.4154,99.8095,143.777,254.923,230.092,529.599,681.821,744.102,1032.41,11.3926,28.7588,57.0201,101.546,103.434,153.486,198.073,282.422,422.417,578.262,832.042,1038.56,13.2492,26.7772,49.7004,78.7762,102.405,128.409,281.734,382.774,398.851,580.365,863.68,1378.91,14.9881,18.0557,66.5819,56.5679,86.467,155.401,182.118,323.303,403.255,742.46,808.723,1383.09,15.4973,18.9651,42.3548,69.4042,100.38,133.643,165.584,274.094,413.122,520.568,897.151,1008.9,12.4487,18.7473,40.2936,56.8269,75.9603,127.923,152.951,332.563,342.347,596.912,621.185,1213.01,14.6164,18.2255,31.8233,45.8212,71.4879,128.731,174.539,178.067,327.653,655.05,628.297,884.896,16.7856,18.6315,38.6058,56.1615,72.5734,99.2778,144.237,199.425,243.055,374.542,600.353,758.166,9.72563,13.5255,33.8477,42.0466,70.1931,162.392,96.3617,154.245,254.971,421.833,586.621,747.311,14.7989,17.3024,30.2645,45.217,43.919,139.708,130.412,161.577,255.29,328.849,399.422,819.844,7.08786,20.5719,26.1278,33.6118,63.5543,82.61,94.4171,167.228,165.937,318.202,469.302,829.517,14.3938,13.7102,13.1264,24.1456,41.6768,56.0002,121.627,126.684,139.461,356.471,347.671,683.004,4.43866,8.43922,13.749,16.9699,21.3083,106.831,70.9879,85.9444,260.815,365.542,477.736,665.605,3.07131,4.84034,7.9013,27.1568,17.2494,19.2919,141.491,77.7067,192.615,265.293,266.081,639.25,2.51961,3.67759,11.8715,17.739,21.8256,37.7419,54.3904,65.6752,65.4756,203.438,246.683,418.427,3.22136,4.23695,6.7834,7.52716,11.3233,40.1209,31.7776,52.3942,125.433,113.376,208.939,195.209,3.20323,4.41211,6.95885,6.69822,11.5368,11.5,26.348,42.991,88.7278,159.394,192.086,323.434,3.18031,3.90771,4.75371,6.22192,10.5793,9.25517,16.3729,36.173,40.797,107.027,95.7274,192.82,2.57222,3.08393,5.51746,4.6726,12.2622,10.6091,13.2421,23.3908,20.4964,50.642,73.7612,269.498,2.37218,2.86988,4.61311,4.88247,9.16638,7.84602,16.9576,14.8973,14.9776,21.5158,96.1325,69.4799,1.98907,2.44785,4.76407,5.62489,6.74025,9.68765,11.2341,12.736,14.1324,21.5212,33.8405,49.2221,1.96074,2.2924,3.56747,4.18456,7.65282,7.9715,11.8077,9.33575,15.3315,17.3333,22.1667,47.0883,1.91487,2.22304,3.24342,4.27598,5.72695,6.99995,8.01919,12.46,13.4295,18.9887,26.5729,42.8482
18700,20.4714,23.6,50.1722,113.314,89.7045,182.158,267.62,355.467,461.433,608.799,1161.73,1530.67,19.0116,27.2376,71.4896,71.3069,121.067,154.007,158.947,322.528,441.021,539.787,1041.3,1421.21,9.06197,27.1236,63.5798,85.4154,104.931,175.216,254.923,228.279,529.599,681.821,812.685,1032.41,11.3926,27.3644,56.5367,99.7306,103.434,153.486,198.073,282.422,452.234,578.262,755.284,1038.56,13.2492,26.7772,49.7004,78.7762,102.405,127.879,188.312,393.211,398.851,649.781,882.072,1378.91,14.9881,22.8283,66.5819,56.5679,88.3779,145.472,182.118,327.437,391.014,773.857,808.723,1383.09,15.378,19.1196,42.3548,69.4042,100.38,133.643,165.584,305.993,362.463,520.46,897.151,1008.9,12.3558,18.5692,40.4628,58.1807,76.7218,133.411,144.638,332.563,331.777,596.912,621.185,1105.08,15.1661,17.7903,27.7253,49.6294,58.8573,118.531,153.937,188.508,337.419,656.096,628.304,908.88,16.5901,19.389,40.3913,54.5582,75.9117,96.8425,135.273,198.749,244.515,374.605,619.401,758.156,9.96136,13.4465,32.5889,40.037,69.4498,163.693,118.759,153.188,235.532,420.681,586.548,747.31,14.3105,17.3455,30.8895,44.8435,43.7948,139.753,144.705,164.029,248.999,320.214,460.348,823.577,8.09151,21.3718,25.6303,35.6906,67.279,80.4826,92.6874,164.924,159.636,320.471,469.37,823.225,14.7231,12.8847,13.4842,25.7294,36.8991,56.5113,118.447,142.739,147.882,357.035,328.897,641.168,4.35892,7.89451,14.1233,18.0834,28.5875,104.903,76.0864,92.0864,255.714,352.911,474.29,661.715,3.27121,4.70472,9.34382,25.032,17.1242,19.0178,142.962,53.1751,167.096,263.476,255.415,604.536,2.4109,3.56127,12.6227,21.2448,20.042,29.3263,53.7223,66.2088,63.7621,220.568,244.072,570.617,3.21741,4.80287,6.69608,8.31146,11.2592,36.3234,32.2566,54.0601,180.869,113.631,212.933,215.161,3.20117,4.31002,6.85831,7.47043,11.9335,10.8232,23.7869,44.769,92.8629,219.488,172.54,313.326,2.91858,3.67608,4.81871,5.98312,10.4817,9.3402,17.8869,33.0887,37.0213,97.4733,102.767,199.202,2.47644,3.18704,5.45434,4.73143,12.305,9.78204,13.2663,22.376,20.8487,48.1367,70.4586,267.968,2.25338,2.76687,4.72473,4.81666,11.8541,7.94562,26.8528,15.7063,14.3136,23.0171,115.561,73.5452,1.97075,2.28894,4.66073,5.50332,7.99604,9.52867,12.4741,14.472,14.0518,21.6275,36.3884,49.8246,1.96702,2.32679,3.54551,4.31595,8.87747,8.50489,12.8428,9.46728,14.2221,16.1667,22.1667,46.529,1.88552,2.42333,3.2317,4.29023,5.74125,6.84975,7.99412,12.4135,14.1805,19.6629,26.9277,43.1327
18800,21.4981,23.1839,50.9785,116.75,87.7193,182.158,267.62,355.467,482.012,608.799,1161.73,1511.78,19.0116,27.2376,69.4622,78.0288,121.067,148.807,165.028,322.528,347.922,552.209,1041.3,1421.21,10.8133,24.0136,58.802,82.8561,106.093,143.777,254.923,217.839,529.599,656.083,782.378,1019.97,11.3926,27.8364,57.0201,101.546,103.434,137.75,198.073,282.422,422.417,560.096,832.042,1052.53,13.2492,26.7772,49.7004,75.6402,100.442,127.879,256.806,379.938,398.851,740.086,882.072,1340.72,14.9881,23.6845,66.5819,55.1348,84.1852,145.412,182.118,327.437,373.489,732.293,808.723,1383.09,15.3341,19.224,42.3548,66.5444,100.38,133.643,165.584,305.993,413.122,520.298,859.047,1008.9,12.3811,19.0458,40.8805,56.8467,77.1179,133.405,152.208,332.563,332.49,596.912,523.852,1239.45,15.5536,18.9576,30.8279,49.6356,73.71,126.066,174.565,188.548,337.419,656.096,628.304,884.91,15.7249,20.4117,37.0382,54.5727,73.4786,94.3125,146.698,198.168,246.031,354,469.299,766.738,10.0039,13.5624,33.269,41.6116,70.3929,162.196,114.755,153.373,272.087,420.697,586.526,747.241,14.1499,17.6529,30.3892,45.837,43.7352,129.002,146.885,164.786,254.524,320.447,399.416,763.385,6.67554,18.823,27.1388,37.6994,67.2493,79.5798,92.6869,168.008,163.518,335.243,469.361,808.393,16.2243,13.1984,13.2146,26.8771,39.6973,55.8299,120.924,138.849,148.076,356.549,325.79,744.887,4.22088,8.80445,14.0856,19.2284,24.2118,84.0196,76.9405,90.2968,253.046,367.193,469.553,628.703,3.17178,4.5655,9.113,25.0354,17.3801,20.5061,139.674,79.8396,168.937,258.751,261.445,635.736,2.45352,3.47939,12.0152,18.2245,22.1831,29.0828,52.0463,75.5823,63.1392,219.49,234.614,481.069,3.25185,4.70264,6.7462,8.29095,10.6289,39.9309,33.3461,54.9301,140.181,109.114,212.409,184.858,3.10749,4.29419,6.59965,8.13064,11.4769,10.8727,23.7999,43.9422,89.0028,217.654,172.615,309.243,2.76662,3.45764,4.80926,5.96113,10.3212,9.53749,17.4364,36.3463,38.7888,92.1937,87.0702,193.168,2.40273,3.13172,5.20602,4.88558,12.0463,9.506,13.7376,21.614,20.4881,47.0282,66.1437,154.642,2.20128,2.71111,4.77607,5.17298,10.4101,8.5214,22.9481,15.8076,17.3794,22.8694,100.19,73.2291,1.90657,2.36621,4.55438,5.76815,8.33716,9.58459,12.9218,14.0681,14.0369,21.5273,36.3346,49.3382,2.03163,2.20502,3.5015,4.11133,8.33926,8.47943,13.0698,9.2453,14.6438,18.8333,22.5,46.9078,1.89725,2.28103,3.24,4.23254,5.42242,6.73748,8.07646,12.3872,13.6527,20.0131,26.527,42.2785
18900,18.9019,25.4355,47.1592,114.006,87.7193,179.644,267.62,355.467,482.012,608.799,1161.73,1530.67,19.0116,28.8173,71.4896,78.0288,121.067,147.442,156.606,319.675,441.021,539.787,917.01,1408.29,10.8133,27.1236,55.402,75.0147,92.2022,143.777,254.339,227.935,521.266,681.821,719.808,1032.41,11.3926,28.0063,57.0201,101.546,103.434,153.486,197.326,251.861,395.723,553.387,832.042,1026.61,13.2492,26.7772,49.7004,74.5762,104.331,127.879,281.734,407.634,398.851,760.581,882.072,1378.91,15.2002,22.7259,66.5819,56.5679,86.467,145.412,179.01,327.437,403.255,773.857,808.723,1373.11,15.3341,19.3146,42.3548,61.1469,99.2932,129.875,165.577,287.648,413.122,525.279,897.151,1008.9,12.5121,19.3555,39.6283,55.9158,77.1234,126.81,152.951,288.309,368.07,576.933,621.185,1239.45,14.4307,18.2623,31.2783,50.366,72.4105,128.543,174.536,188.557,337.323,656.117,628.304,884.931,16.4868,18.7365,39.4359,57.8161,73.1856,96.6008,144.034,196.751,245.111,375.971,598.309,758.247,9.85298,13.6954,32.9979,39.9265,70.1065,160.016,117.366,152.226,276.594,421.96,593.139,750.827,12.9517,19.0014,30.2789,41.7882,42.4565,137.393,150.019,165.584,238.348,321.583,397.5,820.289,7.23338,20.5574,24.5171,32.2128,68.0685,83.4666,90.7881,167.417,186.651,314.774,475.97,817.515,14.2681,14.1046,15.4721,24.4958,40.7766,55.8656,115.885,141.103,136.358,359.944,323.068,652.878,4.0832,8.59574,11.8097,18.262,28.5571,99.8123,75.9584,91.6676,254.395,371.345,467.636,664.711,3.09991,4.36044,9.25526,25.3671,17.1524,21.0204,126.939,81.4755,161.055,253.595,363.9,643.729,2.61034,3.33727,12.3481,20.031,23.1135,38.2307,53.9305,75.8946,60.8284,227.679,165.891,561.329,3.17301,4.46745,6.34113,8.44818,10.5032,35.8682,34.8329,53.0541,149.421,107.135,202.592,180.597,3.0618,4.07507,6.40088,8.01041,8.73633,10.5767,23.1097,43.8485,88.0721,206.817,167.991,329.289,2.5724,3.98902,5.35235,6.64239,9.75228,9.50332,16.0381,36.1219,37.1041,95.8425,94.6569,187.884,2.35581,3.11277,5.09974,5.18259,11.5622,9.78897,13.7721,21.3189,20.4368,48.4807,66.1789,172.254,2.11248,2.61492,5.46575,5.08497,10.3914,8.49328,19.9642,15.9731,15.8297,22.8019,96.66,65.8941,1.94199,2.51478,4.34999,5.94245,7.87324,9.21806,16.5071,12.4979,13.5585,20.6499,35.0201,51.57,1.88087,2.177,3.4893,3.9655,8.01358,8.69828,12.5605,9.40519,15.3834,16.8333,23,47.6269,2.08744,2.46206,3.1587,4.24474,5.29981,6.80705,7.80638,12.4549,13.4892,20.2583,27.313,42.5857
19000,21.4981,24.2358,51.515,110.655,87.7193,182.158,267.62,355.616,482.012,590.747,1097.4,1530.67,19.0116,27.2376,71.4896,74.3019,106.354,154.007,165.028,282.823,331.937,518.54,1041.3,1354.19,10.8133,24.8933,57.6631,85.4154,104.931,138.834,219.101,230.092,541.899,681.821,722.259,1032.41,10.4929,28.7588,57.0201,101.546,103.434,150.675,198.073,282.422,422.417,578.262,832.042,1038.56,12.6931,24.6964,49.7004,76.9606,102.405,127.879,281.931,436.631,398.851,740.086,801.312,1358.52,14.9881,24.0359,66.5819,54.3518,69.0182,135.818,182.118,323.667,403.255,773.857,781.878,1353.52,15.3398,19.3146,40.3472,69.4042,100.38,133.643,143.058,305.993,352.69,525.279,897.151,1008.9,12.7945,16.327,40.8861,54.6374,76.1719,120.223,154.679,332.578,379.937,596.927,693.079,1239.45,14.1796,18.4002,30.659,50.9125,71.2771,128.747,174.509,188.573,271.817,656.138,628.304,884.931,16.5481,18.8588,40.1855,56.2512,78.8415,96.6407,140.633,200.298,238.306,363.905,595.857,717.191,9.1262,12.8045,33.2287,41.0821,70.4315,163.653,117.95,154.107,273.533,422.031,593.107,743.801,14.1584,17.2873,31.1799,41.0811,43.7749,140.176,144.072,164.451,252.614,321.753,394.564,820.518,6.17068,17.7095,26.8817,38.2408,67.3998,76.3791,97.4302,167.728,161.179,300.564,451.015,817.514,14.3584,13.3312,14.4036,24.7559,39.3186,53.8708,122.956,142.132,148.6,362.957,325.629,741.222,4.19542,8.78759,13.9788,18.9747,26.8615,93.2977,74.4128,90.7431,257.45,371.069,464.4,653.684,3.0509,4.27645,8.51442,26.5795,15.6794,27.364,89.5727,76.6123,175.038,209.385,258.432,557.704,3.55618,3.34132,11.6506,19.1795,22.54,36.9041,53.0732,74.7874,60.4037,187.904,170.707,727.935,3.13339,4.34754,6.25536,8.3261,10.4311,35.2918,35.6949,52.909,134.257,103.931,206.578,199.715,3.03394,3.95633,6.35249,8.02182,9.19181,10.9006,23.1785,46.2703,84.732,178.265,161.353,340.242,2.54312,3.84206,5.38518,7.19322,10.5444,9.40003,16.2686,35.9767,44.3909,89.3067,90.8768,186.157,2.27256,3.7242,5.007,5.56398,11.0818,9.69178,13.7332,20.8329,19.1162,48.1704,63.8491,278.263,2.12463,2.46811,4.93945,4.89146,9.8451,8.20758,21.6791,15.5021,15.8392,23.1018,87.4032,73.928,1.85671,2.85975,4.24732,5.29549,7.45924,9.32217,15.7869,12.8424,13.8271,21.2788,34.6835,50.4161,1.91726,2.2786,3.34015,3.92705,8.12783,9.73786,12.0751,9.17108,13.5045,16.6111,20.7778,46.8399,1.91414,2.34193,3.12654,4.34904,5.19041,6.96809,7.9385,12.5263,13.2904,19.5835,27.136,42.0199
19100,21.4981,25.3338,50.9785,116.75,87.7193,182.158,267.62,355.467,482.012,608.799,1161.73,1530.67,19.0116,24.439,69.9735,74.6442,126.322,154.007,165.028,322.313,441.021,539.787,903.072,1421.21,10.8133,26.9167,57.6631,94.6242,104.931,143.777,254.923,230.092,529.599,664.649,722.259,1032.41,11.3926,28.7588,58.1778,101.546,103.434,153.486,198.073,282.422,392.322,578.262,832.042,1217.87,13.2564,24.8288,49.7004,66.5093,102.405,127.879,281.734,383.512,398.851,591.286,882.072,1378.91,14.9881,24.0359,58.4892,56.5679,85.0998,138.85,181.255,329.748,363.516,769.377,782.189,1383.09,15.4675,19.3146,40.6076,69.4042,100.38,133.643,178.326,305.993,413.122,504.484,897.151,1008.9,12.8997,19.4331,40.8861,54.2617,76.0165,133.412,146.673,330.475,379.937,596.927,621.185,1223.69,13.8314,17.7338,31.5133,46.2382,71.8333,128.333,174.496,188.641,337.189,656.159,628.304,791.126,17.3031,18.9818,35.2597,56.211,75.1264,96.0281,136.824,197.318,211.823,343.498,546.8,758.249,9.55243,13.5387,33.1017,41.4966,70.1941,147.726,115.649,152.433,277.865,426.236,593.113,743.872,15.7467,16.9757,32.893,46.7114,43.847,132.161,152.729,164.524,243.056,318.442,392.707,707.402,7.98304,18.0616,26.8569,38.7784,60.7428,93.6122,95.6929,166.917,173.073,316.297,469.342,823.372,14.9621,12.9842,14.8584,26.8064,40.3015,59.7582,121.1,140.299,154.563,366.95,328.557,746.07,3.93325,9.55418,13.6919,16.8802,27.2947,99.7811,73.6861,90.4909,258.947,379.772,440.451,648.697,3.10144,4.2898,8.25848,27.9133,17.5824,18.4392,109.754,78.4165,171.22,212.098,264.716,653.249,3.92347,3.39815,12.3135,19.812,23.1203,37.4641,53.3928,74.7156,62.4161,209.565,246.204,595.399,2.93236,4.15202,6.61497,8.40414,10.0077,31.3637,37.4635,48.1369,78.9223,101.457,206.547,190.629,3.08159,4.04153,6.15677,7.67197,10.6242,11.0672,24.4366,42.2261,86.2808,251.745,177.849,339.523,2.50476,3.74696,4.87491,7.14541,11.8629,9.17219,16.8724,36.0671,50.7367,101.652,91.1871,183.821,2.11892,3.46117,4.82602,5.6128,10.0139,9.03124,13.0197,20.8419,19.1934,48.7763,61.5344,263.711,2.09922,2.74417,5.18828,4.84724,9.59753,8.2586,19.8759,15.5598,17.1119,22.1077,124.663,72.1556,1.92263,3.03811,4.16526,5.3711,7.20997,9.24509,14.9617,12.5344,14.7835,21.4627,34.3006,48.5193,1.90444,2.40642,3.34328,3.92362,8.03989,9.32537,11.6958,9.18844,13.8208,16.5,24,50.1238,1.91046,2.34344,3.27639,4.15805,5.18939,7.06509,7.94736,12.5042,13.3342,19.8952,28.2872,43.0952
19200,19.9358,25.4355,50.9785,116.75,83.1493,182.158,267.62,329.966,482.012,608.799,1202.28,1530.67,19.0116,22.3909,71.4896,78.0288,95.6559,154.007,162.875,322.528,338.291,476.53,1041.3,1369.2,10.8133,27.1236,57.6631,76.4103,104.931,143.777,239.926,230.092,529.599,681.821,722.259,1032.41,11.6342,28.7588,54.4348,101.546,103.434,153.486,198.073,282.422,422.417,578.262,832.042,1038.56,13.2492,25.5019,49.7004,80.1587,97.2607,127.879,281.734,407.634,398.851,740.086,882.072,1378.91,15.2002,24.0359,69.9694,56.5679,86.467,145.412,178.369,327.437,385.189,773.857,808.723,1293.67,15.0823,18.0323,42.3615,69.4042,100.38,127.495,172.947,305.993,413.122,525.279,897.151,1008.9,13.3891,19.6852,40.7777,55.2937,77.1107,133.412,151.287,325.305,379.915,596.944,621.185,1239.45,13.6218,18.5686,32.5466,50.1147,70.4301,121.557,174.483,188.55,337.174,656.221,628.319,884.968,16.6907,18.6697,37.7021,57.6982,74.4956,97.9311,144.652,198.021,242.595,373.073,607.01,743.378,8.92272,14.7557,33.8258,44.2709,69.6017,149.515,117.766,152.564,276.588,426.337,589.167,743.776,16.1826,17.8161,32.6843,46.0612,44.0598,124.835,149.966,155.412,254.438,318.587,481.447,820.388,7.5303,20.9562,26.8359,37.8092,62.5653,82.0876,91.5889,168.345,171.251,314.371,469.409,770.374,15.512,12.5384,15.7402,25.1972,39.0639,57.5531,118.707,143.084,148.9,371.89,328.216,692.105,3.70889,8.52863,13.1807,17.057,27.7217,98.3331,72.6069,83.7469,249.293,346.338,472.934,665.266,3.29228,4.29081,10.5471,28.1416,18.4601,18.7162,132.35,78.0812,172.935,211.49,265.077,653.033,3.95854,3.55448,11.7471,20.7784,23.1845,35.3502,47.5776,75.2676,60.6384,224.522,243.145,660.031,2.87369,4.14148,6.56201,8.16976,9.77312,30.7198,36.845,49.0769,139.796,92.7213,208.573,192.516,2.84493,4.00623,6.00711,7.42754,10.4374,11.5056,22.5247,42.2921,85.7195,250.058,177.011,335.768,2.4221,3.63001,4.74248,6.61731,11.0389,9.75041,16.3068,36.4711,49.275,87.5858,93.6601,192.778,2.18195,3.1836,4.70072,5.56151,10.2832,9.15614,13.0574,21.0263,19.8042,44.5993,59.5041,261.123,2.17205,2.64091,5.20363,5.58547,9.27973,7.94535,18.9587,15.1965,15.5411,23.8685,117.343,68.539,2.24902,2.82515,3.99661,5.22779,6.65742,11.121,14.5452,12.3357,13.9867,22.2859,33.1991,50.5708,1.90055,2.5195,3.34335,3.83079,7.46237,9.06845,11.4241,8.97949,15.0378,16.8889,24.6667,47.9417,1.87315,2.3061,3.43371,4.07912,5.10996,6.96068,7.96319,12.4507,13.4133,20.0302,27.3699,43.9884
19300,21.4981,25.4355,50.9785,116.75,82.5208,182.158,267.62,355.198,497.395,593.849,1161.73,1530.67,19.0116,27.6205,69.3281,78.0288,123.483,154.007,165.028,322.528,355.924,526.757,1041.3,1421.21,11.3799,27.1236,57.6631,84.5424,109.355,144.102,254.923,254.194,529.599,681.821,722.259,1032.41,10.8316,28.7588,57.0201,101.546,103.434,153.486,217.338,282.422,422.417,578.262,794.457,1038.56,13.2492,26.7772,49.7004,79.7019,99.666,119.792,281.734,407.634,398.851,740.086,882.072,1378.91,14.9881,24.0359,66.5819,56.5679,86.467,145.412,178.97,327.437,403.255,773.857,808.723,1383.09,15.8189,19.2315,42.3615,69.4042,100.38,133.65,160.957,305.993,413.122,503.334,897.151,1008.9,13.3596,20.8764,41.5209,55.2747,77.1365,109.625,140.362,332.578,379.937,596.944,590.885,1201.92,13.8983,18.4344,32.5782,55.2256,70.4301,129.013,174.496,186.215,337.222,656.221,628.319,884.968,16.1621,18.5089,38.3871,54.6005,76.1213,96.5482,141.142,198.389,246.34,373.077,607.103,758.235,9.9812,14.4891,30.0897,42.1931,69.9123,145.751,118.849,152.563,271.394,426.41,593.007,743.901,15.251,15.9411,32.5874,47.4378,46.6805,144.841,151.216,164.724,249.859,318.756,390.807,787.901,8.33528,17.4885,31.6898,36.0962,67.4369,92.5578,97.6163,165.855,154.8,312.565,469.292,731.563,15.7691,12.341,15.5544,25.691,38.7697,58.9394,110.989,140.11,143.14,363.986,328.474,672.631,3.73799,7.59245,11.5312,19.4778,26.6406,107.729,75.8688,87.2496,174.014,365.375,403.381,643.83,3.19574,4.0518,11.0039,27.2716,19.2034,19.8081,130.09,76.6354,174.398,210.732,264.288,643.335,3.83289,4.17075,9.95931,19.622,19.9708,31.3146,47.6252,75.9207,59.7789,224.051,236.443,585.944,2.76587,4.09261,6.30465,8.09751,9.29434,28.9566,29.6878,50.4859,135.618,92.2922,172.984,178.241,2.8745,4.03773,6.26043,7.21603,10.1324,11.2265,21.493,40.9929,104.536,245.273,177.399,319.828,2.31369,3.54657,4.47715,6.25759,11.5928,11.6986,16.3099,34.4764,47.4581,85.5852,96.1328,200.018,2.07528,3.05865,4.6457,5.90769,9.92145,8.98687,13.1108,20.2558,19.3847,44.9175,57.7578,133.516,2.14251,2.64892,5.24822,7.75726,8.93032,9.11664,17.6204,15.7931,16.0614,21.214,111.799,64.0125,2.42252,2.65656,3.96962,5.13386,6.16062,11.6558,14.9772,11.9065,13.6747,21.4795,34.3434,52.4863,1.80277,2.658,3.36259,3.81998,7.17914,8.7704,10.9621,9.26907,15.2688,17.1667,21.6667,49.0376,2.00505,2.29159,3.46312,3.94759,5.36967,7.07003,7.94859,12.3461,13.1304,20.9822,27.5681,42.3039
19400,18.3266,25.4355,50.9785,112.033,87.7193,182.158,267.62,355.467,482.012,608.799,1111.21,1530.67,19.0569,27.2376,71.4896,78.0288,121.067,154.007,153.902,322.632,441.021,539.787,1041.3,1375.18,10.8133,27.1236,57.6631,82.7859,100.482,143.777,254.923,235.716,505.188,634.526,722.259,1032.41,11.3926,28.8755,57.0261,95.4561,103.434,143.166,184.656,282.422,422.417,546.647,832.042,1071.94,13.3725,26.7772,48.3074,78.7762,84.9433,118.08,277.063,401.437,398.851,740.086,854.342,1378.91,14.9881,24.0359,66.5819,56.5679,86.467,145.412,182.118,331.465,363.977,773.857,796.362,1383.09,15.9436,19.0706,42.3615,69.4042,100.38,117.638,150.866,297.185,413.122,525.279,897.151,1008.9,12.743,19.2898,41.5586,56.4624,77.165,117.579,137.902,301.759,323.009,596.944,610.275,1132.2,13.8105,18.686,30.6632,49.4465,71.3219,121.409,174.496,186.238,337.222,656.221,625.292,856.457,17.3223,18.9641,40.7316,54.6234,71.4327,97.4944,140.784,202.32,184.878,348.058,526.951,706.587,10.4157,13.9199,33.5856,41.251,68.5584,154.407,118.895,152.129,271.594,405.221,592.994,712.748,15.5343,16.3933,32.7425,43.9904,44.0746,140.528,151.4,167.328,254.002,316.867,392.592,813.209,8.62268,19.7598,29.7326,36.7613,65.4553,94.23,88.1686,168.323,165.33,312.867,425.768,823.441,14.4518,14.4329,13.3737,25.819,40.6209,61.4574,115.517,141.478,139.159,367.316,404.334,747.486,3.69874,8.99501,12.1531,25.3332,25.0606,103.182,75.7444,91.2458,267.278,344.32,472.908,658.608,3.08228,4.12136,11.7268,24.7038,18.2148,17.4943,84.9198,75.4239,165.286,210.52,280.806,654.629,3.68194,4.27981,11.3996,19.0609,20.758,34.1606,47.7093,76.1795,59.5019,215.748,242.355,585.837,2.71256,4.08202,6.45839,8.06524,9.72127,32.8542,30.8614,50.9541,116.778,95.4122,202.978,198.841,2.77882,4.01087,6.26732,7.04303,10.006,11.4216,21.7215,40.9894,98.7031,234.51,178.047,345.717,2.29103,3.56849,5.38453,6.58446,11.4497,11.758,16.1603,30.8711,45.9092,89.513,93.5779,178.612,2.04571,3.00083,4.73655,7.027,9.621,8.74822,13.0425,20.2764,19.1115,46.389,56.757,275.198,2.11892,2.50334,5.28006,6.69527,8.76989,8.78804,16.8584,15.0004,15.984,24.4424,110.282,63.9622,2.36772,2.465,4.09226,5.09157,6.03038,11.5499,14.4243,11.6574,13.4557,22.6687,32.4902,51.4076,1.81509,2.85886,3.33955,3.69587,7.02083,9.15566,11.3111,9.16271,17.6058,17,23.3333,49.9945,1.95064,2.38866,3.28766,3.92701,5.30722,7.00764,7.88682,12.5878,13.4761,19.2802,26.3366,41.6258
19500,21.4981,23.9346,49.2354,101.369,87.7193,182.158,267.94,355.467,482.012,608.799,1161.73,1373.11,18.0972,27.2376,71.4896,78.0288,114.52,154.007,165.028,322.528,367.297,528.055,1041.3,1421.21,10.8133,25.4593,57.6631,85.4154,99.8095,143.777,254.923,230.092,529.599,681.821,744.102,1032.41,11.1948,28.7588,57.0261,101.546,103.434,153.486,198.073,282.422,422.417,578.262,832.042,1038.56,13.2492,26.5474,49.7004,78.7762,102.405,128.409,281.734,382.781,398.851,580.365,863.68,1378.91,15.2102,18.2233,66.5819,56.5679,86.467,155.401,182.118,323.303,403.255,742.472,808.723,1383.09,15.8189,18.7364,41.6564,69.4042,100.38,133.638,160.957,274.084,413.122,525.279,897.151,1008.9,12.7898,19.3264,41.7389,55.9513,77.2947,127.491,151.29,332.578,342.346,596.949,621.185,1212.95,13.7289,18.8495,33.0853,46.6059,71.35,130.5,174.534,179.418,327.702,655.124,628.327,884.968,17.0457,18.9266,39.3408,54.3321,76.1789,89.6781,141.917,198.48,250.232,371.497,596.923,761.566,9.87716,14.1481,33.1866,42.7678,70.5667,156.219,97.9426,150.845,258.831,426.485,592.884,744.078,15.5594,17.5369,33.1255,44.7989,44.8453,140.637,128.726,165.272,255.49,329.648,392.47,820.85,7.72757,19.1417,28.9234,36.5941,62.032,94.7327,95.3294,169.915,164.62,314.962,466.234,819.807,15.0002,13.3553,14.6227,26.865,41.2752,59.3846,121.997,130.069,147.49,373.144,341.262,686.906,3.79724,8.57011,12.3528,17.9559,21.2967,103.765,76.1011,84.5506,243.793,379.881,458.827,652.626,2.99687,4.0005,11.2083,28.8684,19.9296,28.2745,138.158,75.0256,173.208,209.397,261.065,655.414,3.46838,4.19403,11.4579,16.0334,23.1312,34.0013,52.2121,64.7072,59.5521,224.869,241.715,426.603,2.60655,4.13602,6.72217,8.02118,9.5625,34.0033,45.5268,48.4159,121.92,96.6542,198.684,566.298,2.8091,3.93097,5.68282,6.82909,9.70965,11.5566,23.4213,40.075,98.151,163.627,193.347,350.108,2.29341,3.59502,6.05406,6.27129,11.1193,11.7491,16.1803,37.6078,41.2941,82.8966,89.2715,192.708,2.05687,2.98169,5.4745,6.79123,9.36353,8.47933,13.6993,21.1553,18.4523,51.2374,56.0167,262.752,2.04133,2.96417,5.46554,6.40826,8.44588,7.8471,16.0075,15.4959,15.1274,23.9064,97.4374,69.803,2.30398,2.68808,4.74723,4.89536,6.17982,12.0401,13.6838,15.0342,13.4036,21.6801,31.9214,51.7364,1.93902,2.62314,3.52977,3.63237,6.4903,9.53235,10.8633,9.02541,16.3447,16.8889,22.3333,47.8238,1.96068,2.5339,3.30336,4.02444,5.18693,7.10284,7.79322,12.5987,13.6271,20.0312,27.5067,41.9178
19600,20.4714,23.6,50.1722,113.314,89.7045,182.158,267.62,355.467,461.433,608.799,1161.73,1530.67,19.0116,27.2376,71.4896,71.3069,121.067,154.007,158.947,322.528,441.021,539.787,1041.3,1421.21,9.06197,27.1236,63.5798,85.4154,104.931,175.216,254.923,228.279,529.599,681.821,812.685,1032.41,11.1948,27.3644,56.5489,99.7306,103.434,153.486,198.073,282.422,452.234,578.262,755.284,1038.56,13.2492,26.5474,49.7004,78.7762,102.405,127.879,188.312,393.211,398.851,649.781,882.072,1378.91,15.2102,23.0932,66.5819,56.5679,88.3779,145.472,182.118,327.437,391.014,773.857,808.723,1383.09,15.8189,18.9146,41.9207,69.4042,100.38,133.638,160.957,305.993,362.463,525.279,897.151,1008.9,12.8563,19.268,41.7389,56.0003,77.1068,133.419,145.527,332.595,331.804,596.966,621.185,1105.08,14.2595,18.3608,30.6354,49.0797,59.1706,119.773,152.339,186.239,337.492,656.221,628.327,908.887,17.2412,19.5876,40.0425,54.2649,79.3258,97.2379,137.966,197.742,247.907,371.433,608.414,756.837,9.34285,14.3532,32.2469,41.2582,70.0663,153.499,120.987,151.44,235.756,390.159,592.854,740.685,18.7138,16.0139,33.511,45.6892,45.6913,141.266,150.303,166.794,250.557,321.77,455.359,820.804,7.74906,19.6494,26.5903,34.936,66.5107,95.002,96.39,170.036,157.132,313.265,472.531,813.779,14.5921,14.4114,13.9222,25.8127,39.227,57.193,120.923,146.464,146.378,369.132,326.184,639.785,3.65472,7.31288,12.3554,25.0204,26.1727,96.2014,74.8126,89.0506,279.932,364.084,463.086,669.361,3.07294,3.94656,11.1677,28.4909,20.5419,18.1995,133.346,49.6902,167.548,204.137,246.321,619.977,3.42463,3.99455,11.6315,19.1027,23.8522,33.557,49.1487,69.7346,57.7278,218.345,236.921,566.745,2.7426,4.33366,5.38594,7.93232,9.70856,30.9657,44.412,49.3124,113.921,95.3933,199.74,499.678,2.70563,3.76169,6.46652,6.67936,9.28944,11.8736,21.116,39.1207,77.6447,250.972,173.34,347.894,2.61456,3.59533,6.59464,6.18651,10.6508,11.4817,15.6012,43.4274,44.505,82.1162,90.4939,198.836,2.46693,2.78562,5.64857,8.67181,9.12454,8.3023,13.1217,20.6808,19.5817,48.9039,53.0449,258.348,2.06672,2.9619,5.24965,5.94188,8.20138,8.02112,15.3475,15.1636,14.6643,22.4201,89.5719,71.2217,2.18909,2.58349,4.61155,5.03144,6.80988,13.0842,14.084,15.8609,13.2311,21.0375,32.4542,52.4991,1.77615,2.70859,3.39128,3.54292,7.55718,9.59984,14.5448,9.56013,16.5694,16.5,23.8333,48.3139,1.89555,2.3414,3.14787,4.08982,4.98945,7.20869,7.83957,12.4239,14.1671,20.3001,27.5967,42.2576
19700,21.4981,23.1839,50.9785,116.75,87.7193,182.158,267.62,355.467,482.012,608.799,1161.73,1511.78,19.0116,27.2376,69.4622,78.0288,121.067,148.807,165.028,322.528,347.922,552.209,1041.3,1421.21,10.8133,24.0136,58.802,82.8561,106.093,143.777,254.923,217.839,529.599,656.083,782.378,1019.97,11.1948,27.8364,57.0322,101.546,103.434,137.75,198.073,282.422,422.417,560.096,832.042,1052.53,13.2492,26.5474,49.7004,75.6402,100.442,127.879,256.806,379.938,398.851,740.086,882.072,1340.72,15.2102,24.0359,66.5819,55.1348,84.1852,145.412,182.118,327.437,373.489,732.306,808.723,1383.09,15.6885,19.0055,41.9207,66.5444,100.38,133.638,160.957,305.993,413.122,525.279,859.081,1008.9,12.6931,18.8956,41.7389,56.9042,77.1076,133.425,151.184,332.588,332.52,596.966,523.857,1239.45,13.5447,18.3996,30.7527,49.959,69.3359,122.92,177.083,186.208,337.531,656.242,628.312,884.968,15.9334,20.8043,39.6785,55.8913,76.1126,95.7822,144.982,198.703,232.794,349.322,470.826,756.827,11.7378,14.8663,33.1679,41.2727,70.6981,149.568,118.282,150.749,264.316,432.275,592.745,740.829,19.4349,17.0211,32.7694,44.0572,43.9291,128.299,152.041,169.442,253.277,326.403,392.465,767.119,8.32984,18.6915,24.8104,36.8752,67.7606,94.3928,92.5267,168.23,170.724,337.819,469.222,804.551,14.5892,13.541,14.1113,25.2965,44.4231,59.5328,119.396,141.708,145.066,377.391,326.261,744.41,3.63201,8.77313,11.9531,19.422,21.5467,77.0959,72.8934,84.7203,270.777,376.921,464.08,609.753,2.96339,3.78222,10.8829,28.1897,20.7092,19.6632,128.213,73.5491,170.848,201.235,258.582,647.813,3.24302,4.12871,11.7353,17.5416,24.4485,29.8163,50.7478,74.7297,58.4952,215.096,227.23,493.049,2.59913,4.3557,5.49548,8.82452,9.22243,30.4522,47.6259,49.3804,110.728,89.882,195.834,587.887,2.6189,3.70109,6.55118,6.42517,9.10791,12.1679,20.6618,38.2137,94.5411,248.796,175.191,347.687,2.5529,4.80294,7.45125,6.27528,10.3972,11.2473,16.1765,25.8348,42.1774,80.1842,106.492,173.735,2.35304,2.74248,5.33786,7.41389,8.84274,8.19818,12.1537,21.7745,19.2367,50.4182,53.3057,134.179,2.09567,2.87981,4.95537,5.9535,8.60823,8.18191,14.9459,14.649,14.6076,22.2631,97.6689,70.1693,2.27414,2.64192,4.30559,4.85125,6.72728,12.3848,13.7037,14.1978,13.6531,20.7939,33.2543,51.5148,1.91785,2.51321,3.32828,3.57323,6.92352,9.16362,13.049,9.69048,15.3202,16.6667,21,46.7341,2.01737,2.26577,3.15404,4.06639,4.94038,7.38244,7.78054,12.2388,13.425,20.1472,27.4596,42.6021
19800,18.9019,25.4355,47.1592,114.006,87.7193,179.644,267.62,355.467,482.012,608.799,1161.73,1530.67,19.0116,28.8173,71.4896,78.0288,121.067,147.442,156.606,319.675,441.021,539.787,917.01,1408.29,10.8133,27.1236,55.402,75.0147,92.2022,143.777,254.339,227.935,521.266,681.821,719.808,1032.41,11.1948,28.0063,57.0322,101.546,103.434,153.486,197.326,251.861,395.723,553.387,832.042,1026.61,13.2492,26.5474,49.7004,74.5762,104.331,127.879,281.734,407.634,398.851,760.581,882.072,1378.91,15.2102,22.8935,66.5819,56.5679,86.467,145.412,179.01,327.437,403.255,773.857,808.723,1373.11,15.6885,19.0055,41.9207,61.1469,99.305,129.867,160.957,287.648,413.122,525.279,897.167,1008.9,12.7627,18.3665,40.2198,53.9742,76.9121,126.836,151.298,288.312,368.092,576.988,621.185,1239.45,13.6776,18.5589,31.4316,49.9471,70.2298,129.53,181.058,186.238,337.436,656.221,628.305,884.968,16.0679,19.6751,39.9639,55.1111,76.7987,98.6282,143.32,197.557,253.094,372.247,600.878,756.851,12.0024,14.287,32.2473,42.2468,69.3323,154.844,119.026,152.394,271.61,434.592,592.73,740.674,15.9247,16.3627,33.7871,39.8934,43.0437,143.988,144.833,167.18,236.615,324.61,392.394,821.095,9.77495,17.298,27.5962,34.1959,66.6901,94.7364,90.6217,168.917,170.206,297.363,472.57,817.155,14.0931,15.2647,13.6635,21.7637,43.297,58.9452,122.085,140.362,137.865,371.133,324.982,650.425,3.64116,8.96895,11.5928,24.9528,26.1667,100.976,62.1672,89.724,278.3,375.237,462.289,671.345,2.91357,3.80184,9.64573,32.9923,20.7652,27.0653,129.766,76.2726,164.128,240.314,358.534,648.341,3.17844,4.06854,11.5137,19.0914,25.2532,34.3429,49.6588,74.859,56.6957,217.211,163.28,563.076,2.67098,4.17165,5.76,8.33646,9.28428,29.3198,46.7704,48.6388,118.152,88.6837,189.557,536.245,4.08609,3.39775,6.8254,6.77474,7.96766,12.1934,20.3562,41.5202,90.5772,238.755,166.075,335.456,2.54873,5.00712,7.38816,6.1061,10.3471,10.8513,16.3726,25.4537,41.5194,81.378,120.055,174.501,2.33079,2.66707,5.0738,8.7502,8.75441,8.51976,12.3195,21.3649,20.273,47.5957,56.3031,170.503,2.12486,2.69647,4.82251,5.56912,8.70587,7.82283,14.1989,14.4005,13.9924,22.8163,92.2515,64.1111,2.40518,2.59362,4.15149,4.92097,6.68618,11.5463,14.1331,13.9915,13.8894,21.238,32.991,50.2409,1.85664,2.33549,3.4787,3.77081,6.79382,8.86533,14.7525,9.07937,14.8522,17,20.3333,47.7899,1.99543,2.11249,3.1927,4.22625,4.82913,7.21215,7.653,12.3915,13.6497,19.8326,27.1122,41.7336
19900,21.4981,24.2358,51.515,110.655,87.7193,182.158,267.62,355.616,482.012,590.747,1097.4,1530.67,19.0116,27.2376,71.4896,74.3019,106.354,154.007,165.028,282.823,331.937,518.54,1041.3,1354.19,10.8133,24.8933,57.6631,85.4154,104.931,138.834,219.101,230.092,541.899,681.821,722.259,1032.41,10.415,28.7588,57.0322,101.546,103.434,150.675,198.073,282.422,422.417,578.262,832.042,1038.56,12.6931,24.559,49.7004,76.9606,102.405,127.879,281.931,436.631,398.851,740.086,801.312,1358.52,15.2102,24.0359,66.5819,54.3518,69.0182,135.818,182.118,323.667,403.255,773.857,781.878,1353.52,15.6885,18.9264,40.1009,69.4042,100.366,133.638,143.058,305.993,352.69,525.279,897.167,1008.9,13.1083,16.9222,41.76,55.7453,74.5386,119.74,153.021,332.612,379.937,596.982,693.089,1239.45,13.9616,18.9312,30.7532,48.7891,70.2194,132.797,181.058,186.254,270.021,656.221,628.305,885.012,16.856,19.8775,40.1343,53.244,76.9318,95.655,142.47,196.025,228.229,365.47,590.131,748.431,11.2117,12.9815,31.7339,42.2135,67.9021,149.689,117.481,151.386,272.636,437.091,588.811,740.821,15.1254,15.8157,31.494,41.7126,43.5667,143.152,142.506,165.773,219.145,324.787,392.412,821.362,9.24226,19.3219,26.1653,38.472,65.2047,81.7409,93.4737,166.266,179.846,305.51,450.318,820.913,14.0227,14.1031,13.5458,25.1084,41.3222,58.8264,123.202,142.232,146.152,364.925,323.959,745.03,3.5063,8.77285,11.5624,26.0383,25.767,102.571,74.1801,79.2674,275.937,384.081,465.257,658.282,2.99299,3.75241,10.4841,31.7785,20.2496,26.0702,99.8364,75.8019,167.203,199.19,258.237,552.687,2.86436,4.0684,11.5205,20.1226,16.8066,31.443,49.7001,73.1084,56.8789,179.649,170.187,721.788,2.58444,3.78434,6.13432,8.40452,9.19776,28.7212,45.7149,49.1729,86.0766,91.7497,189.274,470.509,3.42974,3.34945,6.47826,7.69584,7.99483,11.9385,20.1779,41.7491,89.5459,184.71,153.578,344.951,2.58883,4.55899,7.05337,5.86799,10.0647,10.7529,16.7037,27.0977,40.9349,79.3273,112.189,190.243,2.39907,2.75892,5.05071,7.76619,8.35071,8.88916,12.118,22.6691,20.0179,47.2919,56.4184,264.926,2.02235,2.65867,4.63754,5.42825,8.38239,8.19121,13.8911,14.3936,14.2669,22.786,88.1362,67.6776,2.07861,2.50855,4.51899,4.86515,7.29072,11.1847,14.4998,12.9231,13.2454,22.1147,33.0508,48.1017,1.92506,2.33403,3.28608,3.86015,6.29695,8.52599,16.4321,8.72959,14.4508,15.9444,25.3333,48.4254,2.00983,2.13859,3.12161,4.16607,4.76582,7.17682,7.74453,12.2777,13.3631,19.4234,27.5297,41.7885
20000,21.4981,25.3338,50.9785,116.75,87.7193,182.158,267.62,355.467,482.012,608.799,1161.73,1530.67,19.0116,24.439,69.9735,74.6442,126.322,154.007,165.028,322.313,441.021,539.787,903.072,1421.21,10.8133,26.9167,57.6631,94.6242,104.931,143.777,254.923,230.092,529.599,664.649,722.259,1032.41,11.1948,28.7588,58.1899,101.546,103.434,153.486,198.073,282.422,392.322,578.262,832.042,1217.87,13.2651,24.4615,49.7004,66.5093,102.405,127.879,281.734,383.512,398.851,591.286,882.072,1378.91,14.9981,24.0359,58.4892,56.5679,85.0998,138.85,181.255,329.748,363.516,769.377,782.189,1383.09,15.6885,18.9163,40.1735,69.3931,100.366,133.645,178.326,305.993,413.122,504.484,897.167,1008.9,12.9731,17.9076,41.9352,55.2595,74.3726,132.931,146.643,330.5,379.937,596.982,621.185,1223.69,13.606,19.3789,30.997,47.071,70.2679,125.017,181.058,186.26,337.317,656.221,630.759,791.215,17.5448,19.3271,37.8185,55.9285,78.0902,96.0582,138.252,196.243,230.351,343.347,613.689,748.382,9.34049,12.8452,29.1459,40.7797,71.1525,153.602,117.941,152.619,275.497,437.251,592.684,733.936,15.9326,16.5442,31.7106,45.9292,43.4443,141.536,145.5,164.824,212.717,320.473,392.414,708.196,9.71667,19.5359,27.0144,33.9572,60.4664,95.2522,93.1504,173.068,176.119,313.768,470.211,821.108,14.5225,13.398,13.2072,24.4378,43.0328,58.6365,99.818,142.838,153.442,364.594,325.539,745.53,3.50032,9.0489,11.7743,24.242,25.2897,100.77,74.4747,80.4611,275.256,381.138,433.674,672.576,3.03315,3.75883,10.1869,32.2693,20.5669,25.3374,118.282,73.8578,167.376,196.738,243.382,646.626,2.85516,3.99911,13.0594,19.8548,27.6477,33.4202,51.4419,72.1347,57.5402,219.295,227.89,570.626,2.60199,4.01766,5.75446,8.33126,9.51143,29.5477,44.3054,48.3369,96.6325,103.248,187.188,438.234,3.13288,3.23498,6.67802,8.62271,8.25637,11.7539,20.7712,54.573,87.3328,255.561,169.483,342.775,2.52004,4.37582,6.97376,5.7829,9.89704,10.7281,15.8646,26.6907,42.1541,90.7255,137.816,189.599,2.26529,2.57701,4.92522,6.45813,13.0875,13.1287,12.1897,20.0775,20.0826,47.3422,55.6093,249.68,2.10123,2.73223,4.4917,5.2662,8.20239,9.62881,14.2238,13.9387,13.6916,22.6677,85.7217,68.8915,2.09813,2.50219,4.28769,5.47185,8.21082,10.7253,14.2157,12.8855,13.8751,21.019,32.8526,51.3181,1.88588,2.34442,3.38493,3.80226,5.96342,8.75741,16.6333,9.51701,13.8746,16.3333,24.3333,46.4167,1.97059,2.09853,3.11223,3.91068,4.86075,7.25118,7.66805,12.4185,13.8512,19.7255,27.1307,42.5195
